sku_code,sku_description,client_code,client_name,id_producing_plant,producing_plant,type,moq,lead_time,safety_stock,ratio,integration_id,record_key_hash,execution_id,workflow_execution_id,create_timestamp,last_updated_timestamp
AA780634,PINK TING US CUSTOMER 10OZ,66317,Iberia_Foods_NY,100011087,Brooklyn BM,Finish Good,25,30,45,1.0,AA780634~PINK TING US CUSTOMER 10OZ~66317~Iberia_Foods_NY~100011087~Brooklyn BM~25~30~45~1.0,4ff0ba143da4ed4ca69fcf09d7859162a82491c77c1e4e2c410f6a9891c71e14,ec90ebd6-1d0e-4c72-82d9-5015105a6157,874a2e23-91fb-432b-911c-306081a6e296,2026-02-25T12:09:40.036Z,2026-02-25T12:09:40.036Z
AA583601,Gingerbr 20onz,66402,C.E.L._Distributors,J001,Jamaica Exports (PCJ),Finish Good,25,30,45,1.0,AA583601~Gingerbr 20onz~66402~C.E.L._Distributors~J001~Jamaica Exports (PCJ)~25~30~45~1.0,e9cd8ab756232826909fa986161314df00cb5d4a0e560c193c6ced5ae4acaf57,ec90ebd6-1d0e-4c72-82d9-5015105a6157,874a2e23-91fb-432b-911c-306081a6e296,2026-02-25T12:09:40.036Z,2026-02-25T12:09:40.036Z
AA778389,Kolachamp BIB 5 In Box,66402,C.E.L._Distributors,J001,Jamaica Exports (PCJ),Finish Good,25,30,45,1.0,AA778389~Kolachamp BIB 5 In Box~66402~C.E.L._Distributors~J001~Jamaica Exports (PCJ)~25~30~45~1.0,50ae1ce49338d9c4b17ce945dc8fe419a31e73ccf6c4c0f8cc45a5003777a93e,ec90ebd6-1d0e-4c72-82d9-5015105a6157,874a2e23-91fb-432b-911c-306081a6e296,2026-02-25T12:09:40.036Z,2026-02-25T12:09:40.036Z
421690,Cloudifier Flavouring Emulsion 14502590,100011123,Refresco,100010034,IFF,Concentrado,25,30,45,1.0,421690~Cloudifier Flavouring Emulsion 14502590~100011123~Refresco~100010034~IFF~25~30~45~1.0,5f391b51268e58072adeb2ab169ba7821dfb8ee6e995ffc1fe21dad4beb25848,ec90ebd6-1d0e-4c72-82d9-5015105a6157,874a2e23-91fb-432b-911c-306081a6e296,2026-02-25T12:09:40.036Z,2026-02-25T12:09:40.036Z
435452,Pineapple Flavouring Liquid SC1068345,100011123,Refresco,100010034,IFF,Concentrado,25,30,45,1.0,435452~Pineapple Flavouring Liquid SC1068345~100011123~Refresco~100010034~IFF~25~30~45~1.0,9d49ddaf4d201ae40a7af3f61a08f16e89ac15d06dde672e51814b3997946575,ec90ebd6-1d0e-4c72-82d9-5015105a6157,874a2e23-91fb-432b-911c-306081a6e296,2026-02-25T12:09:40.036Z,2026-02-25T12:09:40.036Z
BA019266,COSECHA PURA MANGO 200 ML TP 6.,2060892,Mexico,SP00,Livsmart,Finish Good,25,30,45,1.0,BA019266~COSECHA PURA MANGO 200 ML TP 6.~2060892~Mexico~SP00~Livsmart~25~30~45~1.0,c0a0bdb37eded5c1dd0a029df4e855479683a15830538a3a55ee7536b7752f66,ec90ebd6-1d0e-4c72-82d9-5015105a6157,874a2e23-91fb-432b-911c-306081a6e296,2026-02-25T12:09:40.036Z,2026-02-25T12:09:40.036Z
BA019193,MIX COSECHA PURA 200 ML 2MZA/2DUR/2MGO TP 6.,2060892,Mexico,SP00,Livsmart,Finish Good,25,30,45,1.0,BA019193~MIX COSECHA PURA 200 ML 2MZA/2DUR/2MGO TP 6.~2060892~Mexico~SP00~Livsmart~25~30~45~1.0,f6efa1eba437913ba00144e6e0da92ee47ac1fd41d0cdfe4cf51a0cf574b0a47,ec90ebd6-1d0e-4c72-82d9-5015105a6157,874a2e23-91fb-432b-911c-306081a6e296,2026-02-25T12:09:40.036Z,2026-02-25T12:09:40.036Z
AA780392,TING US CUSTUMER 10ONZ,66888,INTERNATIONAL WORLD FOODS,100011087,Brooklyn BM,Finish Good,25,30,45,1.0,AA780392~TING US CUSTUMER 10ONZ~66888~INTERNATIONAL WORLD FOODS~100011087~Brooklyn BM~25~30~45~1.0,801ceacdc9129744e90161772459c3d744d894173860e3422ee19ee8fbb2864e,ec90ebd6-1d0e-4c72-82d9-5015105a6157,874a2e23-91fb-432b-911c-306081a6e296,2026-02-25T12:09:40.036Z,2026-02-25T12:09:40.036Z
BA022756,OJGB 4x6 330 ML LATA X24,68341,ASIA EXPRESS FOOD BV,100008711,DAMM GLOBAL,Finish Good,25,30,45,1.0,BA022756~OJGB 4x6 330 ML LATA X24~68341~ASIA EXPRESS FOOD BV~100008711~DAMM GLOBAL~25~30~45~1.0,4f85cef50c87d7e09a4446c1126b2a06682237eaa5a838126ae2e064e540cef7,ec90ebd6-1d0e-4c72-82d9-5015105a6157,874a2e23-91fb-432b-911c-306081a6e296,2026-02-25T12:09:40.036Z,2026-02-25T12:09:40.036Z
BA019170,BEBIDA PETIT PR 200ML X24 CORR,66274,Corripio,SP00,Livsmart,Finish Good,25,30,45,0.0,BA019170~BEBIDA PETIT PR 200ML X24 CORR~66274~Corripio~SP00~Livsmart~25~30~45~0.0,ee81d1f06e03e4bb38a9dcc5997f558aba044e2984e047068a0489c657729cdd,ec90ebd6-1d0e-4c72-82d9-5015105a6157,874a2e23-91fb-432b-911c-306081a6e296,2026-02-25T12:09:40.036Z,2026-02-25T12:09:40.036Z
600442,GINGER BEER CONCENTRATE EXPORT,J001,Jamaica Exports (PCJ),100009382,CFF,Concentrado,25,30,45,1.0,600442~GINGER BEER CONCENTRATE EXPORT~J001~Jamaica Exports (PCJ)~100009382~CFF~25~30~45~1.0,8af2a6305096fd8cbe14a00cd26f1f984250c0e25ae6d7b780f939cfaece6018,ec90ebd6-1d0e-4c72-82d9-5015105a6157,874a2e23-91fb-432b-911c-306081a6e296,2026-02-25T12:09:40.036Z,2026-02-25T12:09:40.036Z
BA003162,CARBONATADAS_MANZANA_355 MLLATA,66384,Brooklyn,100011087,Brooklyn BM,Finish Good,25,30,45,1.0,BA003162~CARBONATADAS_MANZANA_355 MLLATA~66384~Brooklyn~100011087~Brooklyn BM~25~30~45~1.0,a866e404d103c764a74d77e80d6b90a9fc53dfab48f463873dd717ba388bcce5,ec90ebd6-1d0e-4c72-82d9-5015105a6157,874a2e23-91fb-432b-911c-306081a6e296,2026-02-25T12:09:40.036Z,2026-02-25T12:09:40.036Z
AA761389,Kola US 20onz Export,66402,C.E.L._Distributors,J001,Jamaica Exports (PCJ),Finish Good,25,30,45,1.0,AA761389~Kola US 20onz Export~66402~C.E.L._Distributors~J001~Jamaica Exports (PCJ)~25~30~45~1.0,43fab9b19e4e7aa0dc9d7991fb66c812745ee06f09aa0916e67564f3a4eb1c32,ec90ebd6-1d0e-4c72-82d9-5015105a6157,874a2e23-91fb-432b-911c-306081a6e296,2026-02-25T12:09:40.036Z,2026-02-25T12:09:40.036Z
BA018945,BEBIDA PETIT DZ 200ML X24 CORR,66274,Corripio,SP00,Livsmart,Finish Good,25,30,45,0.0,BA018945~BEBIDA PETIT DZ 200ML X24 CORR~66274~Corripio~SP00~Livsmart~25~30~45~0.0,90873279bb02735125bb2843ee38d8e331ec341071c048a15b138d3a071b59d0,ec90ebd6-1d0e-4c72-82d9-5015105a6157,874a2e23-91fb-432b-911c-306081a6e296,2026-02-25T12:09:40.036Z,2026-02-25T12:09:40.036Z
AA781391,GRAPE US CUSTOMER 12ONZ,66318,Sunburst_Trading,100011087,Brooklyn BM,Finish Good,25,30,45,1.0,AA781391~GRAPE US CUSTOMER 12ONZ~66318~Sunburst_Trading~100011087~Brooklyn BM~25~30~45~1.0,d4138ed25185eb237628e2f880adb86983286b9cca8f0c2461bc5cc652097822,ec90ebd6-1d0e-4c72-82d9-5015105a6157,874a2e23-91fb-432b-911c-306081a6e296,2026-02-25T12:09:40.036Z,2026-02-25T12:09:40.036Z
426243,GINGER BEER CONC. SC340480,J001,Jamaica Exports (PCJ),100010034,IFF,Concentrado,25,30,45,1.0,426243~GINGER BEER CONC. SC340480~J001~Jamaica Exports (PCJ)~100010034~IFF~25~30~45~1.0,5830f607031040d4e3a65abc98533a6a9c516323106ed2da655a662799d096d1,ec90ebd6-1d0e-4c72-82d9-5015105a6157,874a2e23-91fb-432b-911c-306081a6e296,2026-02-25T12:09:40.036Z,2026-02-25T12:09:40.036Z
421574,CONC. CREAM SODA EXPORT 55 GAL,100011087,Brooklyn,100009382,CFF,Concentrado,25,30,45,1.0,421574~CONC. CREAM SODA EXPORT 55 GAL~100011087~Brooklyn~100009382~CFF~25~30~45~1.0,0277fd76d05f5990e64bfb5a5c145e9ec71ff13fea4fc3633501d01f558bdc51,ec90ebd6-1d0e-4c72-82d9-5015105a6157,874a2e23-91fb-432b-911c-306081a6e296,2026-02-25T12:09:40.036Z,2026-02-25T12:09:40.036Z
AA780392,TING US CUSTUMER 10ONZ,66317,Iberia_Foods_NY,100011087,Brooklyn BM,Finish Good,25,30,45,1.0,AA780392~TING US CUSTUMER 10ONZ~66317~Iberia_Foods_NY~100011087~Brooklyn BM~25~30~45~1.0,441cdd82ff1b3f620f0e1599f534e18bfac37ea29c03f9f357ebcdc11ebd7503,ec90ebd6-1d0e-4c72-82d9-5015105a6157,874a2e23-91fb-432b-911c-306081a6e296,2026-02-25T12:09:40.036Z,2026-02-25T12:09:40.036Z
AA783600,Cream Soda CDN Customer 12onz,67153,National_Dry,100010426,Canadá_NationalDry,Finish Good,25,30,45,1.0,AA783600~Cream Soda CDN Customer 12onz~67153~National_Dry~100010426~Canadá_NationalDry~25~30~45~1.0,c4fec4fa249bc5ea5f025e690bc3fcaf498aaa3612ed11091b254f22c75c1586,ec90ebd6-1d0e-4c72-82d9-5015105a6157,874a2e23-91fb-432b-911c-306081a6e296,2026-02-25T12:09:40.036Z,2026-02-25T12:09:40.036Z
436528,FOAMING HEADING AGENT,100010426,Canadá_NationalDry,100010034,IFF,Concentrado,25,30,45,1.0,436528~FOAMING HEADING AGENT~100010426~Canadá_NationalDry~100010034~IFF~25~30~45~1.0,292c1c4f18a0376e2b77c53c3e65f431059eda6942b0ca853c4b548c6d3c1dc7,ec90ebd6-1d0e-4c72-82d9-5015105a6157,874a2e23-91fb-432b-911c-306081a6e296,2026-02-25T12:09:40.036Z,2026-02-25T12:09:40.036Z
AA760392,Ting 2 Liters Export,66384,Brooklyn,100011087,Brooklyn BM,Finish Good,25,30,45,1.0,AA760392~Ting 2 Liters Export~66384~Brooklyn~100011087~Brooklyn BM~25~30~45~1.0,465425c3f28fb69cf5baf054844dac610eb3f1d07107ce66006c0bb57dfd02c5,ec90ebd6-1d0e-4c72-82d9-5015105a6157,874a2e23-91fb-432b-911c-306081a6e296,2026-02-25T12:09:40.036Z,2026-02-25T12:09:40.036Z
AA780634,PINK TING US CUSTOMER 10OZ,66888,INTERNATIONAL WORLD FOODS,100011087,Brooklyn BM,Finish Good,25,30,45,1.0,AA780634~PINK TING US CUSTOMER 10OZ~66888~INTERNATIONAL WORLD FOODS~100011087~Brooklyn BM~25~30~45~1.0,cf2a57c7484d8f7e2ff8d87e3e7b19249fbf2cba321804a93529c13c0ea28971,ec90ebd6-1d0e-4c72-82d9-5015105a6157,874a2e23-91fb-432b-911c-306081a6e296,2026-02-25T12:09:40.036Z,2026-02-25T12:09:40.036Z
AA758604,GBeer-SPC 12onz Exp Glass,66318,Sunburst_Trading,100011087,Brooklyn BM,Finish Good,25,30,45,1.0,AA758604~GBeer-SPC 12onz Exp Glass~66318~Sunburst_Trading~100011087~Brooklyn BM~25~30~45~1.0,cf5ba1247c83a1792c5388e888f453b04c91c9be511b8e7a24d114f3a7c20b6f,ec90ebd6-1d0e-4c72-82d9-5015105a6157,874a2e23-91fb-432b-911c-306081a6e296,2026-02-25T12:09:40.036Z,2026-02-25T12:09:40.036Z
600399,JARABE TERMINADO PINK TING MIX EXPORT,100011087,Brooklyn,400000096,Jamaica Exports (PCJ),Concentrado,25,30,45,1.0,600399~JARABE TERMINADO PINK TING MIX EXPORT~100011087~Brooklyn~400000096~Jamaica Exports (PCJ)~25~30~45~1.0,9f01f91399e64f8f6494a2cb694526d8e06b83eeb5662a5f90bc1b9b670103cf,ec90ebd6-1d0e-4c72-82d9-5015105a6157,874a2e23-91fb-432b-911c-306081a6e296,2026-02-25T12:09:40.036Z,2026-02-25T12:09:40.036Z
436528,FOAMING HEADING AGENT,100011087,Brooklyn,100010034,IFF,Concentrado,25,30,45,1.0,436528~FOAMING HEADING AGENT~100011087~Brooklyn~100010034~IFF~25~30~45~1.0,68cac8f19f8d97b5865988a9c19b54c60e53d2d1604b40ec15c92ce0dae13f2c,ec90ebd6-1d0e-4c72-82d9-5015105a6157,874a2e23-91fb-432b-911c-306081a6e296,2026-02-25T12:09:40.036Z,2026-02-25T12:09:40.036Z
AA819392,Ting 2 Liters Pads,66402,C.E.L._Distributors,J001,Jamaica Exports (PCJ),Finish Good,25,30,45,1.0,AA819392~Ting 2 Liters Pads~66402~C.E.L._Distributors~J001~Jamaica Exports (PCJ)~25~30~45~1.0,b733ef9ffbfb8fc64d2de408308264d512c9e8ee32b9ab3702ef48aa2a08e3e3,ec90ebd6-1d0e-4c72-82d9-5015105a6157,874a2e23-91fb-432b-911c-306081a6e296,2026-02-25T12:09:40.036Z,2026-02-25T12:09:40.036Z
AA781390,PINEAPPLE US CUSTOMER 12ONZ,66318,Sunburst_Trading,100011087,Brooklyn BM,Finish Good,25,30,45,1.0,AA781390~PINEAPPLE US CUSTOMER 12ONZ~66318~Sunburst_Trading~100011087~Brooklyn BM~25~30~45~1.0,dbc419b4d0d2466629c809bcb30e61cd8d6095bc51c09189bb589ed0048c5c8f,ec90ebd6-1d0e-4c72-82d9-5015105a6157,874a2e23-91fb-432b-911c-306081a6e296,2026-02-25T12:09:40.036Z,2026-02-25T12:09:40.036Z
BA019174,BEBIDA PETIT SURT 200ML 24/6PK COR,66274,Corripio,100011805,Idealsa,Finish Good,25,30,45,0.4,BA019174~BEBIDA PETIT SURT 200ML 24/6PK COR~66274~Corripio~100011805~Idealsa~25~30~45~0.4,6695f51a85bf963448829e1553e32d465f07803b91c6fb4edf7196c4d4d16f34,ec90ebd6-1d0e-4c72-82d9-5015105a6157,874a2e23-91fb-432b-911c-306081a6e296,2026-02-25T12:09:40.036Z,2026-02-25T12:09:40.036Z
435021,COLOR TROPICAL,100011123,Refresco,100009700,FISA,Concentrado,25,30,45,1.0,435021~COLOR TROPICAL~100011123~Refresco~100009700~FISA~25~30~45~1.0,65d7155e1e4470715435e1588c86cdf5b7724e9f1d1860712f3efe8a2d75829d,ec90ebd6-1d0e-4c72-82d9-5015105a6157,874a2e23-91fb-432b-911c-306081a6e296,2026-02-25T12:09:40.036Z,2026-02-25T12:09:40.036Z
AA780392,TING US CUSTUMER 10ONZ,66310,Iberia_Foods_NE,100011087,Brooklyn BM,Finish Good,25,30,45,1.0,AA780392~TING US CUSTUMER 10ONZ~66310~Iberia_Foods_NE~100011087~Brooklyn BM~25~30~45~1.0,7f434f623d223bae75d2731583f4e894876309c9d95af7888b13aa5167b16c94,ec90ebd6-1d0e-4c72-82d9-5015105a6157,874a2e23-91fb-432b-911c-306081a6e296,2026-02-25T12:09:40.036Z,2026-02-25T12:09:40.036Z
AA781389,KOLA CHAMPAGNE US CUSTOMER 12ONZ,66303,Grayco_Sales,100011087,Brooklyn BM,Finish Good,25,30,45,1.0,AA781389~KOLA CHAMPAGNE US CUSTOMER 12ONZ~66303~Grayco_Sales~100011087~Brooklyn BM~25~30~45~1.0,26e2b76eb0b11648665d56802257b2720b024c875a928796cec1bf64e1e1809e,ec90ebd6-1d0e-4c72-82d9-5015105a6157,874a2e23-91fb-432b-911c-306081a6e296,2026-02-25T12:09:40.036Z,2026-02-25T12:09:40.036Z
AA761392,Ting US EX 20onz Export,66317,Iberia_Foods_NY,J001,Jamaica Exports (PCJ),Finish Good,25,30,45,1.0,AA761392~Ting US EX 20onz Export~66317~Iberia_Foods_NY~J001~Jamaica Exports (PCJ)~25~30~45~1.0,e15d2219b405811d399533f151951fa7ff824b8032def88251ec37499bfe9020,ec90ebd6-1d0e-4c72-82d9-5015105a6157,874a2e23-91fb-432b-911c-306081a6e296,2026-02-25T12:09:40.036Z,2026-02-25T12:09:40.036Z
BA018473,TING 2L PET,66310,Iberia_Foods_NE,100011087,Brooklyn BM,Finish Good,25,30,45,1.0,BA018473~TING 2L PET~66310~Iberia_Foods_NE~100011087~Brooklyn BM~25~30~45~1.0,73a1be2221b9ce64d03913fc2b9114c79c73c91a4a931ad8f78cec0bae5db5a1,ec90ebd6-1d0e-4c72-82d9-5015105a6157,874a2e23-91fb-432b-911c-306081a6e296,2026-02-25T12:09:40.036Z,2026-02-25T12:09:40.036Z
AA780634,PINK TING US CUSTOMER 10OZ,66301,Iberia_Foods_FL,100011087,Brooklyn BM,Finish Good,25,30,45,1.0,AA780634~PINK TING US CUSTOMER 10OZ~66301~Iberia_Foods_FL~100011087~Brooklyn BM~25~30~45~1.0,18cf61a2b970f41ed3f9175df6dc884c30af7323ba4c30c9afb7fe9529892e26,ec90ebd6-1d0e-4c72-82d9-5015105a6157,874a2e23-91fb-432b-911c-306081a6e296,2026-02-25T12:09:40.036Z,2026-02-25T12:09:40.036Z
435415,Grape SC394851,100011123,Refresco,100010034,IFF,Concentrado,25,30,45,1.0,435415~Grape SC394851~100011123~Refresco~100010034~IFF~25~30~45~1.0,69325353479a339dfa1926571098491c73b00d9c42347fd322bc4d8af9330d01,ec90ebd6-1d0e-4c72-82d9-5015105a6157,874a2e23-91fb-432b-911c-306081a6e296,2026-02-25T12:09:40.036Z,2026-02-25T12:09:40.036Z
435023,COLOR MANZANA,100011087,Brooklyn BM,100009700,FISA,Concentrado,25,30,45,1.0,435023~COLOR MANZANA~100011087~Brooklyn BM~100009700~FISA~25~30~45~1.0,68f4085484b2e023936805a978a82ecfed6414b6f78cf8a0decd9e3778f193f7,ec90ebd6-1d0e-4c72-82d9-5015105a6157,874a2e23-91fb-432b-911c-306081a6e296,2026-02-25T12:09:40.036Z,2026-02-25T12:09:40.036Z
600472,ORANGE ESSENCE EXPORT,100011087,Brooklyn,100010034,IFF,Concentrado,25,30,45,1.0,600472~ORANGE ESSENCE EXPORT~100011087~Brooklyn~100010034~IFF~25~30~45~1.0,9046cf4b4cafb65df2596f1adb7c49b4eede3a101f9e9ec16601a6a4adb2f999,ec90ebd6-1d0e-4c72-82d9-5015105a6157,874a2e23-91fb-432b-911c-306081a6e296,2026-02-25T12:09:40.036Z,2026-02-25T12:09:40.036Z
AA761392,Ting US EX 20onz Export,66301,Iberia_Foods_FL,J001,Jamaica Exports (PCJ),Finish Good,25,30,45,1.0,AA761392~Ting US EX 20onz Export~66301~Iberia_Foods_FL~J001~Jamaica Exports (PCJ)~25~30~45~1.0,465138e16e1ccb67ddac6aa362764e707755c8867c3ff01810c795a5f793572b,ec90ebd6-1d0e-4c72-82d9-5015105a6157,874a2e23-91fb-432b-911c-306081a6e296,2026-02-25T12:09:40.036Z,2026-02-25T12:09:40.036Z
AA781600,CREAM SODA US CUSTOMER 12ONZ,66303,Grayco_Sales,100011087,Brooklyn BM,Finish Good,25,30,45,1.0,AA781600~CREAM SODA US CUSTOMER 12ONZ~66303~Grayco_Sales~100011087~Brooklyn BM~25~30~45~1.0,2ec2907ae21b1ca4180f286699b0100fda2d723e6e3b61995ca2577aa90cfd59,ec90ebd6-1d0e-4c72-82d9-5015105a6157,874a2e23-91fb-432b-911c-306081a6e296,2026-02-25T12:09:40.036Z,2026-02-25T12:09:40.036Z
421691,Ginger Flavouring Liquid SN880728,100011087,Brooklyn,100010034,IFF,Concentrado,25,30,45,1.0,421691~Ginger Flavouring Liquid SN880728~100011087~Brooklyn~100010034~IFF~25~30~45~1.0,44103b4812e574e14983441e1003a261db16682f6392dba7fffc75f286eacd1c,ec90ebd6-1d0e-4c72-82d9-5015105a6157,874a2e23-91fb-432b-911c-306081a6e296,2026-02-25T12:09:40.036Z,2026-02-25T12:09:40.036Z
AA761389,Kola US 20onz Export,66301,Iberia_Foods_FL,J001,Jamaica Exports (PCJ),Finish Good,25,30,45,1.0,AA761389~Kola US 20onz Export~66301~Iberia_Foods_FL~J001~Jamaica Exports (PCJ)~25~30~45~1.0,1c4bc4f97c5f551ae1fb90f32b0ba9015d7aafa50e1466435b4c1d3e3cd513b7,ec90ebd6-1d0e-4c72-82d9-5015105a6157,874a2e23-91fb-432b-911c-306081a6e296,2026-02-25T12:09:40.036Z,2026-02-25T12:09:40.036Z
BA000796,CARBONATADAS_MANZANA_2000 MLPET,30001,The_Tesalia,100011087,Brooklyn BM,Finish Good,25,30,45,1.0,BA000796~CARBONATADAS_MANZANA_2000 MLPET~30001~The_Tesalia~100011087~Brooklyn BM~25~30~45~1.0,99e7d71b7fdb1cf43823775ae0c987cca65f72488c476419a429d55e908da183,ec90ebd6-1d0e-4c72-82d9-5015105a6157,874a2e23-91fb-432b-911c-306081a6e296,2026-02-25T12:09:40.036Z,2026-02-25T12:09:40.036Z
426242,SWEET MODULATOR SC677930,100011123,Refresco,100010034,IFF,Concentrado,25,30,45,1.0,426242~SWEET MODULATOR SC677930~100011123~Refresco~100010034~IFF~25~30~45~1.0,f320c2fd4439390bab717fefe0b44a253911b187ca8dbcec22c008df0d80413f,ec90ebd6-1d0e-4c72-82d9-5015105a6157,874a2e23-91fb-432b-911c-306081a6e296,2026-02-25T12:09:40.036Z,2026-02-25T12:09:40.036Z
437069,FLAV EMUL CLOUD 050002 CL20013,100011123,Refresco,148098,FIRMENICH INCORPORATED,Concentrado,25,30,45,1.0,437069~FLAV EMUL CLOUD 050002 CL20013~100011123~Refresco~148098~FIRMENICH INCORPORATED~25~30~45~1.0,6de84410ad4c578e6bc7aef629795ad6cec68efc24b4a9839563278792d87576,ec90ebd6-1d0e-4c72-82d9-5015105a6157,874a2e23-91fb-432b-911c-306081a6e296,2026-02-25T12:09:40.036Z,2026-02-25T12:09:40.036Z
AA780392,TING US CUSTUMER 10ONZ,66301,Iberia_Foods_FL,100011087,Brooklyn BM,Finish Good,25,30,45,1.0,AA780392~TING US CUSTUMER 10ONZ~66301~Iberia_Foods_FL~100011087~Brooklyn BM~25~30~45~1.0,61242c9b53238caada41fca39b17dfbdab8a0b2f4084d6cda33233d4cd94e60c,ec90ebd6-1d0e-4c72-82d9-5015105a6157,874a2e23-91fb-432b-911c-306081a6e296,2026-02-25T12:09:40.036Z,2026-02-25T12:09:40.036Z
AA760600,Cream Soda 2 Liters Export,66384,Brooklyn,100011087,Brooklyn BM,Finish Good,25,30,45,1.0,AA760600~Cream Soda 2 Liters Export~66384~Brooklyn~100011087~Brooklyn BM~25~30~45~1.0,519aed165d80104645c8e1b358d8cc71767f3cd5c89bb0a946ce1a6e32a9ae25,ec90ebd6-1d0e-4c72-82d9-5015105a6157,874a2e23-91fb-432b-911c-306081a6e296,2026-02-25T12:09:40.036Z,2026-02-25T12:09:40.036Z
AA819399,Orange 2 Liters Pads,66385,Refresco,100011087,Brooklyn BM,Finish Good,25,30,45,1.0,AA819399~Orange 2 Liters Pads~66385~Refresco~100011087~Brooklyn BM~25~30~45~1.0,01fce340b1bfe4adaf82fac14a42b1f1cf27f0d4cfae482fd8465b124ec5364f,ec90ebd6-1d0e-4c72-82d9-5015105a6157,874a2e23-91fb-432b-911c-306081a6e296,2026-02-25T12:09:40.036Z,2026-02-25T12:09:40.036Z
AA760390,Pineapple 2 Liters Export,66318,Sunburst_Trading,100011087,Brooklyn BM,Finish Good,25,30,45,1.0,AA760390~Pineapple 2 Liters Export~66318~Sunburst_Trading~100011087~Brooklyn BM~25~30~45~1.0,6f1e257d2826467ed2954f4827036769ce64ddc8172b87cb188146fb26fd3f99,ec90ebd6-1d0e-4c72-82d9-5015105a6157,874a2e23-91fb-432b-911c-306081a6e296,2026-02-25T12:09:40.036Z,2026-02-25T12:09:40.036Z
AA782634,Pink Ting CDN Custumer 10onz,67153,National_Dry,100010426,Canadá_NationalDry,Finish Good,25,30,45,1.0,AA782634~Pink Ting CDN Custumer 10onz~67153~National_Dry~100010426~Canadá_NationalDry~25~30~45~1.0,286e5b59ea81bd6c50cfbc7c0b93447de3c16a4605907b878f827015a8e9c1a2,ec90ebd6-1d0e-4c72-82d9-5015105a6157,874a2e23-91fb-432b-911c-306081a6e296,2026-02-25T12:09:40.036Z,2026-02-25T12:09:40.036Z
421577,CONC. ORANGE EXPORT 55 GAL,100011087,Brooklyn,100009382,CFF,Concentrado,25,30,45,1.0,421577~CONC. ORANGE EXPORT 55 GAL~100011087~Brooklyn~100009382~CFF~25~30~45~1.0,cb191c86658fa62b53632c523d2c5d37ba20c85ed4ae8906de0f339077f99a6f,ec90ebd6-1d0e-4c72-82d9-5015105a6157,874a2e23-91fb-432b-911c-306081a6e296,2026-02-25T12:09:40.036Z,2026-02-25T12:09:40.036Z
437102,FLAV LIME 598491 CW,100011123,Refresco,148098,FIRMENICH INCORPORATED,Concentrado,25,30,45,1.0,437102~FLAV LIME 598491 CW~100011123~Refresco~148098~FIRMENICH INCORPORATED~25~30~45~1.0,c9b7e7a00284f17a23fcf70bd414789e6d794ca3694f74c72c8c6d9248c7f50e,ec90ebd6-1d0e-4c72-82d9-5015105a6157,874a2e23-91fb-432b-911c-306081a6e296,2026-02-25T12:09:40.036Z,2026-02-25T12:09:40.036Z
426243,GINGER BEER CONC. SC340480,100008711,DAMM GLOBAL,100010034,IFF,Concentrado,25,30,45,1.0,426243~GINGER BEER CONC. SC340480~100008711~DAMM GLOBAL~100010034~IFF~25~30~45~1.0,f996a0f84c18391264c8ab113b1caa29fa0220e3611ac54457907741782786ab,ec90ebd6-1d0e-4c72-82d9-5015105a6157,874a2e23-91fb-432b-911c-306081a6e296,2026-02-25T12:09:40.036Z,2026-02-25T12:09:40.036Z
426242,SWEET MODULATOR SC677930,100011087,Brooklyn BM,100010034,IFF,Concentrado,25,30,45,1.0,426242~SWEET MODULATOR SC677930~100011087~Brooklyn BM~100010034~IFF~25~30~45~1.0,ffd2dc134949c6a1d115794ccf3eb2df2230fe595499dbce5949f5f1d463cbdc,ec90ebd6-1d0e-4c72-82d9-5015105a6157,874a2e23-91fb-432b-911c-306081a6e296,2026-02-25T12:09:40.036Z,2026-02-25T12:09:40.036Z
435020,SABOR TROPICAL,100011123,Refresco,100009700,FISA,Concentrado,25,30,45,1.0,435020~SABOR TROPICAL~100011123~Refresco~100009700~FISA~25~30~45~1.0,5b6bdc375b2a961681d45850a529f725797a308814ecfc388a475b742768691c,ec90ebd6-1d0e-4c72-82d9-5015105a6157,874a2e23-91fb-432b-911c-306081a6e296,2026-02-25T12:09:40.036Z,2026-02-25T12:09:40.036Z
430803,COLOR PHASE FOR MANZANA - L -4528,100011087,Brooklyn,100009700,FISA,Concentrado,25,30,45,1.0,430803~COLOR PHASE FOR MANZANA - L -4528~100011087~Brooklyn~100009700~FISA~25~30~45~1.0,30da5159d66680f480f3c5706a79a41766004e019c31e01ee6745c7db7b4d8e2,ec90ebd6-1d0e-4c72-82d9-5015105a6157,874a2e23-91fb-432b-911c-306081a6e296,2026-02-25T12:09:40.036Z,2026-02-25T12:09:40.036Z
435461,Guava SC526703,100011123,Refresco,100010034,IFF,Concentrado,25,30,45,1.0,435461~Guava SC526703~100011123~Refresco~100010034~IFF~25~30~45~1.0,d3a736cf52621b7e403ef301eefae104e0f47433d1d568b061e5d0bb38afbda1,ec90ebd6-1d0e-4c72-82d9-5015105a6157,874a2e23-91fb-432b-911c-306081a6e296,2026-02-25T12:09:40.036Z,2026-02-25T12:09:40.036Z
BA022759,OJGB x6 2L PET X6,68195,Unidex,100008711,DAMM GLOBAL,Finish Good,25,30,45,1.0,BA022759~OJGB x6 2L PET X6~68195~Unidex~100008711~DAMM GLOBAL~25~30~45~1.0,eff889ed11a27a039291895de0d9cbe29788faff396020dde2fa163094755999,ec90ebd6-1d0e-4c72-82d9-5015105a6157,874a2e23-91fb-432b-911c-306081a6e296,2026-02-25T12:09:40.036Z,2026-02-25T12:09:40.036Z
AA583601,Gingerbr 20onz,66570,Hanschell,J001,Jamaica Exports (PCJ),Finish Good,25,30,45,1.0,AA583601~Gingerbr 20onz~66570~Hanschell~J001~Jamaica Exports (PCJ)~25~30~45~1.0,68cdca7c99eba8747fafc03b7336ed9b0b8ba5017d5bea53436a2af39f029636,ec90ebd6-1d0e-4c72-82d9-5015105a6157,874a2e23-91fb-432b-911c-306081a6e296,2026-02-25T12:09:40.036Z,2026-02-25T12:09:40.036Z
BA022758,OJGB 500 ML LATA X12,68341,ASIA EXPRESS FOOD BV,100008711,DAMM GLOBAL,Finish Good,25,30,45,1.0,BA022758~OJGB 500 ML LATA X12~68341~ASIA EXPRESS FOOD BV~100008711~DAMM GLOBAL~25~30~45~1.0,8d704d5f8e4131b954cbee75c933fb09d13b2965e68613f38a8495d1f22856c1,ec90ebd6-1d0e-4c72-82d9-5015105a6157,874a2e23-91fb-432b-911c-306081a6e296,2026-02-25T12:09:40.036Z,2026-02-25T12:09:40.036Z
421575,CONC. PINEAPPLE EXPORT 55 GAL,100011087,Brooklyn,100009382,CFF,Concentrado,25,30,45,1.0,421575~CONC. PINEAPPLE EXPORT 55 GAL~100011087~Brooklyn~100009382~CFF~25~30~45~1.0,7ef9eee7412a7551af66dc058628f37841d6bb7530563e74c73fd55ef98f9b27,ec90ebd6-1d0e-4c72-82d9-5015105a6157,874a2e23-91fb-432b-911c-306081a6e296,2026-02-25T12:09:40.036Z,2026-02-25T12:09:40.036Z
AA781391,GRAPE US CUSTOMER 12ONZ,66316,Dess_Carribean,100011087,Brooklyn BM,Finish Good,25,30,45,1.0,AA781391~GRAPE US CUSTOMER 12ONZ~66316~Dess_Carribean~100011087~Brooklyn BM~25~30~45~1.0,07999cc8a4639f1517883756de19cefd6b2cdf32877b4e3ceafba5a4cd757167,ec90ebd6-1d0e-4c72-82d9-5015105a6157,874a2e23-91fb-432b-911c-306081a6e296,2026-02-25T12:09:40.036Z,2026-02-25T12:09:40.036Z
421574,CONC. CREAM SODA EXPORT 55 GAL,100010426,Canadá_NationalDry,100009382,CFF,Concentrado,25,30,45,1.0,421574~CONC. CREAM SODA EXPORT 55 GAL~100010426~Canadá_NationalDry~100009382~CFF~25~30~45~1.0,ecc84f992dcc70f17c71623f9d5afd232a6f3cf27d1e406e6c719717cbd365a5,ec90ebd6-1d0e-4c72-82d9-5015105a6157,874a2e23-91fb-432b-911c-306081a6e296,2026-02-25T12:09:40.036Z,2026-02-25T12:09:40.036Z
AA780392,TING US CUSTUMER 10ONZ,66313,Bellows_International,100011087,Brooklyn BM,Finish Good,25,30,45,1.0,AA780392~TING US CUSTUMER 10ONZ~66313~Bellows_International~100011087~Brooklyn BM~25~30~45~1.0,f33c6cfae40b80ecedbb62cead479b0408b0b42d89796c2367e5722f3adab986,ec90ebd6-1d0e-4c72-82d9-5015105a6157,874a2e23-91fb-432b-911c-306081a6e296,2026-02-25T12:09:40.036Z,2026-02-25T12:09:40.036Z
AA583392,Ting 20 Onzas PET,66570,Hanschell,J001,Jamaica Exports (PCJ),Finish Good,25,30,45,1.0,AA583392~Ting 20 Onzas PET~66570~Hanschell~J001~Jamaica Exports (PCJ)~25~30~45~1.0,111fe88564a3e315ea73554da072eee745dcde02b0cfcf3f0ba86e07e07d7e44,ec90ebd6-1d0e-4c72-82d9-5015105a6157,874a2e23-91fb-432b-911c-306081a6e296,2026-02-25T12:09:40.036Z,2026-02-25T12:09:40.036Z
435021,COLOR TROPICAL,100011087,Brooklyn BM,100009700,FISA,Concentrado,25,30,45,1.0,435021~COLOR TROPICAL~100011087~Brooklyn BM~100009700~FISA~25~30~45~1.0,afd1bde086600c68f5e581fa0858ae550e028f3cc05fee9f59fbeabcb16f1425,ec90ebd6-1d0e-4c72-82d9-5015105a6157,874a2e23-91fb-432b-911c-306081a6e296,2026-02-25T12:09:40.036Z,2026-02-25T12:09:40.036Z
421573,CONC. KOLA CHAMPAGNE EXPORT 55 GAL,100010426,Canadá_NationalDry,100009382,CFF,Concentrado,25,30,45,1.0,421573~CONC. KOLA CHAMPAGNE EXPORT 55 GAL~100010426~Canadá_NationalDry~100009382~CFF~25~30~45~1.0,f5bdbfcc2aac606b8f906dbbd7038c7cf9cd30cde05201634bd13c66409d025f,ec90ebd6-1d0e-4c72-82d9-5015105a6157,874a2e23-91fb-432b-911c-306081a6e296,2026-02-25T12:09:40.036Z,2026-02-25T12:09:40.036Z
BA022756,OJGB 4x6 330 ML LATA X24,68111,TROPICAL FRESH,100008711,DAMM GLOBAL,Finish Good,25,30,45,1.0,BA022756~OJGB 4x6 330 ML LATA X24~68111~TROPICAL FRESH~100008711~DAMM GLOBAL~25~30~45~1.0,54d2e736a358057bbf1bbf9a278e799223917f8693ab28388992436605300cf5,ec90ebd6-1d0e-4c72-82d9-5015105a6157,874a2e23-91fb-432b-911c-306081a6e296,2026-02-25T12:09:40.036Z,2026-02-25T12:09:40.036Z
430801,ART TROPICAL FL - L - 4490,100011087,Brooklyn,100009700,FISA,Concentrado,25,30,45,1.0,430801~ART TROPICAL FL - L - 4490~100011087~Brooklyn~100009700~FISA~25~30~45~1.0,b47fe80d1b6d275958da360c26728f36584420b087495e297cfe51f0cf5bad4d,ec90ebd6-1d0e-4c72-82d9-5015105a6157,874a2e23-91fb-432b-911c-306081a6e296,2026-02-25T12:09:40.036Z,2026-02-25T12:09:40.036Z
AA583389,Kola  20onz,66402,C.E.L._Distributors,J001,Jamaica Exports (PCJ),Finish Good,25,30,45,1.0,AA583389~Kola  20onz~66402~C.E.L._Distributors~J001~Jamaica Exports (PCJ)~25~30~45~1.0,1ed087789a8f17de0667457a992f10e93e66d267a75869761162175ab5604c17,ec90ebd6-1d0e-4c72-82d9-5015105a6157,874a2e23-91fb-432b-911c-306081a6e296,2026-02-25T12:09:40.036Z,2026-02-25T12:09:40.036Z
AA760392,Ting 2 Liters Export,66309,Breweries,100011087,Brooklyn BM,Finish Good,25,30,45,1.0,AA760392~Ting 2 Liters Export~66309~Breweries~100011087~Brooklyn BM~25~30~45~1.0,1491ffcc9113fd2ed6e5fcac0b20fc997c265234bf36d0c1baa43bb30d3826f1,ec90ebd6-1d0e-4c72-82d9-5015105a6157,874a2e23-91fb-432b-911c-306081a6e296,2026-02-25T12:09:40.036Z,2026-02-25T12:09:40.036Z
421576,CONC. GRAPE EXPORT 55 GAL,100010426,Canadá_NationalDry,100009382,CFF,Concentrado,25,30,45,1.0,421576~CONC. GRAPE EXPORT 55 GAL~100010426~Canadá_NationalDry~100009382~CFF~25~30~45~1.0,8e3f5e5a9b25403b033854712e59fdb379bedc710476a297139a34bc9215cfb6,ec90ebd6-1d0e-4c72-82d9-5015105a6157,874a2e23-91fb-432b-911c-306081a6e296,2026-02-25T12:09:40.036Z,2026-02-25T12:09:40.036Z
AA780392,TING US CUSTUMER 10ONZ,66303,Grayco_Sales,100011087,Brooklyn BM,Finish Good,25,30,45,1.0,AA780392~TING US CUSTUMER 10ONZ~66303~Grayco_Sales~100011087~Brooklyn BM~25~30~45~1.0,a9a531988d513174d9189ae6033d56ee9fc2bcabf71f4ba7ed3834847e73930f,ec90ebd6-1d0e-4c72-82d9-5015105a6157,874a2e23-91fb-432b-911c-306081a6e296,2026-02-25T12:09:40.036Z,2026-02-25T12:09:40.036Z
BA005360,12Pk CDN Ginger Beer 354 Ml GNRB,66317,Iberia_Foods_NY,100010426,Canadá_NationalDry,Finish Good,25,30,45,1.0,BA005360~12Pk CDN Ginger Beer 354 Ml GNRB~66317~Iberia_Foods_NY~100010426~Canadá_NationalDry~25~30~45~1.0,6204aff0996708f283e1d508a7f27151fdd98350a18a5773d4bfd34bd2e42359,ec90ebd6-1d0e-4c72-82d9-5015105a6157,874a2e23-91fb-432b-911c-306081a6e296,2026-02-25T12:09:40.036Z,2026-02-25T12:09:40.036Z
BA100164,D&G KOLA CHAMPAGNE SODA 12/1 LT,66384,Brooklyn,100011087,Brooklyn BM,Finish Good,25,30,45,1.0,BA100164~D&G KOLA CHAMPAGNE SODA 12/1 LT~66384~Brooklyn~100011087~Brooklyn BM~25~30~45~1.0,995e220a61400b21c69a1cc8d841c1951b675e55312371574df433a83489555c,ec90ebd6-1d0e-4c72-82d9-5015105a6157,874a2e23-91fb-432b-911c-306081a6e296,2026-02-25T12:09:40.036Z,2026-02-25T12:09:40.036Z
AA780634,PINK TING US CUSTOMER 10OZ,66318,Sunburst_Trading,100011087,Brooklyn BM,Finish Good,25,30,45,1.0,AA780634~PINK TING US CUSTOMER 10OZ~66318~Sunburst_Trading~100011087~Brooklyn BM~25~30~45~1.0,1b4fde4e753333b1b3af66615318094cd7014d19c9511f38d22d951da877fb6c,ec90ebd6-1d0e-4c72-82d9-5015105a6157,874a2e23-91fb-432b-911c-306081a6e296,2026-02-25T12:09:40.036Z,2026-02-25T12:09:40.036Z
421573,CONC. KOLA CHAMPAGNE EXPORT 55 GAL,100011087,Brooklyn,100009382,CFF,Concentrado,25,30,45,1.0,421573~CONC. KOLA CHAMPAGNE EXPORT 55 GAL~100011087~Brooklyn~100009382~CFF~25~30~45~1.0,2eedb45888ea5b231f738671a794b71e05f16e85729b3d4eccd88e1c4f5e9489,ec90ebd6-1d0e-4c72-82d9-5015105a6157,874a2e23-91fb-432b-911c-306081a6e296,2026-02-25T12:09:40.036Z,2026-02-25T12:09:40.036Z
AA781399,ORANGE US CUSTOMER 12 OZ,66384,Brooklyn,100011087,Brooklyn BM,Finish Good,25,30,45,1.0,AA781399~ORANGE US CUSTOMER 12 OZ~66384~Brooklyn~100011087~Brooklyn BM~25~30~45~1.0,4c0e637c9eb763e416683f84a62df76d0658872f727e39c3fc582c14e34f8e3a,ec90ebd6-1d0e-4c72-82d9-5015105a6157,874a2e23-91fb-432b-911c-306081a6e296,2026-02-25T12:09:40.036Z,2026-02-25T12:09:40.036Z
435419,Mango Flavouring Liquid SC345061,100011123,Refresco,100010034,IFF,Concentrado,25,30,45,1.0,435419~Mango Flavouring Liquid SC345061~100011123~Refresco~100010034~IFF~25~30~45~1.0,f31eaec0eee6cd93297c8276060cd0e3a2b6ba167cabf9ca11ee26201975f25b,ec90ebd6-1d0e-4c72-82d9-5015105a6157,874a2e23-91fb-432b-911c-306081a6e296,2026-02-25T12:09:40.036Z,2026-02-25T12:09:40.036Z
BA022757,OJGB x24 330 ML LATA X24,68195,Unidex,100008711,DAMM GLOBAL,Finish Good,25,30,45,1.0,BA022757~OJGB x24 330 ML LATA X24~68195~Unidex~100008711~DAMM GLOBAL~25~30~45~1.0,ee47d4fcd038d15a3289453971881de8ae46028b603e39300785ff492e233d81,ec90ebd6-1d0e-4c72-82d9-5015105a6157,874a2e23-91fb-432b-911c-306081a6e296,2026-02-25T12:09:40.036Z,2026-02-25T12:09:40.036Z
430802,COLOR PHASE FOR TROPICAL - L - 4527,100011087,Brooklyn,100009700,FISA,Concentrado,25,30,45,1.0,430802~COLOR PHASE FOR TROPICAL - L - 4527~100011087~Brooklyn~100009700~FISA~25~30~45~1.0,84436daea93d7cbf1b09642a680a3ee62f38a0d448a82f0760a30d409d832e43,ec90ebd6-1d0e-4c72-82d9-5015105a6157,874a2e23-91fb-432b-911c-306081a6e296,2026-02-25T12:09:40.036Z,2026-02-25T12:09:40.036Z
BA019169,BEBIDA PETIT MZ 200ML X24 CORR,66274,Corripio,SP00,Livsmart,Finish Good,25,30,45,0.0,BA019169~BEBIDA PETIT MZ 200ML X24 CORR~66274~Corripio~SP00~Livsmart~25~30~45~0.0,df9dc49ff93f090710a06fdece519457cc9fb43b90da19ec8af38b7d7b69a795,ec90ebd6-1d0e-4c72-82d9-5015105a6157,874a2e23-91fb-432b-911c-306081a6e296,2026-02-25T12:09:40.036Z,2026-02-25T12:09:40.036Z
BA022759,OJGB x6 2L PET X6,68111,TROPICAL FRESH,100008711,DAMM GLOBAL,Finish Good,25,30,45,1.0,BA022759~OJGB x6 2L PET X6~68111~TROPICAL FRESH~100008711~DAMM GLOBAL~25~30~45~1.0,0dfdbcbf2f3a24a351a82dd0a984782b3729611c6d9dc21bcc3f55a9540c08aa,ec90ebd6-1d0e-4c72-82d9-5015105a6157,874a2e23-91fb-432b-911c-306081a6e296,2026-02-25T12:09:40.036Z,2026-02-25T12:09:40.036Z
436528,FOAMING HEADING AGENT,J001,Jamaica Exports (PCJ),100010034,IFF,Concentrado,25,30,45,1.0,436528~FOAMING HEADING AGENT~J001~Jamaica Exports (PCJ)~100010034~IFF~25~30~45~1.0,c3801b6063f4fe99337cfbe93f1f514a207ed38adbf82048b451903d06b09ee1,ec90ebd6-1d0e-4c72-82d9-5015105a6157,874a2e23-91fb-432b-911c-306081a6e296,2026-02-25T12:09:40.036Z,2026-02-25T12:09:40.036Z
435460,Pineapple Flavouring Liquid SC968477,100011123,Refresco,100010034,IFF,Concentrado,25,30,45,1.0,435460~Pineapple Flavouring Liquid SC968477~100011123~Refresco~100010034~IFF~25~30~45~1.0,b2813bdb53fbe1792ac749edaba05ea5e1fc89ae0d5a06fe8136e684aef148f9,ec90ebd6-1d0e-4c72-82d9-5015105a6157,874a2e23-91fb-432b-911c-306081a6e296,2026-02-25T12:09:40.036Z,2026-02-25T12:09:40.036Z
426244,EXTRA FIERY FLAVOURING SC299703,100011123,Refresco,100010034,IFF,Concentrado,25,30,45,1.0,426244~EXTRA FIERY FLAVOURING SC299703~100011123~Refresco~100010034~IFF~25~30~45~1.0,9dd7f1fbe851cdfb2d180f7688721e56251f7e97003c8ca2f5248d88a68f5ea1,ec90ebd6-1d0e-4c72-82d9-5015105a6157,874a2e23-91fb-432b-911c-306081a6e296,2026-02-25T12:09:40.036Z,2026-02-25T12:09:40.036Z
BA000784,CARBONATADAS_TROPICAL_2000 MLPET,30001,The_Tesalia,100011087,Brooklyn BM,Finish Good,25,30,45,1.0,BA000784~CARBONATADAS_TROPICAL_2000 MLPET~30001~The_Tesalia~100011087~Brooklyn BM~25~30~45~1.0,e90535a084aaccbce1f168f8abf948507c52a42608b442d8e7290aed4889d5c4,ec90ebd6-1d0e-4c72-82d9-5015105a6157,874a2e23-91fb-432b-911c-306081a6e296,2026-02-25T12:09:40.036Z,2026-02-25T12:09:40.036Z
430804,ART APPLE FL - L - 4603,100011087,Brooklyn,100009700,FISA,Concentrado,25,30,45,1.0,430804~ART APPLE FL - L - 4603~100011087~Brooklyn~100009700~FISA~25~30~45~1.0,1d560fda50346c623b91d1d0bb05429e7c1d8fe2c1af52721e221088addd4588,ec90ebd6-1d0e-4c72-82d9-5015105a6157,874a2e23-91fb-432b-911c-306081a6e296,2026-02-25T12:09:40.036Z,2026-02-25T12:09:40.036Z
AA781391,GRAPE US CUSTOMER 12ONZ,66303,Grayco_Sales,100011087,Brooklyn BM,Finish Good,25,30,45,1.0,AA781391~GRAPE US CUSTOMER 12ONZ~66303~Grayco_Sales~100011087~Brooklyn BM~25~30~45~1.0,f03536c63d382289593c33b90d7d753bc1abfe8b2a49158381c7ad49a7826180,ec90ebd6-1d0e-4c72-82d9-5015105a6157,874a2e23-91fb-432b-911c-306081a6e296,2026-02-25T12:09:40.036Z,2026-02-25T12:09:40.036Z
BA018945,BEBIDA PETIT DZ 200ML X24 CORR,66274,Corripio,100011805,Idealsa,Finish Good,25,30,45,1.0,BA018945~BEBIDA PETIT DZ 200ML X24 CORR~66274~Corripio~100011805~Idealsa~25~30~45~1.0,5257bd3a1476113e0180da3b7970812c2dfd2153186836475b3fdd99f1d9e6d1,ec90ebd6-1d0e-4c72-82d9-5015105a6157,874a2e23-91fb-432b-911c-306081a6e296,2026-02-25T12:09:40.036Z,2026-02-25T12:09:40.036Z
AA761390,Pine US 20onz Export,66301,Iberia_Foods_FL,100011087,Brooklyn BM,Finish Good,25,30,45,1.0,AA761390~Pine US 20onz Export~66301~Iberia_Foods_FL~100011087~Brooklyn BM~25~30~45~1.0,6e8b67c5d8edf19b78d79b90db36e1860aed600facf8f480bddadf081fa58f12,ec90ebd6-1d0e-4c72-82d9-5015105a6157,874a2e23-91fb-432b-911c-306081a6e296,2026-02-25T12:09:40.036Z,2026-02-25T12:09:40.036Z
AA760392,Ting 2 Liters Export,66317,Iberia_Foods_NY,100011087,Brooklyn BM,Finish Good,25,30,45,1.0,AA760392~Ting 2 Liters Export~66317~Iberia_Foods_NY~100011087~Brooklyn BM~25~30~45~1.0,d8d192fdb9b1e5bc1a97f3fdc3409b28854c9d386f29d4e229e2b2a412a2f7a9,ec90ebd6-1d0e-4c72-82d9-5015105a6157,874a2e23-91fb-432b-911c-306081a6e296,2026-02-25T12:09:40.036Z,2026-02-25T12:09:40.036Z
BA019919,CARBONATADAS_TROPICAL_355 MLGRB,66384,Brooklyn,100011087,Brooklyn BM,Finish Good,25,30,45,1.0,BA019919~CARBONATADAS_TROPICAL_355 MLGRB~66384~Brooklyn~100011087~Brooklyn BM~25~30~45~1.0,34d6826f54988943fa88e2d75bf0d01f93e90afc63452160dba0b19a86d209a4,ec90ebd6-1d0e-4c72-82d9-5015105a6157,874a2e23-91fb-432b-911c-306081a6e296,2026-02-25T12:09:40.036Z,2026-02-25T12:09:40.036Z
AA761392,Ting US EX 20onz Export,66404,Tropical_Distributors,J001,Jamaica Exports (PCJ),Finish Good,25,30,45,1.0,AA761392~Ting US EX 20onz Export~66404~Tropical_Distributors~J001~Jamaica Exports (PCJ)~25~30~45~1.0,80265f27b6aa740380fede661c0a3bee87dfbbf0f1c04fccc26eedddbd52b0e6,ec90ebd6-1d0e-4c72-82d9-5015105a6157,874a2e23-91fb-432b-911c-306081a6e296,2026-02-25T12:09:40.036Z,2026-02-25T12:09:40.036Z
435453,Cream Soda Flavouring Liquid SC1061022,100011123,Refresco,100010034,IFF,Concentrado,25,30,45,1.0,435453~Cream Soda Flavouring Liquid SC1061022~100011123~Refresco~100010034~IFF~25~30~45~1.0,aeebf24fc3d4a0ce50b5fafe1ed1a7d45fb6c06735406a5133d766c85015aad7,ec90ebd6-1d0e-4c72-82d9-5015105a6157,874a2e23-91fb-432b-911c-306081a6e296,2026-02-25T12:09:40.036Z,2026-02-25T12:09:40.036Z
AA780634,PINK TING US CUSTOMER 10OZ,66303,Grayco_Sales,100011087,Brooklyn BM,Finish Good,25,30,45,1.0,AA780634~PINK TING US CUSTOMER 10OZ~66303~Grayco_Sales~100011087~Brooklyn BM~25~30~45~1.0,88d4b586305fd378ab1162a2fec6a6ed517820140474c77a84941619a1ffd790,ec90ebd6-1d0e-4c72-82d9-5015105a6157,874a2e23-91fb-432b-911c-306081a6e296,2026-02-25T12:09:40.036Z,2026-02-25T12:09:40.036Z
AA819389,Kola Champagne 2 Liters Pads,66402,C.E.L._Distributors,J001,Jamaica Exports (PCJ),Finish Good,25,30,45,1.0,AA819389~Kola Champagne 2 Liters Pads~66402~C.E.L._Distributors~J001~Jamaica Exports (PCJ)~25~30~45~1.0,20774cdf8b9ee29f1fac7a29181e7471b47eb46150926ce3733e0a56734ead30,ec90ebd6-1d0e-4c72-82d9-5015105a6157,874a2e23-91fb-432b-911c-306081a6e296,2026-02-25T12:09:40.036Z,2026-02-25T12:09:40.036Z
BA022757,OJGB x24 330 ML LATA X24,68341,ASIA EXPRESS FOOD BV,100008711,DAMM GLOBAL,Finish Good,25,30,45,1.0,BA022757~OJGB x24 330 ML LATA X24~68341~ASIA EXPRESS FOOD BV~100008711~DAMM GLOBAL~25~30~45~1.0,709a61bff514dcd49f6fd76bcd18557e5370e82faf2e7e866471008f8aeeb0d5,ec90ebd6-1d0e-4c72-82d9-5015105a6157,874a2e23-91fb-432b-911c-306081a6e296,2026-02-25T12:09:40.036Z,2026-02-25T12:09:40.036Z
BA017078,CARBONATADAS_TROPICAL_355 MLLATA,66317,Iberia_Foods_NY,100011087,Brooklyn BM,Finish Good,25,30,45,1.0,BA017078~CARBONATADAS_TROPICAL_355 MLLATA~66317~Iberia_Foods_NY~100011087~Brooklyn BM~25~30~45~1.0,ba13b3aed0063007b991bb13c04b74f4819d3096b501db55e7fdd0bb5eaeed84,ec90ebd6-1d0e-4c72-82d9-5015105a6157,874a2e23-91fb-432b-911c-306081a6e296,2026-02-25T12:09:40.036Z,2026-02-25T12:09:40.036Z
AA760392,Ting 2 Liters Export,66301,Iberia_Foods_FL,100011087,Brooklyn BM,Finish Good,25,30,45,1.0,AA760392~Ting 2 Liters Export~66301~Iberia_Foods_FL~100011087~Brooklyn BM~25~30~45~1.0,d17aabfb1242beae0bf2f64958bd0ae8ff53f16e959d275529bcc4526dc85721,ec90ebd6-1d0e-4c72-82d9-5015105a6157,874a2e23-91fb-432b-911c-306081a6e296,2026-02-25T12:09:40.036Z,2026-02-25T12:09:40.036Z
BA022758,OJGB 500 ML LATA X12,68195,Unidex,100008711,DAMM GLOBAL,Finish Good,25,30,45,1.0,BA022758~OJGB 500 ML LATA X12~68195~Unidex~100008711~DAMM GLOBAL~25~30~45~1.0,40d28aba55c15453d082e7edc450d1674d770258632440c666713ce8fc6b86f5,ec90ebd6-1d0e-4c72-82d9-5015105a6157,874a2e23-91fb-432b-911c-306081a6e296,2026-02-25T12:09:40.036Z,2026-02-25T12:09:40.036Z
