header_category,header_customer,header_part_name,header_site,date,header_customer_name,quantity,unit_price,currency,SellIN_Flag,integration_id,record_key_hash,batch_id,execution_id,create_timestamp,last_updated_timestamp
Shipments,66367,AA291190,FEDURO_66367,20260120,FEDURO,110.00,8.12,USD,Y,0e5263a328592c31a91c66273ebc712511edb7182e79f97124c9b627d5d7c97a,0e5263a328592c31a91c66273ebc712511edb7182e79f97124c9b627d5d7c97a,2bc9f4b2-833a-40c0-8862-55fa3b7cc2c4,2be3fbcd-0776-4abd-8836-9c6179d2f7fb,2026-02-25T07:14:11.099Z,2026-02-25T07:14:11.135Z
Shipments,66385,AA760601,REFRESCO_66385,20260209,REFRESCO,206.41,0.00,USD,Y,e38a5a576caafc95c4d705cee5769bea735dfaa2bfd48dfd70c7a8ad39014020,e38a5a576caafc95c4d705cee5769bea735dfaa2bfd48dfd70c7a8ad39014020,2bc9f4b2-833a-40c0-8862-55fa3b7cc2c4,2be3fbcd-0776-4abd-8836-9c6179d2f7fb,2026-02-25T07:14:11.099Z,2026-02-25T07:14:11.135Z
Shipments,66318,AA758703,SUNBURST_TRADING_66318,20260114,SUNBURST_TRADING,144.00,19.10,USD,Y,6aca48322125cd497d66a65a68e0d3048abf84a4cdb2ea6d00b300d9db862fa0,6aca48322125cd497d66a65a68e0d3048abf84a4cdb2ea6d00b300d9db862fa0,2bc9f4b2-833a-40c0-8862-55fa3b7cc2c4,2be3fbcd-0776-4abd-8836-9c6179d2f7fb,2026-02-25T07:14:11.099Z,2026-02-25T07:14:11.135Z
Shipments,2108340,BA006258,IMPADOEL_2108340,20260216,IMPADOEL,1050.00,5.45,USD,Y,9ca5c6d582b524c6d53a83f5a348455ac4de884851ecfc5070601bc90a6be2ff,9ca5c6d582b524c6d53a83f5a348455ac4de884851ecfc5070601bc90a6be2ff,2bc9f4b2-833a-40c0-8862-55fa3b7cc2c4,2be3fbcd-0776-4abd-8836-9c6179d2f7fb,2026-02-25T07:14:11.099Z,2026-02-25T07:14:11.135Z
Shipments,2108340,BA006756,IMPADOEL_2108340,20260131,IMPADOEL,-2576.00,0.00,USD,Y,1ebdccb18b5fd738c912d2b17965e55d8d6c6f470d845294e56eed116e277ceb,1ebdccb18b5fd738c912d2b17965e55d8d6c6f470d845294e56eed116e277ceb,2bc9f4b2-833a-40c0-8862-55fa3b7cc2c4,2be3fbcd-0776-4abd-8836-9c6179d2f7fb,2026-02-25T07:14:11.099Z,2026-02-25T07:14:11.135Z
Shipments,66385,BA022756,REFRESCO_66385,20260120,REFRESCO,6701.59,0.00,USD,Y,3892e9d03d951be91157c566da4fd76049aac9c59b4fc1f2e276755f45f987ae,3892e9d03d951be91157c566da4fd76049aac9c59b4fc1f2e276755f45f987ae,2bc9f4b2-833a-40c0-8862-55fa3b7cc2c4,2be3fbcd-0776-4abd-8836-9c6179d2f7fb,2026-02-25T07:14:11.099Z,2026-02-25T07:14:11.135Z
Shipments,2060892,M00012,MÉXICO_2060892,20260101,MÉXICO,10471.00,0.34,USD,Y,401adce45cef83e7b058e56fb0081016ca63c3bca3e6abdbb89d59cd51335f86,401adce45cef83e7b058e56fb0081016ca63c3bca3e6abdbb89d59cd51335f86,2bc9f4b2-833a-40c0-8862-55fa3b7cc2c4,2be3fbcd-0776-4abd-8836-9c6179d2f7fb,2026-02-25T07:14:11.099Z,2026-02-25T07:14:11.135Z
Shipments,66367,BA005453,FEDURO_66367,20260120,FEDURO,150.00,11.15,USD,Y,f2aaf094b4f68f80779b593eb851802440dd631ed6ef9879e933c0693df2ebd0,f2aaf094b4f68f80779b593eb851802440dd631ed6ef9879e933c0693df2ebd0,2bc9f4b2-833a-40c0-8862-55fa3b7cc2c4,2be3fbcd-0776-4abd-8836-9c6179d2f7fb,2026-02-25T07:14:11.099Z,2026-02-25T07:14:11.135Z
Shipments,66385,BA022099,REFRESCO_66385,20260122,REFRESCO,6701.59,0.00,USD,Y,86858d82dabd74e2e80a10d436696c15b74b6e3753df17860bca8a72c21669d1,86858d82dabd74e2e80a10d436696c15b74b6e3753df17860bca8a72c21669d1,2bc9f4b2-833a-40c0-8862-55fa3b7cc2c4,2be3fbcd-0776-4abd-8836-9c6179d2f7fb,2026-02-25T07:14:11.099Z,2026-02-25T07:14:11.135Z
Shipments,66320,AA577392,TICO_66320,20260220,TICO,480.00,10.05,USD,Y,3d2e68978a14e55a83c746d4eb08748da5e15b0627c035a4d873b4025a0d4811,3d2e68978a14e55a83c746d4eb08748da5e15b0627c035a4d873b4025a0d4811,2bc9f4b2-833a-40c0-8862-55fa3b7cc2c4,2be3fbcd-0776-4abd-8836-9c6179d2f7fb,2026-02-25T07:14:11.099Z,2026-02-25T07:14:11.135Z
Shipments,66385,BA022100,REFRESCO_66385,20260120,REFRESCO,6701.59,0.00,USD,Y,8acbcf1246dacae1ab72692c112e73fc5e3498aecef19940e8de5129770facba,8acbcf1246dacae1ab72692c112e73fc5e3498aecef19940e8de5129770facba,2bc9f4b2-833a-40c0-8862-55fa3b7cc2c4,2be3fbcd-0776-4abd-8836-9c6179d2f7fb,2026-02-25T07:14:11.099Z,2026-02-25T07:14:11.135Z
Shipments,66385,AA781391,REFRESCO_66385,20260121,REFRESCO,694.91,0.00,USD,Y,5279de67120f0e2c5395209ef8ba59131324dcf0ed204d278f0e72b24bddf999,5279de67120f0e2c5395209ef8ba59131324dcf0ed204d278f0e72b24bddf999,2bc9f4b2-833a-40c0-8862-55fa3b7cc2c4,2be3fbcd-0776-4abd-8836-9c6179d2f7fb,2026-02-25T07:14:11.099Z,2026-02-25T07:14:11.135Z
Shipments,66318,AA780392,SUNBURST_TRADING_66318,20260130,SUNBURST_TRADING,1440.01,17.50,USD,Y,dee171a5df99c5fff96ac33a966a6fbf8ef17638c76ea0db699626c18cfd43eb,dee171a5df99c5fff96ac33a966a6fbf8ef17638c76ea0db699626c18cfd43eb,2bc9f4b2-833a-40c0-8862-55fa3b7cc2c4,2be3fbcd-0776-4abd-8836-9c6179d2f7fb,2026-02-25T07:14:11.099Z,2026-02-25T07:14:11.135Z
Shipments,66385,BA022100,REFRESCO_66385,20260121,REFRESCO,670.16,0.00,USD,Y,974c6a0c7f2b4166e36db51e90f73ac452f66601fa9aed85ab41386bf6b2f3af,974c6a0c7f2b4166e36db51e90f73ac452f66601fa9aed85ab41386bf6b2f3af,2bc9f4b2-833a-40c0-8862-55fa3b7cc2c4,2be3fbcd-0776-4abd-8836-9c6179d2f7fb,2026-02-25T07:14:11.099Z,2026-02-25T07:14:11.135Z
Shipments,66378,AA648077,RIO_GRANDE_66378,20260126,RIO_GRANDE,2268.02,6.58,USD,Y,8e786167ed623a80a56d8cf9d9846409ebcdec54318ed0cb9b8fb232693ffbc1,8e786167ed623a80a56d8cf9d9846409ebcdec54318ed0cb9b8fb232693ffbc1,2bc9f4b2-833a-40c0-8862-55fa3b7cc2c4,2be3fbcd-0776-4abd-8836-9c6179d2f7fb,2026-02-25T07:14:11.099Z,2026-02-25T07:14:11.135Z
Shipments,66570,AA583601,HANSCHELL_66570,20260127,HANSCHELL,500.00,9.20,USD,Y,ad18a2a2b8f2dc16a9da311f2883fd083b1cd4ae25f7d497bb62a0a5afc1a44d,ad18a2a2b8f2dc16a9da311f2883fd083b1cd4ae25f7d497bb62a0a5afc1a44d,2bc9f4b2-833a-40c0-8862-55fa3b7cc2c4,2be3fbcd-0776-4abd-8836-9c6179d2f7fb,2026-02-25T07:14:11.099Z,2026-02-25T07:14:11.135Z
Shipments,2067820,AA281191,TRANSMUNDI_2067820,20260126,TRANSMUNDI,189.00,0.00,USD,Y,af6a097feaf617dd6b15b3ff71d1463f39a363e212fac4d88d911c16c3c22378,af6a097feaf617dd6b15b3ff71d1463f39a363e212fac4d88d911c16c3c22378,2bc9f4b2-833a-40c0-8862-55fa3b7cc2c4,2be3fbcd-0776-4abd-8836-9c6179d2f7fb,2026-02-25T07:14:11.099Z,2026-02-25T07:14:11.135Z
Shipments,2060892,M00014,MÉXICO_2060892,20260101,MÉXICO,10787.00,0.34,USD,Y,377f0657d701a7011c7ff46177dd6b16b17a558935c1a0b36ac92a4ee2ee3b5c,377f0657d701a7011c7ff46177dd6b16b17a558935c1a0b36ac92a4ee2ee3b5c,2bc9f4b2-833a-40c0-8862-55fa3b7cc2c4,2be3fbcd-0776-4abd-8836-9c6179d2f7fb,2026-02-25T07:14:11.099Z,2026-02-25T07:14:11.135Z
Shipments,66274,BA019174,CORRIPIO_66274,20260126,CORRIPIO,30240.24,4.44,USD,Y,0b8b870716b1679c50feffb3b3763c21ea5b95cd888ead577c44b15fe947934d,0b8b870716b1679c50feffb3b3763c21ea5b95cd888ead577c44b15fe947934d,2bc9f4b2-833a-40c0-8862-55fa3b7cc2c4,2be3fbcd-0776-4abd-8836-9c6179d2f7fb,2026-02-25T07:14:11.099Z,2026-02-25T07:14:11.135Z
Shipments,66402,AA583389,C.E.L._DISTRIBUTORS_66402,20260130,C.E.L._DISTRIBUTORS,1680.01,9.75,USD,Y,7f92c89585f62ad9cbb2e74963fab4c58845135f386ef85b88da956e1a23623e,7f92c89585f62ad9cbb2e74963fab4c58845135f386ef85b88da956e1a23623e,2bc9f4b2-833a-40c0-8862-55fa3b7cc2c4,2be3fbcd-0776-4abd-8836-9c6179d2f7fb,2026-02-25T07:14:11.099Z,2026-02-25T07:14:11.135Z
Shipments,66317,AA648133,IBERIA_FOODS_NY_66317,20260128,IBERIA_FOODS_NY,1512.01,8.12,USD,Y,fb7ea3372cd2b172bc56aa4a143869089f1ca5f8cf4f61cbf974da00cb825c0c,fb7ea3372cd2b172bc56aa4a143869089f1ca5f8cf4f61cbf974da00cb825c0c,2bc9f4b2-833a-40c0-8862-55fa3b7cc2c4,2be3fbcd-0776-4abd-8836-9c6179d2f7fb,2026-02-25T07:14:11.099Z,2026-02-25T07:14:11.135Z
Shipments,66317,BA000321,IBERIA_FOODS_NY_66317,20260209,IBERIA_FOODS_NY,1465.00,7.30,USD,Y,a4338486c96a264e73939af98fb9f2d979b69f8377ae6005615623314c01f8a2,a4338486c96a264e73939af98fb9f2d979b69f8377ae6005615623314c01f8a2,2bc9f4b2-833a-40c0-8862-55fa3b7cc2c4,2be3fbcd-0776-4abd-8836-9c6179d2f7fb,2026-02-25T07:14:11.099Z,2026-02-25T07:14:11.135Z
Shipments,68947,BA004887,ALMACENES SANTANA_68947,20260129,ALMACENES SANTANA,1512.01,4.18,USD,Y,b0aac75e7551ac367a9c5bf66482675d87570654166aff38cfe61daa537ae822,b0aac75e7551ac367a9c5bf66482675d87570654166aff38cfe61daa537ae822,2bc9f4b2-833a-40c0-8862-55fa3b7cc2c4,2be3fbcd-0776-4abd-8836-9c6179d2f7fb,2026-02-25T07:14:11.099Z,2026-02-25T07:14:11.135Z
Shipments,2108340,BA005736,IMPADOEL_2108340,20260216,IMPADOEL,10773.09,4.95,USD,Y,553910311a255e0b787d0ab46a97a5f3b1ca82c0a0d228a27975595af61b8089,553910311a255e0b787d0ab46a97a5f3b1ca82c0a0d228a27975595af61b8089,2bc9f4b2-833a-40c0-8862-55fa3b7cc2c4,2be3fbcd-0776-4abd-8836-9c6179d2f7fb,2026-02-25T07:14:11.099Z,2026-02-25T07:14:11.135Z
Shipments,2108340,BA016866,IMPADOEL_2108340,20260128,IMPADOEL,8959.99,0.00,USD,Y,22016ffec736313148c6caf539dbdeff44d29cab3cc396c942767efe5dbdd9b1,22016ffec736313148c6caf539dbdeff44d29cab3cc396c942767efe5dbdd9b1,2bc9f4b2-833a-40c0-8862-55fa3b7cc2c4,2be3fbcd-0776-4abd-8836-9c6179d2f7fb,2026-02-25T07:14:11.099Z,2026-02-25T07:14:11.135Z
Shipments,66402,AA778389,C.E.L._DISTRIBUTORS_66402,20260130,C.E.L._DISTRIBUTORS,4693.22,306.66,USD,Y,f504b68d8281b5c872d682320753914c233f8e9450b003893752700aa063d1cd,f504b68d8281b5c872d682320753914c233f8e9450b003893752700aa063d1cd,2bc9f4b2-833a-40c0-8862-55fa3b7cc2c4,2be3fbcd-0776-4abd-8836-9c6179d2f7fb,2026-02-25T07:14:11.099Z,2026-02-25T07:14:11.135Z
Shipments,66320,AA577392,TICO_66320,20260130,TICO,480.00,10.05,USD,Y,5f78756a9c95718e47bc9f1c926e9e584725d3bca0dbe310b2065b9ce52a54df,5f78756a9c95718e47bc9f1c926e9e584725d3bca0dbe310b2065b9ce52a54df,2bc9f4b2-833a-40c0-8862-55fa3b7cc2c4,2be3fbcd-0776-4abd-8836-9c6179d2f7fb,2026-02-25T07:14:11.099Z,2026-02-25T07:14:11.135Z
Shipments,66402,AA819392,C.E.L._DISTRIBUTORS_66402,20260130,C.E.L._DISTRIBUTORS,213.33,18.00,USD,Y,6200cff0a6e83d27556350feaf76f0b1fce7b57dec990a5346eb9f5d212a41b2,6200cff0a6e83d27556350feaf76f0b1fce7b57dec990a5346eb9f5d212a41b2,2bc9f4b2-833a-40c0-8862-55fa3b7cc2c4,2be3fbcd-0776-4abd-8836-9c6179d2f7fb,2026-02-25T07:14:11.099Z,2026-02-25T07:14:11.135Z
Shipments,66385,AAF1010075,REFRESCO_66385,20260202,REFRESCO,6701.59,0.00,USD,Y,e967e43559a75140da053ffe74e6055304b2c61026ca084ff6fe3a8dbccf3363,e967e43559a75140da053ffe74e6055304b2c61026ca084ff6fe3a8dbccf3363,2bc9f4b2-833a-40c0-8862-55fa3b7cc2c4,2be3fbcd-0776-4abd-8836-9c6179d2f7fb,2026-02-25T07:14:11.099Z,2026-02-25T07:14:11.135Z
Shipments,66402,AA819392,C.E.L._DISTRIBUTORS_66402,20260123,C.E.L._DISTRIBUTORS,26.67,18.00,USD,Y,a1c45d14e6d7fdeb48f9c0d61f5d538b0cb707a270da97c4ab9358120ed502c4,a1c45d14e6d7fdeb48f9c0d61f5d538b0cb707a270da97c4ab9358120ed502c4,2bc9f4b2-833a-40c0-8862-55fa3b7cc2c4,2be3fbcd-0776-4abd-8836-9c6179d2f7fb,2026-02-25T07:14:11.099Z,2026-02-25T07:14:11.135Z
Shipments,66317,AA648077,IBERIA_FOODS_NY_66317,20260128,IBERIA_FOODS_NY,1512.01,8.12,USD,Y,49200caeda68f816bd62fcee4f59ea93522cf4bb3549e4edad29c5220aa598a8,49200caeda68f816bd62fcee4f59ea93522cf4bb3549e4edad29c5220aa598a8,2bc9f4b2-833a-40c0-8862-55fa3b7cc2c4,2be3fbcd-0776-4abd-8836-9c6179d2f7fb,2026-02-25T07:14:11.099Z,2026-02-25T07:14:11.135Z
Shipments,66385,BA006907,REFRESCO_66385,20260219,REFRESCO,6701.59,0.00,USD,Y,829ffa808f60e109db252ee1e325d5d2351d92728b978b5a7b895dbc865df9ab,829ffa808f60e109db252ee1e325d5d2351d92728b978b5a7b895dbc865df9ab,2bc9f4b2-833a-40c0-8862-55fa3b7cc2c4,2be3fbcd-0776-4abd-8836-9c6179d2f7fb,2026-02-25T07:14:11.099Z,2026-02-25T07:14:11.135Z
Shipments,68111,BA022756,TROPICAL FRESH_68111,20260129,TROPICAL FRESH,2700.02,12.07,USD,Y,82ebd57f9e96917166958e7c0b0b7ac66de4604e14c53638595daa8d1f8f10b9,82ebd57f9e96917166958e7c0b0b7ac66de4604e14c53638595daa8d1f8f10b9,2bc9f4b2-833a-40c0-8862-55fa3b7cc2c4,2be3fbcd-0776-4abd-8836-9c6179d2f7fb,2026-02-25T07:14:11.099Z,2026-02-25T07:14:11.135Z
Shipments,2108340,BA020758,IMPADOEL_2108340,20260128,IMPADOEL,880.01,0.00,USD,Y,18a1598f3aeaa36bc63df944fba768d0c3f7cee22d143de683c95f0b6d248aee,18a1598f3aeaa36bc63df944fba768d0c3f7cee22d143de683c95f0b6d248aee,2bc9f4b2-833a-40c0-8862-55fa3b7cc2c4,2be3fbcd-0776-4abd-8836-9c6179d2f7fb,2026-02-25T07:14:11.099Z,2026-02-25T07:14:11.135Z
Shipments,66317,BA007452,IBERIA_FOODS_NY_66317,20260128,IBERIA_FOODS_NY,150.00,11.05,USD,Y,d7ff21ce0878d0a2d433e3a983ebe45ad1763cf194766c36f52783ff44c3d48e,d7ff21ce0878d0a2d433e3a983ebe45ad1763cf194766c36f52783ff44c3d48e,2bc9f4b2-833a-40c0-8862-55fa3b7cc2c4,2be3fbcd-0776-4abd-8836-9c6179d2f7fb,2026-02-25T07:14:11.099Z,2026-02-25T07:14:11.135Z
Shipments,66385,BA022756,REFRESCO_66385,20260122,REFRESCO,6701.59,0.00,USD,Y,fe3fde636e8b8ea2934b8ba600caa1082003c6ef68eccdbd97d1e5250210d29a,fe3fde636e8b8ea2934b8ba600caa1082003c6ef68eccdbd97d1e5250210d29a,2bc9f4b2-833a-40c0-8862-55fa3b7cc2c4,2be3fbcd-0776-4abd-8836-9c6179d2f7fb,2026-02-25T07:14:11.099Z,2026-02-25T07:14:11.135Z
Shipments,2108340,BA006258,IMPADOEL_2108340,20260123,IMPADOEL,1102.50,0.00,USD,Y,0985e73319751181c8ffd308bb07b6583512ec27530df8bb3bcc47fd77cda20c,0985e73319751181c8ffd308bb07b6583512ec27530df8bb3bcc47fd77cda20c,2bc9f4b2-833a-40c0-8862-55fa3b7cc2c4,2be3fbcd-0776-4abd-8836-9c6179d2f7fb,2026-02-25T07:14:11.099Z,2026-02-25T07:14:11.135Z
Shipments,66385,BA018679,REFRESCO_66385,20260223,REFRESCO,138.98,0.00,USD,Y,ce1ae6d0133c6d16c2ab0581595bc7a9e3c538deca9753756fa30ed774da14d2,ce1ae6d0133c6d16c2ab0581595bc7a9e3c538deca9753756fa30ed774da14d2,2bc9f4b2-833a-40c0-8862-55fa3b7cc2c4,2be3fbcd-0776-4abd-8836-9c6179d2f7fb,2026-02-25T07:14:11.099Z,2026-02-25T07:14:11.135Z
Shipments,68505,AA577601,HEALTHWELL BRANDS_68505,20260130,HEALTHWELL BRANDS,480.00,8.32,USD,Y,5ac50c6f1238d9c64d68933a48c2ec40d1fdeae002084cc8a8f4c8ed2151234a,5ac50c6f1238d9c64d68933a48c2ec40d1fdeae002084cc8a8f4c8ed2151234a,2bc9f4b2-833a-40c0-8862-55fa3b7cc2c4,2be3fbcd-0776-4abd-8836-9c6179d2f7fb,2026-02-25T07:14:11.099Z,2026-02-25T07:14:11.135Z
Shipments,66318,AA760389,SUNBURST_TRADING_66318,20260114,SUNBURST_TRADING,100.00,22.50,USD,Y,df85dbf350c04e35ea3438509356f3c02bcd0d84620bfa44afca166012fa6b91,df85dbf350c04e35ea3438509356f3c02bcd0d84620bfa44afca166012fa6b91,2bc9f4b2-833a-40c0-8862-55fa3b7cc2c4,2be3fbcd-0776-4abd-8836-9c6179d2f7fb,2026-02-25T07:14:11.099Z,2026-02-25T07:14:11.135Z
Shipments,66385,AA760601,REFRESCO_66385,20260202,REFRESCO,206.41,0.00,USD,Y,a8f3414808b68ef52f2ab43f37bf1020ad3cfa26b63c2f2439999ca7dfd696ae,a8f3414808b68ef52f2ab43f37bf1020ad3cfa26b63c2f2439999ca7dfd696ae,2bc9f4b2-833a-40c0-8862-55fa3b7cc2c4,2be3fbcd-0776-4abd-8836-9c6179d2f7fb,2026-02-25T07:14:11.099Z,2026-02-25T07:14:11.135Z
Shipments,66385,AA781391,REFRESCO_66385,20260220,REFRESCO,123.00,0.00,USD,Y,5eed1f3fd2fe882f1a1235cfa81058ce11f070f8752d951c7709fac84f431f5f,5eed1f3fd2fe882f1a1235cfa81058ce11f070f8752d951c7709fac84f431f5f,2bc9f4b2-833a-40c0-8862-55fa3b7cc2c4,2be3fbcd-0776-4abd-8836-9c6179d2f7fb,2026-02-25T07:14:11.099Z,2026-02-25T07:14:11.135Z
Shipments,66317,BA000321,IBERIA_FOODS_NY_66317,20260122,IBERIA_FOODS_NY,2930.00,7.30,USD,Y,f1dcd654522d6a60211fdabb2ecb91f17527980fdbddda6263c07749aa93cdf1,f1dcd654522d6a60211fdabb2ecb91f17527980fdbddda6263c07749aa93cdf1,2bc9f4b2-833a-40c0-8862-55fa3b7cc2c4,2be3fbcd-0776-4abd-8836-9c6179d2f7fb,2026-02-25T07:14:11.099Z,2026-02-25T07:14:11.135Z
Shipments,66570,AA583392,HANSCHELL_66570,20260127,HANSCHELL,600.00,9.20,USD,Y,504fb61daa322f47d6af1b55f8c72048c3d11fbb9293b65ba6bfeb972900b20b,504fb61daa322f47d6af1b55f8c72048c3d11fbb9293b65ba6bfeb972900b20b,2bc9f4b2-833a-40c0-8862-55fa3b7cc2c4,2be3fbcd-0776-4abd-8836-9c6179d2f7fb,2026-02-25T07:14:11.099Z,2026-02-25T07:14:11.135Z
Shipments,66385,AA781391,REFRESCO_66385,20260223,REFRESCO,138.98,0.00,USD,Y,b302395438cd61cf9b7bdf0e9eb1737aeeb143e2556d90a4e2ccbb528ba1590e,b302395438cd61cf9b7bdf0e9eb1737aeeb143e2556d90a4e2ccbb528ba1590e,2bc9f4b2-833a-40c0-8862-55fa3b7cc2c4,2be3fbcd-0776-4abd-8836-9c6179d2f7fb,2026-02-25T07:14:11.099Z,2026-02-25T07:14:11.135Z
Shipments,66385,BA022100,REFRESCO_66385,20260209,REFRESCO,6701.59,0.00,USD,Y,0a04265d03fae37646ea92ff71c6f279e2d1a66178b23b82734fe217e9d195b0,0a04265d03fae37646ea92ff71c6f279e2d1a66178b23b82734fe217e9d195b0,2bc9f4b2-833a-40c0-8862-55fa3b7cc2c4,2be3fbcd-0776-4abd-8836-9c6179d2f7fb,2026-02-25T07:14:11.099Z,2026-02-25T07:14:11.135Z
Shipments,66382,BA000793,DISTRIBUIDORA_EUROPEA_66382,20260130,DISTRIBUIDORA_EUROPEA,64347.37,0.00,USD,Y,02632ff2e271ae534ade2ce2499370d9b8721c39dfcf963f2121cd8d72e93b37,02632ff2e271ae534ade2ce2499370d9b8721c39dfcf963f2121cd8d72e93b37,2bc9f4b2-833a-40c0-8862-55fa3b7cc2c4,2be3fbcd-0776-4abd-8836-9c6179d2f7fb,2026-02-25T07:14:11.099Z,2026-02-25T07:14:11.135Z
Shipments,66385,BA022756,REFRESCO_66385,20260209,REFRESCO,6701.59,0.00,USD,Y,632ceb329bc07398cadc726de131744082958edf7a69e178c4bda9680669bb5e,632ceb329bc07398cadc726de131744082958edf7a69e178c4bda9680669bb5e,2bc9f4b2-833a-40c0-8862-55fa3b7cc2c4,2be3fbcd-0776-4abd-8836-9c6179d2f7fb,2026-02-25T07:14:11.099Z,2026-02-25T07:14:11.135Z
Shipments,66402,AA583600,C.E.L._DISTRIBUTORS_66402,20260130,C.E.L._DISTRIBUTORS,560.00,9.75,USD,Y,2faa0263af8651f4aee638b3b4a8cfc74237739712973ff16cb4ba1d49e55032,2faa0263af8651f4aee638b3b4a8cfc74237739712973ff16cb4ba1d49e55032,2bc9f4b2-833a-40c0-8862-55fa3b7cc2c4,2be3fbcd-0776-4abd-8836-9c6179d2f7fb,2026-02-25T07:14:11.099Z,2026-02-25T07:14:11.135Z
Shipments,66385,AAF1010075,REFRESCO_66385,20260122,REFRESCO,6701.59,0.00,USD,Y,c6428144e56a0efe965c0c3f13ff2ecf0d6d53b989b9cb6e2fe4d5721bb2bb1e,c6428144e56a0efe965c0c3f13ff2ecf0d6d53b989b9cb6e2fe4d5721bb2bb1e,2bc9f4b2-833a-40c0-8862-55fa3b7cc2c4,2be3fbcd-0776-4abd-8836-9c6179d2f7fb,2026-02-25T07:14:11.099Z,2026-02-25T07:14:11.135Z
Shipments,66317,BA010921,IBERIA_FOODS_NY_66317,20260128,IBERIA_FOODS_NY,330.00,10.48,USD,Y,428f5c798854c4e3eaf2d60f1d3f61dfcc9c247ae62e2430a2e5ba498df8f7fd,428f5c798854c4e3eaf2d60f1d3f61dfcc9c247ae62e2430a2e5ba498df8f7fd,2bc9f4b2-833a-40c0-8862-55fa3b7cc2c4,2be3fbcd-0776-4abd-8836-9c6179d2f7fb,2026-02-25T07:14:11.099Z,2026-02-25T07:14:11.135Z
Shipments,66385,BA019771,REFRESCO_66385,20260121,REFRESCO,670.16,0.00,USD,Y,50111adf2e16076423f460f06392cb5c9f524bdf739e4f284a1a36cb403e4f70,50111adf2e16076423f460f06392cb5c9f524bdf739e4f284a1a36cb403e4f70,2bc9f4b2-833a-40c0-8862-55fa3b7cc2c4,2be3fbcd-0776-4abd-8836-9c6179d2f7fb,2026-02-25T07:14:11.099Z,2026-02-25T07:14:11.135Z
Shipments,66385,BA019772,REFRESCO_66385,20260122,REFRESCO,7431.59,0.00,USD,Y,7c1b837136ae81b132a7f42c37aa243f35926f637063c3598897f45d4e58a8d6,7c1b837136ae81b132a7f42c37aa243f35926f637063c3598897f45d4e58a8d6,2bc9f4b2-833a-40c0-8862-55fa3b7cc2c4,2be3fbcd-0776-4abd-8836-9c6179d2f7fb,2026-02-25T07:14:11.099Z,2026-02-25T07:14:11.135Z
Shipments,2067820,AA251190,TRANSMUNDI_2067820,20260126,TRANSMUNDI,990.01,0.00,USD,Y,51581db9f3f03a864f339db26439555321641b7e765f5cf7c8ab3a6a297ec2db,51581db9f3f03a864f339db26439555321641b7e765f5cf7c8ab3a6a297ec2db,2bc9f4b2-833a-40c0-8862-55fa3b7cc2c4,2be3fbcd-0776-4abd-8836-9c6179d2f7fb,2026-02-25T07:14:11.099Z,2026-02-25T07:14:11.135Z
Shipments,66402,AA583389,C.E.L._DISTRIBUTORS_66402,20260123,C.E.L._DISTRIBUTORS,280.00,9.75,USD,Y,44df5bac3e0dde748415bdfaba33e75c807a2f4d13ef94bb579d6db5f71a8676,44df5bac3e0dde748415bdfaba33e75c807a2f4d13ef94bb579d6db5f71a8676,2bc9f4b2-833a-40c0-8862-55fa3b7cc2c4,2be3fbcd-0776-4abd-8836-9c6179d2f7fb,2026-02-25T07:14:11.099Z,2026-02-25T07:14:11.135Z
Shipments,2108340,BA006258,IMPADOEL_2108340,20260128,IMPADOEL,105.00,0.00,USD,Y,f3da7cc4be617eae4c550049c1f15b4d035ea3a30c7647b56a26a2b00b742833,f3da7cc4be617eae4c550049c1f15b4d035ea3a30c7647b56a26a2b00b742833,2bc9f4b2-833a-40c0-8862-55fa3b7cc2c4,2be3fbcd-0776-4abd-8836-9c6179d2f7fb,2026-02-25T07:14:11.099Z,2026-02-25T07:14:11.135Z
Shipments,2108340,BA005741,IMPADOEL_2108340,20260128,IMPADOEL,189.00,0.00,USD,Y,7fe4a2c5daf2047e167a1de74714812322232076b7eb38a7c49cd32c184dedf3,7fe4a2c5daf2047e167a1de74714812322232076b7eb38a7c49cd32c184dedf3,2bc9f4b2-833a-40c0-8862-55fa3b7cc2c4,2be3fbcd-0776-4abd-8836-9c6179d2f7fb,2026-02-25T07:14:11.099Z,2026-02-25T07:14:11.135Z
Shipments,66385,BA019771,REFRESCO_66385,20260122,REFRESCO,6701.59,0.00,USD,Y,d02151e971ede697874a4e464757aa6c2c25516aa239c5e543ef7fa936183a2d,d02151e971ede697874a4e464757aa6c2c25516aa239c5e543ef7fa936183a2d,2bc9f4b2-833a-40c0-8862-55fa3b7cc2c4,2be3fbcd-0776-4abd-8836-9c6179d2f7fb,2026-02-25T07:14:11.099Z,2026-02-25T07:14:11.135Z
Shipments,66385,BA019772,REFRESCO_66385,20260202,REFRESCO,7431.59,0.00,USD,Y,39c0ce75bafadebbadd74b1ae911975de059c6761ce4f633fa8eaa5847e096bc,39c0ce75bafadebbadd74b1ae911975de059c6761ce4f633fa8eaa5847e096bc,2bc9f4b2-833a-40c0-8862-55fa3b7cc2c4,2be3fbcd-0776-4abd-8836-9c6179d2f7fb,2026-02-25T07:14:11.099Z,2026-02-25T07:14:11.135Z
Shipments,66385,BA019773,REFRESCO_66385,20260121,REFRESCO,20.64,0.00,USD,Y,e51948a36bc4a80faa4b0fe06cc8c4d32a9bcb08a5ae69c0bc8dab33ce6c139f,e51948a36bc4a80faa4b0fe06cc8c4d32a9bcb08a5ae69c0bc8dab33ce6c139f,2bc9f4b2-833a-40c0-8862-55fa3b7cc2c4,2be3fbcd-0776-4abd-8836-9c6179d2f7fb,2026-02-25T07:14:11.099Z,2026-02-25T07:14:11.135Z
Shipments,66385,BA019698,REFRESCO_66385,20260223,REFRESCO,138.98,0.00,USD,Y,b896abe158e5a3856607b2e2ca01f18442f18bf838f820b5db6f8bbd191057a4,b896abe158e5a3856607b2e2ca01f18442f18bf838f820b5db6f8bbd191057a4,2bc9f4b2-833a-40c0-8862-55fa3b7cc2c4,2be3fbcd-0776-4abd-8836-9c6179d2f7fb,2026-02-25T07:14:11.099Z,2026-02-25T07:14:11.135Z
Shipments,66301,AA780392,IBERIA_FOODS_FL_66301,20260116,IBERIA_FOODS_FL,1440.01,14.61,USD,Y,7a168e98ca3695bb4c25224511adbf3ff64b76ea63699dc065fa64bdb053694b,7a168e98ca3695bb4c25224511adbf3ff64b76ea63699dc065fa64bdb053694b,2bc9f4b2-833a-40c0-8862-55fa3b7cc2c4,2be3fbcd-0776-4abd-8836-9c6179d2f7fb,2026-02-25T07:14:11.099Z,2026-02-25T07:14:11.135Z
Shipments,66385,BA026384,REFRESCO_66385,20260121,REFRESCO,694.91,0.00,USD,Y,3e1e7d7f0fd5afefa5d22d61fb987467e8c00b1a6f57d440bf7ebcd02ee14624,3e1e7d7f0fd5afefa5d22d61fb987467e8c00b1a6f57d440bf7ebcd02ee14624,2bc9f4b2-833a-40c0-8862-55fa3b7cc2c4,2be3fbcd-0776-4abd-8836-9c6179d2f7fb,2026-02-25T07:14:11.099Z,2026-02-25T07:14:11.135Z
Shipments,2064553,AA286202,SAN_RAFAEL_2064553,20260213,SAN_RAFAEL,4158.03,0.00,USD,Y,5e0c3e4eb2c65ef1650fb0362ef65ec78e87c2d6c64d47ae3b32c8f3efff52fe,5e0c3e4eb2c65ef1650fb0362ef65ec78e87c2d6c64d47ae3b32c8f3efff52fe,2bc9f4b2-833a-40c0-8862-55fa3b7cc2c4,2be3fbcd-0776-4abd-8836-9c6179d2f7fb,2026-02-25T07:14:11.099Z,2026-02-25T07:14:11.135Z
Shipments,66385,BA019772,REFRESCO_66385,20260219,REFRESCO,7431.59,0.00,USD,Y,e200f4de79bbb9c2fe4535ddb439d1fe6095ffa0fcdc6fe3520d2a740435c646,e200f4de79bbb9c2fe4535ddb439d1fe6095ffa0fcdc6fe3520d2a740435c646,2bc9f4b2-833a-40c0-8862-55fa3b7cc2c4,2be3fbcd-0776-4abd-8836-9c6179d2f7fb,2026-02-25T07:14:11.099Z,2026-02-25T07:14:11.135Z
Shipments,66402,AA583601,C.E.L._DISTRIBUTORS_66402,20260123,C.E.L._DISTRIBUTORS,280.00,10.70,USD,Y,0620a5c168ef030377d22850966680aece1ddad5247ec839d223e07ed615c053,0620a5c168ef030377d22850966680aece1ddad5247ec839d223e07ed615c053,2bc9f4b2-833a-40c0-8862-55fa3b7cc2c4,2be3fbcd-0776-4abd-8836-9c6179d2f7fb,2026-02-25T07:14:11.099Z,2026-02-25T07:14:11.135Z
Shipments,2108340,BA011319,IMPADOEL_2108340,20260216,IMPADOEL,24320.19,4.36,USD,Y,7465c07b99f79b1770106d7a84653353c4e5a0db12ca6bba5fdd58db3f1b127f,7465c07b99f79b1770106d7a84653353c4e5a0db12ca6bba5fdd58db3f1b127f,2bc9f4b2-833a-40c0-8862-55fa3b7cc2c4,2be3fbcd-0776-4abd-8836-9c6179d2f7fb,2026-02-25T07:14:11.099Z,2026-02-25T07:14:11.135Z
Shipments,66385,BA026385,REFRESCO_66385,20260223,REFRESCO,138.98,0.00,USD,Y,4b6dbb01b46cddd92a4bbe3423a0445c76b497c016ff1ef866debcb71a20704b,4b6dbb01b46cddd92a4bbe3423a0445c76b497c016ff1ef866debcb71a20704b,2bc9f4b2-833a-40c0-8862-55fa3b7cc2c4,2be3fbcd-0776-4abd-8836-9c6179d2f7fb,2026-02-25T07:14:11.099Z,2026-02-25T07:14:11.135Z
Shipments,66385,AA577601,REFRESCO_66385,20260202,REFRESCO,6701.59,0.00,USD,Y,3393d576daddd7b9d068d9b48cdf735785195403e0b723ea74916d6f8333e90d,3393d576daddd7b9d068d9b48cdf735785195403e0b723ea74916d6f8333e90d,2bc9f4b2-833a-40c0-8862-55fa3b7cc2c4,2be3fbcd-0776-4abd-8836-9c6179d2f7fb,2026-02-25T07:14:11.099Z,2026-02-25T07:14:11.135Z
Shipments,66385,BA022100,REFRESCO_66385,20260219,REFRESCO,6701.59,0.00,USD,Y,10026d92f5bf7872f042f2242ec7e13d3c22db2b7d0ad7aaa96a255818414869,10026d92f5bf7872f042f2242ec7e13d3c22db2b7d0ad7aaa96a255818414869,2bc9f4b2-833a-40c0-8862-55fa3b7cc2c4,2be3fbcd-0776-4abd-8836-9c6179d2f7fb,2026-02-25T07:14:11.099Z,2026-02-25T07:14:11.135Z
Shipments,66385,BA022099,REFRESCO_66385,20260120,REFRESCO,6701.59,0.00,USD,Y,5839175e7fc8ac705e6b59bb31c0f15494b15c0070d1b2e22ded39c33be905a3,5839175e7fc8ac705e6b59bb31c0f15494b15c0070d1b2e22ded39c33be905a3,2bc9f4b2-833a-40c0-8862-55fa3b7cc2c4,2be3fbcd-0776-4abd-8836-9c6179d2f7fb,2026-02-25T07:14:11.099Z,2026-02-25T07:14:11.135Z
Shipments,66402,AA819601,C.E.L._DISTRIBUTORS_66402,20260123,C.E.L._DISTRIBUTORS,26.67,36.00,USD,Y,5c565f12c916714fb97ecf0f15a4d2f3c4f6532baefcfa8dc5a3c8219f1324fa,5c565f12c916714fb97ecf0f15a4d2f3c4f6532baefcfa8dc5a3c8219f1324fa,2bc9f4b2-833a-40c0-8862-55fa3b7cc2c4,2be3fbcd-0776-4abd-8836-9c6179d2f7fb,2026-02-25T07:14:11.099Z,2026-02-25T07:14:11.135Z
Shipments,66385,BA019773,REFRESCO_66385,20260219,REFRESCO,206.41,0.00,USD,Y,71584562d7fdb2a67d035f1f6463120e36f28cd5327d20516f3a9e29a025e832,71584562d7fdb2a67d035f1f6463120e36f28cd5327d20516f3a9e29a025e832,2bc9f4b2-833a-40c0-8862-55fa3b7cc2c4,2be3fbcd-0776-4abd-8836-9c6179d2f7fb,2026-02-25T07:14:11.099Z,2026-02-25T07:14:11.135Z
Shipments,68947,BA019170,ALMACENES SANTANA_68947,20260129,ALMACENES SANTANA,1890.02,4.18,USD,Y,02870de57dc18d8bf8f1f57e97eb603d0bd38d12223cd46f52e07bd44e2643ad,02870de57dc18d8bf8f1f57e97eb603d0bd38d12223cd46f52e07bd44e2643ad,2bc9f4b2-833a-40c0-8862-55fa3b7cc2c4,2be3fbcd-0776-4abd-8836-9c6179d2f7fb,2026-02-25T07:14:11.099Z,2026-02-25T07:14:11.135Z
Shipments,66378,AA648133,RIO_GRANDE_66378,20260126,RIO_GRANDE,756.01,7.85,USD,Y,df2cdf8f76ef1d15f7bc9cf32e6857755ac87d37923b23d2c84c36cc42ec8b82,df2cdf8f76ef1d15f7bc9cf32e6857755ac87d37923b23d2c84c36cc42ec8b82,2bc9f4b2-833a-40c0-8862-55fa3b7cc2c4,2be3fbcd-0776-4abd-8836-9c6179d2f7fb,2026-02-25T07:14:11.099Z,2026-02-25T07:14:11.135Z
Shipments,2108340,BA011198,IMPADOEL_2108340,20260123,IMPADOEL,6000.00,0.00,USD,Y,2ddd1e9394220106fb191f3396e9e79b841073453313aa52a4a192310815813a,2ddd1e9394220106fb191f3396e9e79b841073453313aa52a4a192310815813a,2bc9f4b2-833a-40c0-8862-55fa3b7cc2c4,2be3fbcd-0776-4abd-8836-9c6179d2f7fb,2026-02-25T07:14:11.099Z,2026-02-25T07:14:11.135Z
Shipments,66385,BA022099,REFRESCO_66385,20260219,REFRESCO,6701.59,0.00,USD,Y,718cd576bb6ab9754241ded0cd66f31988c43d9e21c14ea88654e30dcc631a85,718cd576bb6ab9754241ded0cd66f31988c43d9e21c14ea88654e30dcc631a85,2bc9f4b2-833a-40c0-8862-55fa3b7cc2c4,2be3fbcd-0776-4abd-8836-9c6179d2f7fb,2026-02-25T07:14:11.099Z,2026-02-25T07:14:11.135Z
Shipments,66385,BA026386,REFRESCO_66385,20260220,REFRESCO,369.00,0.00,USD,Y,2207d7092ff6150e321287927b28698e8b872cffd37fbe06aed50373651fb222,2207d7092ff6150e321287927b28698e8b872cffd37fbe06aed50373651fb222,2bc9f4b2-833a-40c0-8862-55fa3b7cc2c4,2be3fbcd-0776-4abd-8836-9c6179d2f7fb,2026-02-25T07:14:11.099Z,2026-02-25T07:14:11.135Z
Shipments,2108340,BA005736,IMPADOEL_2108340,20260128,IMPADOEL,11340.09,0.00,USD,Y,b28709f6cd2c0360f42e6411574322978394553390d85718ad5a1c881be5d6c8,b28709f6cd2c0360f42e6411574322978394553390d85718ad5a1c881be5d6c8,2bc9f4b2-833a-40c0-8862-55fa3b7cc2c4,2be3fbcd-0776-4abd-8836-9c6179d2f7fb,2026-02-25T07:14:11.099Z,2026-02-25T07:14:11.135Z
Shipments,66402,AA583600,C.E.L._DISTRIBUTORS_66402,20260123,C.E.L._DISTRIBUTORS,56.00,9.75,USD,Y,985cd21e101948eaedd3e18d858d0c3ef0d4b0cbd19271edab454dde68b621e5,985cd21e101948eaedd3e18d858d0c3ef0d4b0cbd19271edab454dde68b621e5,2bc9f4b2-833a-40c0-8862-55fa3b7cc2c4,2be3fbcd-0776-4abd-8836-9c6179d2f7fb,2026-02-25T07:14:11.099Z,2026-02-25T07:14:11.135Z
Shipments,66320,AA577601,TICO_66320,20260220,TICO,1440.01,10.05,USD,Y,db0899dbeb6367eb7a3ef229210f299b126f076b1e9c9cc47a17e9bc4b0436cd,db0899dbeb6367eb7a3ef229210f299b126f076b1e9c9cc47a17e9bc4b0436cd,2bc9f4b2-833a-40c0-8862-55fa3b7cc2c4,2be3fbcd-0776-4abd-8836-9c6179d2f7fb,2026-02-25T07:14:11.099Z,2026-02-25T07:14:11.135Z
Shipments,2108340,BA005742,IMPADOEL_2108340,20260128,IMPADOEL,189.00,0.00,USD,Y,47c91baf51475083d34a64902e20cc50d3ed5cef62d4b7430840d46f1e1b7bdc,47c91baf51475083d34a64902e20cc50d3ed5cef62d4b7430840d46f1e1b7bdc,2bc9f4b2-833a-40c0-8862-55fa3b7cc2c4,2be3fbcd-0776-4abd-8836-9c6179d2f7fb,2026-02-25T07:14:11.099Z,2026-02-25T07:14:11.135Z
Shipments,66317,AA648079,IBERIA_FOODS_NY_66317,20260128,IBERIA_FOODS_NY,756.01,8.12,USD,Y,1f0ff5ab337e655a051101321617bce16b2d065061c73b88829dda0dacfcb1ea,1f0ff5ab337e655a051101321617bce16b2d065061c73b88829dda0dacfcb1ea,2bc9f4b2-833a-40c0-8862-55fa3b7cc2c4,2be3fbcd-0776-4abd-8836-9c6179d2f7fb,2026-02-25T07:14:11.099Z,2026-02-25T07:14:11.135Z
Shipments,66385,BA026386,REFRESCO_66385,20260121,REFRESCO,2084.73,0.00,USD,Y,d336aac945745b31a103e6cb952dc4e4186e4c6037e411bdaac2c6ff5b92d024,d336aac945745b31a103e6cb952dc4e4186e4c6037e411bdaac2c6ff5b92d024,2bc9f4b2-833a-40c0-8862-55fa3b7cc2c4,2be3fbcd-0776-4abd-8836-9c6179d2f7fb,2026-02-25T07:14:11.099Z,2026-02-25T07:14:11.135Z
Shipments,66301,AA760392,IBERIA_FOODS_FL_66301,20260223,IBERIA_FOODS_FL,2080.00,10.50,USD,Y,a3f043b73339e001d766ef32eeec79fbc8f94a3f8dcaf0236f77a3e0c19a72e3,a3f043b73339e001d766ef32eeec79fbc8f94a3f8dcaf0236f77a3e0c19a72e3,2bc9f4b2-833a-40c0-8862-55fa3b7cc2c4,2be3fbcd-0776-4abd-8836-9c6179d2f7fb,2026-02-25T07:14:11.099Z,2026-02-25T07:14:11.135Z
Shipments,66385,BA022623,REFRESCO_66385,20260219,REFRESCO,8256.34,10.68,USD,Y,f173c1441de0b9f4c88ecab6b3c71d8e6a5ff91b9c0f7dbd3c7614cfd5a41783,f173c1441de0b9f4c88ecab6b3c71d8e6a5ff91b9c0f7dbd3c7614cfd5a41783,2bc9f4b2-833a-40c0-8862-55fa3b7cc2c4,2be3fbcd-0776-4abd-8836-9c6179d2f7fb,2026-02-25T07:14:11.099Z,2026-02-25T07:14:11.135Z
Shipments,66385,BA019698,REFRESCO_66385,20260121,REFRESCO,694.91,0.00,USD,Y,f5a72cdb549baad1e7a6be0a2a868a5aba2418070ed791d3fd79cfce3ca69a20,f5a72cdb549baad1e7a6be0a2a868a5aba2418070ed791d3fd79cfce3ca69a20,2bc9f4b2-833a-40c0-8862-55fa3b7cc2c4,2be3fbcd-0776-4abd-8836-9c6179d2f7fb,2026-02-25T07:14:11.099Z,2026-02-25T07:14:11.135Z
Shipments,66385,BA018680,REFRESCO_66385,20260220,REFRESCO,123.00,0.00,USD,Y,41c741c5547a13c6bada7b661b4b69dd87741a49340833e8cc6ca74eed4146a8,41c741c5547a13c6bada7b661b4b69dd87741a49340833e8cc6ca74eed4146a8,2bc9f4b2-833a-40c0-8862-55fa3b7cc2c4,2be3fbcd-0776-4abd-8836-9c6179d2f7fb,2026-02-25T07:14:11.099Z,2026-02-25T07:14:11.135Z
Shipments,2108340,BA011319,IMPADOEL_2108340,20260128,IMPADOEL,35040.28,0.00,USD,Y,31782ea509af5e0603e32a9b2342daab8e9fe83346e856c69290962fcc23a4c0,31782ea509af5e0603e32a9b2342daab8e9fe83346e856c69290962fcc23a4c0,2bc9f4b2-833a-40c0-8862-55fa3b7cc2c4,2be3fbcd-0776-4abd-8836-9c6179d2f7fb,2026-02-25T07:14:11.099Z,2026-02-25T07:14:11.135Z
Shipments,66317,AA648078,IBERIA_FOODS_NY_66317,20260128,IBERIA_FOODS_NY,1134.01,8.12,USD,Y,96e43eef5200c575c47c232a9f6245eff7ed0e2585a12ca8a492257fa6fca097,96e43eef5200c575c47c232a9f6245eff7ed0e2585a12ca8a492257fa6fca097,2bc9f4b2-833a-40c0-8862-55fa3b7cc2c4,2be3fbcd-0776-4abd-8836-9c6179d2f7fb,2026-02-25T07:14:11.099Z,2026-02-25T07:14:11.135Z
Shipments,68341,BA022757,ASIA EXPRESS FOOD BV_68341,20260220,ASIA EXPRESS FOOD BV,2700.02,10.80,USD,Y,351d95e0cf14024471d47032599ba6da9f84a9876d381d18979d57caa9e17f45,351d95e0cf14024471d47032599ba6da9f84a9876d381d18979d57caa9e17f45,2bc9f4b2-833a-40c0-8862-55fa3b7cc2c4,2be3fbcd-0776-4abd-8836-9c6179d2f7fb,2026-02-25T07:14:11.099Z,2026-02-25T07:14:11.135Z
Shipments,66303,AA780634,GRAYCO_SALES_66303,20260130,GRAYCO_SALES,1512.01,14.87,USD,Y,fdf0a36d27223a265e17a62a7d6a1493c0c6fab6df7a0b538920048e8a95ee0f,fdf0a36d27223a265e17a62a7d6a1493c0c6fab6df7a0b538920048e8a95ee0f,2bc9f4b2-833a-40c0-8862-55fa3b7cc2c4,2be3fbcd-0776-4abd-8836-9c6179d2f7fb,2026-02-25T07:14:11.099Z,2026-02-25T07:14:11.135Z
Shipments,2108340,BA011319,IMPADOEL_2108340,20260219,IMPADOEL,-11680.09,4.36,USD,Y,802d6e0aa7d763f947e62452b523b2f87a0d8a8093736d428e47934e642ad06a,802d6e0aa7d763f947e62452b523b2f87a0d8a8093736d428e47934e642ad06a,2bc9f4b2-833a-40c0-8862-55fa3b7cc2c4,2be3fbcd-0776-4abd-8836-9c6179d2f7fb,2026-02-25T07:14:11.099Z,2026-02-25T07:14:11.135Z
Shipments,66301,AA780392,IBERIA_FOODS_FL_66301,20260120,IBERIA_FOODS_FL,1440.01,14.61,USD,Y,d519c5f0a118f9e21592c0722af060bec27927172808c64c8f0d03cb79f1b2ae,d519c5f0a118f9e21592c0722af060bec27927172808c64c8f0d03cb79f1b2ae,2bc9f4b2-833a-40c0-8862-55fa3b7cc2c4,2be3fbcd-0776-4abd-8836-9c6179d2f7fb,2026-02-25T07:14:11.099Z,2026-02-25T07:14:11.135Z
Shipments,68947,BA004899,ALMACENES SANTANA_68947,20260130,ALMACENES SANTANA,-6237.05,4.18,USD,Y,6051c1e757c69dcbce660bc58b887ce3fcfba95e0e75f1f07d4176c54805df7a,6051c1e757c69dcbce660bc58b887ce3fcfba95e0e75f1f07d4176c54805df7a,2bc9f4b2-833a-40c0-8862-55fa3b7cc2c4,2be3fbcd-0776-4abd-8836-9c6179d2f7fb,2026-02-25T07:14:11.099Z,2026-02-25T07:14:11.135Z
Shipments,66274,BA019170,CORRIPIO_66274,20260112,CORRIPIO,11340.09,4.55,USD,Y,40c3a29f2ece6fd4dc01bb49237e6d0e97976262c616bd9dda39a1a340be72a2,40c3a29f2ece6fd4dc01bb49237e6d0e97976262c616bd9dda39a1a340be72a2,2bc9f4b2-833a-40c0-8862-55fa3b7cc2c4,2be3fbcd-0776-4abd-8836-9c6179d2f7fb,2026-02-25T07:14:11.099Z,2026-02-25T07:14:11.135Z
Shipments,2108340,BA006969,IMPADOEL_2108340,20260123,IMPADOEL,6624.05,0.00,USD,Y,1cfc9ca4d0ff815b264e7f239e09f86340974e4a049fdcc6308ccb8219f7f476,1cfc9ca4d0ff815b264e7f239e09f86340974e4a049fdcc6308ccb8219f7f476,2bc9f4b2-833a-40c0-8862-55fa3b7cc2c4,2be3fbcd-0776-4abd-8836-9c6179d2f7fb,2026-02-25T07:14:11.099Z,2026-02-25T07:14:11.135Z
Shipments,66402,AA819389,C.E.L._DISTRIBUTORS_66402,20260123,C.E.L._DISTRIBUTORS,53.33,18.96,USD,Y,2e8790a3f623a62b84bc400a2f0530969ed33fc22eb36239e11a73b112f22ae3,2e8790a3f623a62b84bc400a2f0530969ed33fc22eb36239e11a73b112f22ae3,2bc9f4b2-833a-40c0-8862-55fa3b7cc2c4,2be3fbcd-0776-4abd-8836-9c6179d2f7fb,2026-02-25T07:14:11.099Z,2026-02-25T07:14:11.135Z
Shipments,66385,BA019772,REFRESCO_66385,20260209,REFRESCO,7431.59,0.00,USD,Y,63d99e217ccb04a43889d0897bbe65541a5671a632937c277ff169dd5821b5bb,63d99e217ccb04a43889d0897bbe65541a5671a632937c277ff169dd5821b5bb,2bc9f4b2-833a-40c0-8862-55fa3b7cc2c4,2be3fbcd-0776-4abd-8836-9c6179d2f7fb,2026-02-25T07:14:11.099Z,2026-02-25T07:14:11.135Z
Shipments,66384,BA000796,BROOKLYN_66384,20260130,BROOKLYN,13455.68,0.00,USD,Y,c9009308a0b1658e83206c5a97d1e896fb83acc602cd7221d2cffb3f74b7e908,c9009308a0b1658e83206c5a97d1e896fb83acc602cd7221d2cffb3f74b7e908,2bc9f4b2-833a-40c0-8862-55fa3b7cc2c4,2be3fbcd-0776-4abd-8836-9c6179d2f7fb,2026-02-25T07:14:11.099Z,2026-02-25T07:14:11.135Z
