basekey,partname,partsite,suppliersite,source_id,supplier_id,minimumqty,unitcost,materialcost,laborcost,overheadcost,overheadcost2,fixedleadtime,ratio,type,integration_id,execution_id,workflow_execution_id,create_timestamp,last_updated_timestamp,record_key_hash
null,BA014420,Peru_RP04,Peru_RP04,Internal,RP04,25,0,0,0,0,0,30,1.0,make,BA014420~Peru_RP04~Peru_RP04~Internal~RP04~25.0~0.0~0.0~0.0~0.0~0.0~30~1.0,15be25bf-56d4-4c17-94ad-fc89d029559a,1240d3a2-bc21-48cc-ac49-881724b22b8c,2026-02-21T06:22:34.552Z,2026-02-25T07:21:32.226Z,ae697b93bf065a833d72a7d6ef68b0c84d10d7482e52d65bc8835c96a91e6ddb
null,AOP21UK01,Refresco_100011123,Refresco_100011123,Internal,100011123,25,0,0,0,0,0,30,1.0,make,AOP21UK01~Refresco_100011123~Refresco_100011123~Internal~100011123~25.0~0.0~0.0~0.0~0.0~0.0~30~1.0,15be25bf-56d4-4c17-94ad-fc89d029559a,1240d3a2-bc21-48cc-ac49-881724b22b8c,2026-02-21T06:22:34.552Z,2026-02-25T07:21:32.226Z,492eb7b6e4a79f25ff0d16eb20ae198408fb5edf6e23ba20bc126db45a2a89b0
null,BA018686,Tesalia_400000105,Tesalia_400000105,Internal,400000105,25,0,0,0,0,0,30,1.0,make,BA018686~Tesalia_400000105~Tesalia_400000105~Internal~400000105~25.0~0.0~0.0~0.0~0.0~0.0~30~1.0,15be25bf-56d4-4c17-94ad-fc89d029559a,1240d3a2-bc21-48cc-ac49-881724b22b8c,2026-02-21T06:22:34.552Z,2026-02-25T07:21:32.226Z,b9b55dbceaa092908e748a820af7a01277a9bb400ae9cf4a9b8d5391a03f5b84
null,BA018473,Brooklyn BM_100011087,Brooklyn BM_100011087,Internal,100011087,25,0,0,0,0,0,30,1.0,make,BA018473~Brooklyn BM_100011087~Brooklyn BM_100011087~Internal~100011087~25.0~0.0~0.0~0.0~0.0~0.0~30~1.0,15be25bf-56d4-4c17-94ad-fc89d029559a,1240d3a2-bc21-48cc-ac49-881724b22b8c,2026-02-21T06:22:34.552Z,2026-02-25T07:21:32.226Z,feec11bd773e6b9cdcf4ae04a595c089e0a5360d72cd36a2fcd5c613026fbdda
null,AA583600,Jamaica Exports (PCJ)_J001,Jamaica Exports (PCJ)_J001,Internal,J001,25,8.43,7.27,0,0,1.16,30,1.0,make,AA583600~Jamaica Exports (PCJ)_J001~Jamaica Exports (PCJ)_J001~Internal~J001~25.0~8.43~7.27~0.0~0.0~1.16~30~1.0,15be25bf-56d4-4c17-94ad-fc89d029559a,1240d3a2-bc21-48cc-ac49-881724b22b8c,2026-02-21T06:22:34.552Z,2026-02-25T07:21:32.226Z,bdb249547c353289179c131c6e07ebcc34e156a2742a72e587d8f26ff26dec00
null,AA758703,Brooklyn BM_100011087,Brooklyn BM_100011087,Internal,100011087,25,12.62,12.62,0,0,0,30,1.0,make,AA758703~Brooklyn BM_100011087~Brooklyn BM_100011087~Internal~100011087~25.0~12.62~12.62~0.0~0.0~0.0~30~1.0,15be25bf-56d4-4c17-94ad-fc89d029559a,1240d3a2-bc21-48cc-ac49-881724b22b8c,2026-02-21T06:22:34.552Z,2026-02-25T07:21:32.226Z,fdb08aeb28f17498b0272608c3bde3f36690a675b0146ab400531e708abf9dd4
null,BA018680,Refresco_100011123,Refresco_100011123,Internal,100011123,25,0,0,0,0,0,30,1.0,make,BA018680~Refresco_100011123~Refresco_100011123~Internal~100011123~25.0~0.0~0.0~0.0~0.0~0.0~30~1.0,15be25bf-56d4-4c17-94ad-fc89d029559a,1240d3a2-bc21-48cc-ac49-881724b22b8c,2026-02-21T06:22:34.552Z,2026-02-25T07:21:32.226Z,943b5528fb67ec2e0a69ad719516053f01216a5d5cd4726ed01cc3fb8f8ad01a
null,AA018006,Mariposa_GP00,Mariposa_GP00,Internal,GP00,25,0,0,0,0,0,30,1.0,make,AA018006~Mariposa_GP00~Mariposa_GP00~Internal~GP00~25.0~0.0~0.0~0.0~0.0~0.0~30~1.0,15be25bf-56d4-4c17-94ad-fc89d029559a,1240d3a2-bc21-48cc-ac49-881724b22b8c,2026-02-21T06:22:34.552Z,2026-02-25T07:21:32.226Z,86f912190496a481b401215b0bb820b80c2e22684954a136dbd842b7214f8824
null,BA000781,Refresco_100011123,Refresco_100011123,Internal,100011123,25,0,0,0,0,0,30,1.0,make,BA000781~Refresco_100011123~Refresco_100011123~Internal~100011123~25.0~0.0~0.0~0.0~0.0~0.0~30~1.0,15be25bf-56d4-4c17-94ad-fc89d029559a,1240d3a2-bc21-48cc-ac49-881724b22b8c,2026-02-21T06:22:34.552Z,2026-02-25T07:21:32.226Z,f8489c57491117c5d532eccb7d06dcde2c5cae2d134b235d565f4723a3da3fb0
null,BA019929,Tesalia_400000105,Tesalia_400000105,Internal,400000105,25,0,0,0,0,0,30,1.0,make,BA019929~Tesalia_400000105~Tesalia_400000105~Internal~400000105~25.0~0.0~0.0~0.0~0.0~0.0~30~1.0,15be25bf-56d4-4c17-94ad-fc89d029559a,1240d3a2-bc21-48cc-ac49-881724b22b8c,2026-02-21T06:22:34.552Z,2026-02-25T07:21:32.226Z,88a1bde085925ad571ff94030b5c3d3c8f67d60cbafb18a630be7e79866f60dc
null,BA000796,Tesalia_400000105,Tesalia_400000105,Internal,400000105,25,0,0,0,0,0,30,1.0,make,BA000796~Tesalia_400000105~Tesalia_400000105~Internal~400000105~25.0~0.0~0.0~0.0~0.0~0.0~30~1.0,15be25bf-56d4-4c17-94ad-fc89d029559a,1240d3a2-bc21-48cc-ac49-881724b22b8c,2026-02-21T06:22:34.552Z,2026-02-25T07:21:32.226Z,3b2db9136053f4d66340a05e0ee1e74206fc5c1fe5e9fdb3b30beb0d6ef719c5
null,BA018371,Tesalia_400000105,Tesalia_400000105,Internal,400000105,25,0,0,0,0,0,30,1.0,make,BA018371~Tesalia_400000105~Tesalia_400000105~Internal~400000105~25.0~0.0~0.0~0.0~0.0~0.0~30~1.0,15be25bf-56d4-4c17-94ad-fc89d029559a,1240d3a2-bc21-48cc-ac49-881724b22b8c,2026-02-21T06:22:34.552Z,2026-02-25T07:21:32.226Z,6dd1675735319b0047e90d4894a48b259fb7841b77cc66f9370896c8da7fa300
null,BA019772,Refresco_100011123,Refresco_100011123,Internal,100011123,25,0,0,0,0,0,30,1.0,make,BA019772~Refresco_100011123~Refresco_100011123~Internal~100011123~25.0~0.0~0.0~0.0~0.0~0.0~30~1.0,15be25bf-56d4-4c17-94ad-fc89d029559a,1240d3a2-bc21-48cc-ac49-881724b22b8c,2026-02-21T06:22:34.552Z,2026-02-25T07:21:32.226Z,0f12001c4d0dce0c4047ba636977a247a0bbe00192a341b4b3007a04d23fb184
null,BA000786,Tesalia_400000105,Tesalia_400000105,Internal,400000105,25,0,0,0,0,0,30,1.0,make,BA000786~Tesalia_400000105~Tesalia_400000105~Internal~400000105~25.0~0.0~0.0~0.0~0.0~0.0~30~1.0,15be25bf-56d4-4c17-94ad-fc89d029559a,1240d3a2-bc21-48cc-ac49-881724b22b8c,2026-02-21T06:22:34.552Z,2026-02-25T07:21:32.226Z,51fa002190fd5aac4d39f156bdbd5bcae952d63af5a9ece3b0faf8803bf2629c
null,BA026382,Refresco_100011123,Refresco_100011123,Internal,100011123,25,0,0,0,0,0,30,1.0,make,BA026382~Refresco_100011123~Refresco_100011123~Internal~100011123~25.0~0.0~0.0~0.0~0.0~0.0~30~1.0,15be25bf-56d4-4c17-94ad-fc89d029559a,1240d3a2-bc21-48cc-ac49-881724b22b8c,2026-02-21T06:22:34.552Z,2026-02-25T07:21:32.226Z,57c6d03733815281b8e0ce4b038af5159c9f72827ed79099cf70e4ddd8d9f82d
null,AA685006,Mariposa_GP00,Mariposa_GP00,Internal,GP00,25,0,0,0,0,0,30,1.0,make,AA685006~Mariposa_GP00~Mariposa_GP00~Internal~GP00~25.0~0.0~0.0~0.0~0.0~0.0~30~1.0,15be25bf-56d4-4c17-94ad-fc89d029559a,1240d3a2-bc21-48cc-ac49-881724b22b8c,2026-02-21T06:22:34.552Z,2026-02-25T07:21:32.226Z,f92c0b4df80562d7455ec0b8f23aedd4e129588776163d35c3e9e6bd6d8767fa
null,BA003459,Brooklyn BM_100011087,Brooklyn BM_100011087,Internal,100011087,25,0,0,0,0,0,30,1.0,make,BA003459~Brooklyn BM_100011087~Brooklyn BM_100011087~Internal~100011087~25.0~0.0~0.0~0.0~0.0~0.0~30~1.0,15be25bf-56d4-4c17-94ad-fc89d029559a,1240d3a2-bc21-48cc-ac49-881724b22b8c,2026-02-21T06:22:34.552Z,2026-02-25T07:21:32.226Z,9368df8f19d01e618b7d1ff50a683def3a656a2eab2508b7a1c7b55e44aa054b
null,AA760601,Jamaica Exports (PCJ)_J001,Jamaica Exports (PCJ)_J001,Internal,J001,25,32.72,28.08,0,0,4.64,30,1.0,make,AA760601~Jamaica Exports (PCJ)_J001~Jamaica Exports (PCJ)_J001~Internal~J001~25.0~32.72~28.08~0.0~0.0~4.64~30~1.0,15be25bf-56d4-4c17-94ad-fc89d029559a,1240d3a2-bc21-48cc-ac49-881724b22b8c,2026-02-21T06:22:34.552Z,2026-02-25T07:21:32.226Z,ae8e83ddf2e3ede761e1293c036c9330e55562aa84b908a790402f35ffee2fef
null,AA780392,Jamaica Exports (PCJ)_J001,Jamaica Exports (PCJ)_J001,Internal,J001,25,0,0,0,0,0,30,1.0,make,AA780392~Jamaica Exports (PCJ)_J001~Jamaica Exports (PCJ)_J001~Internal~J001~25.0~0.0~0.0~0.0~0.0~0.0~30~1.0,15be25bf-56d4-4c17-94ad-fc89d029559a,1240d3a2-bc21-48cc-ac49-881724b22b8c,2026-02-21T06:22:34.552Z,2026-02-25T07:21:32.226Z,d2861bc8bdbb8ce62a297d59ee8e7d8a70e60323d74d01c18adc0c3618fda38f
null,AA583391,Jamaica Exports (PCJ)_J001,Jamaica Exports (PCJ)_J001,Internal,J001,25,8.43,7.27,0,0,1.16,30,1.0,make,AA583391~Jamaica Exports (PCJ)_J001~Jamaica Exports (PCJ)_J001~Internal~J001~25.0~8.43~7.27~0.0~0.0~1.16~30~1.0,15be25bf-56d4-4c17-94ad-fc89d029559a,1240d3a2-bc21-48cc-ac49-881724b22b8c,2026-02-21T06:22:34.552Z,2026-02-25T07:21:32.226Z,ad32889762180f785da9618571bdbcc254f41f74576e2f692954cf5b6dc874bb
null,BA013074,Mariposa_GP00,Mariposa_GP00,Internal,GP00,25,0,0,0,0,0,30,1.0,make,BA013074~Mariposa_GP00~Mariposa_GP00~Internal~GP00~25.0~0.0~0.0~0.0~0.0~0.0~30~1.0,15be25bf-56d4-4c17-94ad-fc89d029559a,1240d3a2-bc21-48cc-ac49-881724b22b8c,2026-02-21T06:22:34.552Z,2026-02-25T07:21:32.226Z,d736ca2b7a021de99eae770ab551a735b1792c2b96e882b067697293f9f19faf
null,AA760600,Brooklyn BM_100011087,Brooklyn BM_100011087,Internal,100011087,25,0,0,0,0,0,30,1.0,make,AA760600~Brooklyn BM_100011087~Brooklyn BM_100011087~Internal~100011087~25.0~0.0~0.0~0.0~0.0~0.0~30~1.0,15be25bf-56d4-4c17-94ad-fc89d029559a,1240d3a2-bc21-48cc-ac49-881724b22b8c,2026-02-21T06:22:34.552Z,2026-02-25T07:21:32.226Z,84a3650f1fe218272a2b9908d2a581cc818698521978a786acee0b293e2d71a0
null,BA020437,Tesalia_400000105,Tesalia_400000105,Internal,400000105,25,0,0,0,0,0,30,1.0,make,BA020437~Tesalia_400000105~Tesalia_400000105~Internal~400000105~25.0~0.0~0.0~0.0~0.0~0.0~30~1.0,15be25bf-56d4-4c17-94ad-fc89d029559a,1240d3a2-bc21-48cc-ac49-881724b22b8c,2026-02-21T06:22:34.552Z,2026-02-25T07:21:32.226Z,29cd1f9a35f579a818f622a248e2f0363a688c73291e3744a91112898c5e6b9b
null,BA019174,Livsmart_SP00,Livsmart_SP00,Internal,SP00,15,5.572527506186562,3.098937710479217,1.13,0.8419521035934625,0.5016376921138825,30,0.6,make,BA019174~Livsmart_SP00~Livsmart_SP00~Internal~SP00~15.0~5.572527506186562~3.098937710479217~1.13~0.8419521035934625~0.5016376921138825~30~0.6,15be25bf-56d4-4c17-94ad-fc89d029559a,1240d3a2-bc21-48cc-ac49-881724b22b8c,2026-02-21T06:22:34.552Z,2026-02-25T07:21:32.226Z,e05a2f93a438533b818d76ebe36b7607ae8292229e2c4eb6eaf5e4739cbfe7e1
null,BA017078,Brooklyn BM_100011087,Brooklyn BM_100011087,Internal,100011087,25,0,0,0,0,0,30,1.0,make,BA017078~Brooklyn BM_100011087~Brooklyn BM_100011087~Internal~100011087~25.0~0.0~0.0~0.0~0.0~0.0~30~1.0,15be25bf-56d4-4c17-94ad-fc89d029559a,1240d3a2-bc21-48cc-ac49-881724b22b8c,2026-02-21T06:22:34.552Z,2026-02-25T07:21:32.226Z,4f70454bb44cd9c5899dc15725162799150de6ea67a11fdb8c3a28f73ba8e846
null,BA019169,Idealsa_100011805,Idealsa_100011805,Internal,100011805,25,0,0,0,0,0,30,1.0,make,BA019169~Idealsa_100011805~Idealsa_100011805~Internal~100011805~25.0~0.0~0.0~0.0~0.0~0.0~30~1.0,15be25bf-56d4-4c17-94ad-fc89d029559a,1240d3a2-bc21-48cc-ac49-881724b22b8c,2026-02-21T06:22:34.552Z,2026-02-25T07:21:32.226Z,e5fc6d9cf68b99e9f5e6027a077d3887b90aabaeae6fb10635533f10c50db8f7
null,BA001470,Tesalia_400000105,Tesalia_400000105,Internal,400000105,25,0,0,0,0,0,30,1.0,make,BA001470~Tesalia_400000105~Tesalia_400000105~Internal~400000105~25.0~0.0~0.0~0.0~0.0~0.0~30~1.0,15be25bf-56d4-4c17-94ad-fc89d029559a,1240d3a2-bc21-48cc-ac49-881724b22b8c,2026-02-21T06:22:34.552Z,2026-02-25T07:21:32.226Z,3777f9e7741b71d52f73309700dcea63314d1bcf79a6f3eb04d63f5d02adb1b5
null,BA018371,Brooklyn BM_100011087,Brooklyn BM_100011087,Internal,100011087,25,0,0,0,0,0,30,1.0,make,BA018371~Brooklyn BM_100011087~Brooklyn BM_100011087~Internal~100011087~25.0~0.0~0.0~0.0~0.0~0.0~30~1.0,15be25bf-56d4-4c17-94ad-fc89d029559a,1240d3a2-bc21-48cc-ac49-881724b22b8c,2026-02-21T06:22:34.552Z,2026-02-25T07:21:32.226Z,5e7334c8c02c6866ea6d90aa62858bdd3a941c3ff0eb27c55ae5e3787063360f
null,BA021506,Tesalia_400000105,Tesalia_400000105,Internal,400000105,25,0,0,0,0,0,30,1.0,make,BA021506~Tesalia_400000105~Tesalia_400000105~Internal~400000105~25.0~0.0~0.0~0.0~0.0~0.0~30~1.0,15be25bf-56d4-4c17-94ad-fc89d029559a,1240d3a2-bc21-48cc-ac49-881724b22b8c,2026-02-21T06:22:34.552Z,2026-02-25T07:21:32.226Z,8ba7b6b2835fd5d637b5a8b4ea76ceb5745cf26fa42a2cce10c2aec7cee6045f
null,BA019934,Tesalia_400000105,Tesalia_400000105,Internal,400000105,25,0,0,0,0,0,30,1.0,make,BA019934~Tesalia_400000105~Tesalia_400000105~Internal~400000105~25.0~0.0~0.0~0.0~0.0~0.0~30~1.0,15be25bf-56d4-4c17-94ad-fc89d029559a,1240d3a2-bc21-48cc-ac49-881724b22b8c,2026-02-21T06:22:34.552Z,2026-02-25T07:21:32.226Z,b757c9999e8d3b3593f813841e8fd85bf7bf635735014d97ed2eb2f296228ee2
null,AA780634,Jamaica Exports (PCJ)_J001,Jamaica Exports (PCJ)_J001,Internal,J001,25,0,0,0,0,0,30,1.0,make,AA780634~Jamaica Exports (PCJ)_J001~Jamaica Exports (PCJ)_J001~Internal~J001~25.0~0.0~0.0~0.0~0.0~0.0~30~1.0,15be25bf-56d4-4c17-94ad-fc89d029559a,1240d3a2-bc21-48cc-ac49-881724b22b8c,2026-02-21T06:22:34.552Z,2026-02-25T07:21:32.226Z,9c8b770c55accd34dab90e61d623409589d3ca5734f0fa331ccf088902d2e5fa
null,BA021504,Tesalia_400000105,Tesalia_400000105,Internal,400000105,25,0,0,0,0,0,30,1.0,make,BA021504~Tesalia_400000105~Tesalia_400000105~Internal~400000105~25.0~0.0~0.0~0.0~0.0~0.0~30~1.0,15be25bf-56d4-4c17-94ad-fc89d029559a,1240d3a2-bc21-48cc-ac49-881724b22b8c,2026-02-21T06:22:34.552Z,2026-02-25T07:21:32.226Z,93550eebbe09aee8cc0b6872a717644a57daaa2a6a2442e9453d2e25bb401b29
null,BA020432,Tesalia_400000105,Tesalia_400000105,Internal,400000105,25,0,0,0,0,0,30,1.0,make,BA020432~Tesalia_400000105~Tesalia_400000105~Internal~400000105~25.0~0.0~0.0~0.0~0.0~0.0~30~1.0,15be25bf-56d4-4c17-94ad-fc89d029559a,1240d3a2-bc21-48cc-ac49-881724b22b8c,2026-02-21T06:22:34.552Z,2026-02-25T07:21:32.226Z,4abe582d562f7c2647e1fb4d68661df8d3a8ffd6a992fe5235efb27944773afa
null,AA781600,Brooklyn BM_100011087,Brooklyn BM_100011087,Internal,100011087,25,0,0,0,0,0,30,1.0,make,AA781600~Brooklyn BM_100011087~Brooklyn BM_100011087~Internal~100011087~25.0~0.0~0.0~0.0~0.0~0.0~30~1.0,15be25bf-56d4-4c17-94ad-fc89d029559a,1240d3a2-bc21-48cc-ac49-881724b22b8c,2026-02-21T06:22:34.552Z,2026-02-25T07:21:32.226Z,37b5b58b2160f23a9d872e1b9ef588ece1b4920ac68ae15328673c55da2ccfb0
null,BA020438,Tesalia_400000105,Tesalia_400000105,Internal,400000105,25,0,0,0,0,0,30,1.0,make,BA020438~Tesalia_400000105~Tesalia_400000105~Internal~400000105~25.0~0.0~0.0~0.0~0.0~0.0~30~1.0,15be25bf-56d4-4c17-94ad-fc89d029559a,1240d3a2-bc21-48cc-ac49-881724b22b8c,2026-02-21T06:22:34.552Z,2026-02-25T07:21:32.226Z,5a78aa9762e9e1a5f4a9d588e191509d6238453e9d2c705e2e634f8412e79b48
null,AA761392,Jamaica Exports (PCJ)_J001,Jamaica Exports (PCJ)_J001,Internal,J001,25,34.12,29.48,0,0,4.64,30,1.0,make,AA761392~Jamaica Exports (PCJ)_J001~Jamaica Exports (PCJ)_J001~Internal~J001~25.0~34.12~29.48~0.0~0.0~4.64~30~1.0,15be25bf-56d4-4c17-94ad-fc89d029559a,1240d3a2-bc21-48cc-ac49-881724b22b8c,2026-02-21T06:22:34.552Z,2026-02-25T07:21:32.226Z,ea5c1310c6e905fee2f71f5a36197fab70ebb8308c79c558718f5bb6045a625d
null,BA000796,Brooklyn BM_100011087,Brooklyn BM_100011087,Internal,100011087,25,0,0,0,0,0,30,1.0,make,BA000796~Brooklyn BM_100011087~Brooklyn BM_100011087~Internal~100011087~25.0~0.0~0.0~0.0~0.0~0.0~30~1.0,15be25bf-56d4-4c17-94ad-fc89d029559a,1240d3a2-bc21-48cc-ac49-881724b22b8c,2026-02-21T06:22:34.552Z,2026-02-25T07:21:32.226Z,253d9377e1654ef4daa2da26739a7f430c72a2f3e5e03298bc5b8cfe3183b93f
null,AA583390,Jamaica Exports (PCJ)_J001,Jamaica Exports (PCJ)_J001,Internal,J001,25,8.02,6.86,0,0,1.16,30,1.0,make,AA583390~Jamaica Exports (PCJ)_J001~Jamaica Exports (PCJ)_J001~Internal~J001~25.0~8.02~6.86~0.0~0.0~1.16~30~1.0,15be25bf-56d4-4c17-94ad-fc89d029559a,1240d3a2-bc21-48cc-ac49-881724b22b8c,2026-02-21T06:22:34.552Z,2026-02-25T07:21:32.226Z,3753e26a90af10224d3c09e102bfed986accb8711e44bb42faed5055ea5bed7c
null,BA100164,Brooklyn BM_100011087,Brooklyn BM_100011087,Internal,100011087,25,0,0,0,0,0,30,1.0,make,BA100164~Brooklyn BM_100011087~Brooklyn BM_100011087~Internal~100011087~25.0~0.0~0.0~0.0~0.0~0.0~30~1.0,15be25bf-56d4-4c17-94ad-fc89d029559a,1240d3a2-bc21-48cc-ac49-881724b22b8c,2026-02-21T06:22:34.552Z,2026-02-25T07:21:32.226Z,97be30c47f6d6f90518dd08e52c18fc68b2a1df19819530aeb670a11c2526519
null,BA020254,DAMM GLOBAL_100008711,DAMM GLOBAL_100008711,Internal,100008711,25,7.8515,7.41,0,0,0.4415,30,1.0,make,BA020254~DAMM GLOBAL_100008711~DAMM GLOBAL_100008711~Internal~100008711~25.0~7.8515~7.41~0.0~0.0~0.4415~30~1.0,15be25bf-56d4-4c17-94ad-fc89d029559a,1240d3a2-bc21-48cc-ac49-881724b22b8c,2026-02-21T06:22:34.552Z,2026-02-25T07:21:32.226Z,fc60d153e0a13080d0902ffa353d8005c4e03024bfcd70145adebe2c7e88ddaf
null,AA050014,Mariposa_GP00,Mariposa_GP00,Internal,GP00,25,0,0,0,0,0,30,1.0,make,AA050014~Mariposa_GP00~Mariposa_GP00~Internal~GP00~25.0~0.0~0.0~0.0~0.0~0.0~30~1.0,15be25bf-56d4-4c17-94ad-fc89d029559a,1240d3a2-bc21-48cc-ac49-881724b22b8c,2026-02-21T06:22:34.552Z,2026-02-25T07:21:32.226Z,933eca8e2eadff67e5e47d5f20fb115cc2f95d93e2caeb7c19b9515be6ce6e58
null,BA021553,Mariposa_GP00,Mariposa_GP00,Internal,GP00,25,0,0,0,0,0,30,1.0,make,BA021553~Mariposa_GP00~Mariposa_GP00~Internal~GP00~25.0~0.0~0.0~0.0~0.0~0.0~30~1.0,15be25bf-56d4-4c17-94ad-fc89d029559a,1240d3a2-bc21-48cc-ac49-881724b22b8c,2026-02-21T06:22:34.552Z,2026-02-25T07:21:32.226Z,70cf4bd09e3381d60b54239f69ba921b25ccabcb516e0a6dd38e8283f01f5dfe
null,BA000879,Tesalia_400000105,Tesalia_400000105,Internal,400000105,25,0,0,0,0,0,30,1.0,make,BA000879~Tesalia_400000105~Tesalia_400000105~Internal~400000105~25.0~0.0~0.0~0.0~0.0~0.0~30~1.0,15be25bf-56d4-4c17-94ad-fc89d029559a,1240d3a2-bc21-48cc-ac49-881724b22b8c,2026-02-21T06:22:34.552Z,2026-02-25T07:21:32.226Z,16212f60d4854fd226561194d870506ea24e8f4712687ebbc21f1e03db675bc4
null,BA026385,Refresco_100011123,Refresco_100011123,Internal,100011123,25,0,0,0,0,0,30,1.0,make,BA026385~Refresco_100011123~Refresco_100011123~Internal~100011123~25.0~0.0~0.0~0.0~0.0~0.0~30~1.0,15be25bf-56d4-4c17-94ad-fc89d029559a,1240d3a2-bc21-48cc-ac49-881724b22b8c,2026-02-21T06:22:34.552Z,2026-02-25T07:21:32.226Z,8bf88444271c05dd8a6540eaf99c4c3ce76967f3c0719d8cb35a3317f8fb4907
null,AA781389,Brooklyn BM_100011087,Brooklyn BM_100011087,Internal,100011087,25,0,0,0,0,0,30,1.0,make,AA781389~Brooklyn BM_100011087~Brooklyn BM_100011087~Internal~100011087~25.0~0.0~0.0~0.0~0.0~0.0~30~1.0,15be25bf-56d4-4c17-94ad-fc89d029559a,1240d3a2-bc21-48cc-ac49-881724b22b8c,2026-02-21T06:22:34.552Z,2026-02-25T07:21:32.226Z,6032f175401064b516b93ad316d914d0aa302ac82f0b0cb4eea8a656829672c4
null,AA758604,Brooklyn BM_100011087,Brooklyn BM_100011087,Internal,100011087,25,15.5,15.5,0,0,0,30,1.0,make,AA758604~Brooklyn BM_100011087~Brooklyn BM_100011087~Internal~100011087~25.0~15.5~15.5~0.0~0.0~0.0~30~1.0,15be25bf-56d4-4c17-94ad-fc89d029559a,1240d3a2-bc21-48cc-ac49-881724b22b8c,2026-02-21T06:22:34.552Z,2026-02-25T07:21:32.226Z,816822779880584da603151c18df3b1c5d884615049c9da9f7457302e49cfe29
null,BA020447,Tesalia_400000105,Tesalia_400000105,Internal,400000105,25,0,0,0,0,0,30,1.0,make,BA020447~Tesalia_400000105~Tesalia_400000105~Internal~400000105~25.0~0.0~0.0~0.0~0.0~0.0~30~1.0,15be25bf-56d4-4c17-94ad-fc89d029559a,1240d3a2-bc21-48cc-ac49-881724b22b8c,2026-02-21T06:22:34.552Z,2026-02-25T07:21:32.226Z,2154dd6959e1d7f965743d2a6750dcda6ddb2b8c36ad511d8e8b1269f9556d23
null,BA001471,Tesalia_400000105,Tesalia_400000105,Internal,400000105,25,0,0,0,0,0,30,1.0,make,BA001471~Tesalia_400000105~Tesalia_400000105~Internal~400000105~25.0~0.0~0.0~0.0~0.0~0.0~30~1.0,15be25bf-56d4-4c17-94ad-fc89d029559a,1240d3a2-bc21-48cc-ac49-881724b22b8c,2026-02-21T06:22:34.552Z,2026-02-25T07:21:32.226Z,b5c12d3e2fb1a3e6df70a953c792576397d110e9120705422042ed56ca96d3f8
null,BA022756,DAMM GLOBAL_100008711,DAMM GLOBAL_100008711,Internal,100008711,25,21.9502420530767,20.64,0,0,1.3102420530766987,30,1.0,make,BA022756~DAMM GLOBAL_100008711~DAMM GLOBAL_100008711~Internal~100008711~25.0~21.9502420530767~20.64~0.0~0.0~1.3102420530766987~30~1.0,15be25bf-56d4-4c17-94ad-fc89d029559a,1240d3a2-bc21-48cc-ac49-881724b22b8c,2026-02-21T06:22:34.552Z,2026-02-25T07:21:32.226Z,8232cfdf9db31351b20d862145863059d02fcaa44bf2063da4e80a4a17147da6
null,BA007497,Tesalia_400000105,Tesalia_400000105,Internal,400000105,25,0,0,0,0,0,30,1.0,make,BA007497~Tesalia_400000105~Tesalia_400000105~Internal~400000105~25.0~0.0~0.0~0.0~0.0~0.0~30~1.0,15be25bf-56d4-4c17-94ad-fc89d029559a,1240d3a2-bc21-48cc-ac49-881724b22b8c,2026-02-21T06:22:34.552Z,2026-02-25T07:21:32.226Z,00335d5d8294eb86b610eeb3972a57ef638e50c644d8e10a8044da65b9882bad
null,BA019169,Livsmart_SP00,Livsmart_SP00,Internal,SP00,0,5.233360527374309,2.77712567419704,1.13,0.8245971610633865,0.5016376921138825,30,0.0,make,BA019169~Livsmart_SP00~Livsmart_SP00~Internal~SP00~0.0~5.233360527374309~2.77712567419704~1.13~0.8245971610633865~0.5016376921138825~30~0.0,15be25bf-56d4-4c17-94ad-fc89d029559a,1240d3a2-bc21-48cc-ac49-881724b22b8c,2026-02-21T06:22:34.552Z,2026-02-25T07:21:32.226Z,d063ce78e960b46a34ed746ecf7f47c9df718126c6f6d2f4d743626f52873ef8
null,AAF1010028,Refresco_100011123,Refresco_100011123,Internal,100011123,25,0,0,0,0,0,30,1.0,make,AAF1010028~Refresco_100011123~Refresco_100011123~Internal~100011123~25.0~0.0~0.0~0.0~0.0~0.0~30~1.0,15be25bf-56d4-4c17-94ad-fc89d029559a,1240d3a2-bc21-48cc-ac49-881724b22b8c,2026-02-21T06:22:34.552Z,2026-02-25T07:21:32.226Z,4d2091df24c624bb3901f4100ff3a85a71a7a3e4046902b8e4f92280a12bfff4
null,AA001014,Embotelladora_La_Nacional_NI00,Embotelladora_La_Nacional_NI00,Internal,NI00,25,0,0,0,0,0,30,1.0,make,AA001014~Embotelladora_La_Nacional_NI00~Embotelladora_La_Nacional_NI00~Internal~NI00~25.0~0.0~0.0~0.0~0.0~0.0~30~1.0,15be25bf-56d4-4c17-94ad-fc89d029559a,1240d3a2-bc21-48cc-ac49-881724b22b8c,2026-02-21T06:22:34.552Z,2026-02-25T07:21:32.226Z,0df002f6b1b9e09d43f47d5d770ad40a4f8b44e2d79a31e8959660accc5abb39
null,BA023570,Tesalia_400000105,Tesalia_400000105,Internal,400000105,25,0,0,0,0,0,30,1.0,make,BA023570~Tesalia_400000105~Tesalia_400000105~Internal~400000105~25.0~0.0~0.0~0.0~0.0~0.0~30~1.0,15be25bf-56d4-4c17-94ad-fc89d029559a,1240d3a2-bc21-48cc-ac49-881724b22b8c,2026-02-21T06:22:34.552Z,2026-02-25T07:21:32.226Z,80aac15107a5451bf239065036063307410216a0a91a48dba78634fb9fdc3568
null,BA018684,Tesalia_400000105,Tesalia_400000105,Internal,400000105,25,0,0,0,0,0,30,1.0,make,BA018684~Tesalia_400000105~Tesalia_400000105~Internal~400000105~25.0~0.0~0.0~0.0~0.0~0.0~30~1.0,15be25bf-56d4-4c17-94ad-fc89d029559a,1240d3a2-bc21-48cc-ac49-881724b22b8c,2026-02-21T06:22:34.552Z,2026-02-25T07:21:32.226Z,318cf94f06e26d6ae717e695ca84034e892478b694793eed0868d9b2cac410d8
null,AA760389,Brooklyn BM_100011087,Brooklyn BM_100011087,Internal,100011087,25,0,0,0,0,0,30,1.0,make,AA760389~Brooklyn BM_100011087~Brooklyn BM_100011087~Internal~100011087~25.0~0.0~0.0~0.0~0.0~0.0~30~1.0,15be25bf-56d4-4c17-94ad-fc89d029559a,1240d3a2-bc21-48cc-ac49-881724b22b8c,2026-02-21T06:22:34.552Z,2026-02-25T07:21:32.226Z,d9ca6ba4242b28c5dbdfcd9fc94fb34b8a77b11a4ddd847c3c96ae62988d6199
null,BA013081,Tesalia_400000105,Tesalia_400000105,Internal,400000105,25,0,0,0,0,0,30,1.0,make,BA013081~Tesalia_400000105~Tesalia_400000105~Internal~400000105~25.0~0.0~0.0~0.0~0.0~0.0~30~1.0,15be25bf-56d4-4c17-94ad-fc89d029559a,1240d3a2-bc21-48cc-ac49-881724b22b8c,2026-02-21T06:22:34.552Z,2026-02-25T07:21:32.226Z,9937f401deb17989d3d4c7627b9fc43e29d79ab7afefde0f3146c52dd5951faa
null,BA019771,Refresco_100011123,Refresco_100011123,Internal,100011123,25,0,0,0,0,0,30,1.0,make,BA019771~Refresco_100011123~Refresco_100011123~Internal~100011123~25.0~0.0~0.0~0.0~0.0~0.0~30~1.0,15be25bf-56d4-4c17-94ad-fc89d029559a,1240d3a2-bc21-48cc-ac49-881724b22b8c,2026-02-21T06:22:34.552Z,2026-02-25T07:21:32.226Z,b1ff8ea4a11e2b06d14a971dd1604168e62406ff4c817fb3ed436e0637cca932
null,BA021508,Tesalia_400000105,Tesalia_400000105,Internal,400000105,25,0,0,0,0,0,30,1.0,make,BA021508~Tesalia_400000105~Tesalia_400000105~Internal~400000105~25.0~0.0~0.0~0.0~0.0~0.0~30~1.0,15be25bf-56d4-4c17-94ad-fc89d029559a,1240d3a2-bc21-48cc-ac49-881724b22b8c,2026-02-21T06:22:34.552Z,2026-02-25T07:21:32.226Z,4987841ab80f646ab6c2476bb389823cfda71d334bc4d96fdede9f5fbda22993
null,AA583392,Jamaica Exports (PCJ)_J001,Jamaica Exports (PCJ)_J001,Internal,J001,25,15.72,13.4,0,0,2.32,30,1.0,make,AA583392~Jamaica Exports (PCJ)_J001~Jamaica Exports (PCJ)_J001~Internal~J001~25.0~15.72~13.4~0.0~0.0~2.32~30~1.0,15be25bf-56d4-4c17-94ad-fc89d029559a,1240d3a2-bc21-48cc-ac49-881724b22b8c,2026-02-21T06:22:34.552Z,2026-02-25T07:21:32.226Z,c5a5acef0cf5cced95333aab99142303fffefd8c38c54eb919e9e54d84c7f792
null,BA013055,Refresco_100011123,Refresco_100011123,Internal,100011123,25,0,0,0,0,0,30,1.0,make,BA013055~Refresco_100011123~Refresco_100011123~Internal~100011123~25.0~0.0~0.0~0.0~0.0~0.0~30~1.0,15be25bf-56d4-4c17-94ad-fc89d029559a,1240d3a2-bc21-48cc-ac49-881724b22b8c,2026-02-21T06:22:34.552Z,2026-02-25T07:21:32.226Z,b457e8b02e36d46cd49d4393414c9a3cae713c99a7e86172b8b293405066c3b2
null,BA005212,Tesalia_400000105,Tesalia_400000105,Internal,400000105,25,0,0,0,0,0,30,1.0,make,BA005212~Tesalia_400000105~Tesalia_400000105~Internal~400000105~25.0~0.0~0.0~0.0~0.0~0.0~30~1.0,15be25bf-56d4-4c17-94ad-fc89d029559a,1240d3a2-bc21-48cc-ac49-881724b22b8c,2026-02-21T06:22:34.552Z,2026-02-25T07:21:32.226Z,65332f752e0505bc900f28872a8fc40fef6058cd7c6e5ec4b24fbcd702613db7
null,BA018945,Idealsa_100011805,Idealsa_100011805,Internal,100011805,25,0,0,0,0,0,30,1.0,make,BA018945~Idealsa_100011805~Idealsa_100011805~Internal~100011805~25.0~0.0~0.0~0.0~0.0~0.0~30~1.0,15be25bf-56d4-4c17-94ad-fc89d029559a,1240d3a2-bc21-48cc-ac49-881724b22b8c,2026-02-21T06:22:34.552Z,2026-02-25T07:21:32.226Z,bff8f5e8a2da8d55102033cbb11a7451ff0169d9c860143c8ca123591c1d88d5
null,AA778389,Jamaica Exports (PCJ)_J001,Jamaica Exports (PCJ)_J001,Internal,J001,25,3.4848312078019505,2.3248312078019504,0,0,1.16,30,1.0,make,AA778389~Jamaica Exports (PCJ)_J001~Jamaica Exports (PCJ)_J001~Internal~J001~25.0~3.4848312078019505~2.3248312078019504~0.0~0.0~1.16~30~1.0,15be25bf-56d4-4c17-94ad-fc89d029559a,1240d3a2-bc21-48cc-ac49-881724b22b8c,2026-02-21T06:22:34.552Z,2026-02-25T07:21:32.226Z,2e287017cac5e9154556bf9e4db233c36aaee2b020e992fa7386e7640b371715
null,AA819399,Brooklyn BM_100011087,Brooklyn BM_100011087,Internal,100011087,25,0,0,0,0,0,30,1.0,make,AA819399~Brooklyn BM_100011087~Brooklyn BM_100011087~Internal~100011087~25.0~0.0~0.0~0.0~0.0~0.0~30~1.0,15be25bf-56d4-4c17-94ad-fc89d029559a,1240d3a2-bc21-48cc-ac49-881724b22b8c,2026-02-21T06:22:34.552Z,2026-02-25T07:21:32.226Z,19d0e7870d62f4ee4bf5de48901d7b2eb692c95ac8159897cee42150411c861c
null,AA783390,Canadá_NationalDry_100010426,Canadá_NationalDry_100010426,Internal,100010426,25,11.96,11.96,0,0,0,30,1.0,make,AA783390~Canadá_NationalDry_100010426~Canadá_NationalDry_100010426~Internal~100010426~25.0~11.96~11.96~0.0~0.0~0.0~30~1.0,15be25bf-56d4-4c17-94ad-fc89d029559a,1240d3a2-bc21-48cc-ac49-881724b22b8c,2026-02-21T06:22:34.552Z,2026-02-25T07:21:32.226Z,10d6a7d08e4158161260c167ab2fcabd9b4b1b54c27a25e0da9a5af3683c2c8b
null,AA760392,Brooklyn BM_100011087,Brooklyn BM_100011087,Internal,100011087,25,0,0,0,0,0,30,1.0,make,AA760392~Brooklyn BM_100011087~Brooklyn BM_100011087~Internal~100011087~25.0~0.0~0.0~0.0~0.0~0.0~30~1.0,15be25bf-56d4-4c17-94ad-fc89d029559a,1240d3a2-bc21-48cc-ac49-881724b22b8c,2026-02-21T06:22:34.552Z,2026-02-25T07:21:32.226Z,baa0021b0d783815ce0b359e1cb0628661d2a786d821d5b8dbb92520079e3781
null,BA013080,Tesalia_400000105,Tesalia_400000105,Internal,400000105,25,0,0,0,0,0,30,1.0,make,BA013080~Tesalia_400000105~Tesalia_400000105~Internal~400000105~25.0~0.0~0.0~0.0~0.0~0.0~30~1.0,15be25bf-56d4-4c17-94ad-fc89d029559a,1240d3a2-bc21-48cc-ac49-881724b22b8c,2026-02-21T06:22:34.552Z,2026-02-25T07:21:32.226Z,dbe1702cb40aa5991c4c12107721f47fd9126e8da66ced8a2de9b6e53956188c
null,BA019919,Brooklyn BM_100011087,Brooklyn BM_100011087,Internal,100011087,25,0,0,0,0,0,30,1.0,make,BA019919~Brooklyn BM_100011087~Brooklyn BM_100011087~Internal~100011087~25.0~0.0~0.0~0.0~0.0~0.0~30~1.0,15be25bf-56d4-4c17-94ad-fc89d029559a,1240d3a2-bc21-48cc-ac49-881724b22b8c,2026-02-21T06:22:34.552Z,2026-02-25T07:21:32.226Z,13061b5c7b7a2a63c6252e3916b05c5ae9915557c7dc1276553037041821bbe8
null,BA026386,Refresco_100011123,Refresco_100011123,Internal,100011123,25,0,0,0,0,0,30,1.0,make,BA026386~Refresco_100011123~Refresco_100011123~Internal~100011123~25.0~0.0~0.0~0.0~0.0~0.0~30~1.0,15be25bf-56d4-4c17-94ad-fc89d029559a,1240d3a2-bc21-48cc-ac49-881724b22b8c,2026-02-21T06:22:34.552Z,2026-02-25T07:21:32.226Z,2b93277c9e164f2f616c7ee40cf1242a6350dc5e73d24303a3fe7ab6887447ef
null,BA002023,Tesalia_400000105,Tesalia_400000105,Internal,400000105,25,0,0,0,0,0,30,1.0,make,BA002023~Tesalia_400000105~Tesalia_400000105~Internal~400000105~25.0~0.0~0.0~0.0~0.0~0.0~30~1.0,15be25bf-56d4-4c17-94ad-fc89d029559a,1240d3a2-bc21-48cc-ac49-881724b22b8c,2026-02-21T06:22:34.552Z,2026-02-25T07:21:32.226Z,57bc7103038d67b66548f96922fd4a1d36b63a7e645e1f9c9ec10d6e0bb0a929
null,BA015682,Tesalia_400000105,Tesalia_400000105,Internal,400000105,25,0,0,0,0,0,30,1.0,make,BA015682~Tesalia_400000105~Tesalia_400000105~Internal~400000105~25.0~0.0~0.0~0.0~0.0~0.0~30~1.0,15be25bf-56d4-4c17-94ad-fc89d029559a,1240d3a2-bc21-48cc-ac49-881724b22b8c,2026-02-21T06:22:34.552Z,2026-02-25T07:21:32.226Z,6ada3923662436cd7df88a2ca56cfcdff419f4a15520a1d7f07d39ad7dc0cc6d
null,BA003162,Brooklyn BM_100011087,Brooklyn BM_100011087,Internal,100011087,25,0,0,0,0,0,30,1.0,make,BA003162~Brooklyn BM_100011087~Brooklyn BM_100011087~Internal~100011087~25.0~0.0~0.0~0.0~0.0~0.0~30~1.0,15be25bf-56d4-4c17-94ad-fc89d029559a,1240d3a2-bc21-48cc-ac49-881724b22b8c,2026-02-21T06:22:34.552Z,2026-02-25T07:21:32.226Z,777e296517608eaf22432b16bb0d1e071b78b974f3b12e46fbf7436a9dac9dce
null,BA018688,Tesalia_400000105,Tesalia_400000105,Internal,400000105,25,0,0,0,0,0,30,1.0,make,BA018688~Tesalia_400000105~Tesalia_400000105~Internal~400000105~25.0~0.0~0.0~0.0~0.0~0.0~30~1.0,15be25bf-56d4-4c17-94ad-fc89d029559a,1240d3a2-bc21-48cc-ac49-881724b22b8c,2026-02-21T06:22:34.552Z,2026-02-25T07:21:32.226Z,da225899d40446b698012e0243e6cf9df5793d174fb969aa27b21ab8da7650c8
null,AA780392,Brooklyn BM_100011087,Brooklyn BM_100011087,Internal,100011087,25,0,0,0,0,0,30,1.0,make,AA780392~Brooklyn BM_100011087~Brooklyn BM_100011087~Internal~100011087~25.0~0.0~0.0~0.0~0.0~0.0~30~1.0,15be25bf-56d4-4c17-94ad-fc89d029559a,1240d3a2-bc21-48cc-ac49-881724b22b8c,2026-02-21T06:22:34.552Z,2026-02-25T07:21:32.226Z,26bf5528200f55a758248d970c075b0a8cba18dcbbe1f9abd1a0b2219861d24e
null,BA023164,Mariposa_GP00,Mariposa_GP00,Internal,GP00,25,0,0,0,0,0,30,1.0,make,BA023164~Mariposa_GP00~Mariposa_GP00~Internal~GP00~25.0~0.0~0.0~0.0~0.0~0.0~30~1.0,15be25bf-56d4-4c17-94ad-fc89d029559a,1240d3a2-bc21-48cc-ac49-881724b22b8c,2026-02-21T06:22:34.552Z,2026-02-25T07:21:32.226Z,4abc71b07bf7fb4c75463254057cc8f943d1971bd885e16399e2df10ae011448
null,AA577392,Refresco_100011123,Refresco_100011123,Internal,100011123,25,18.0904375,18.0904375,0,0,0,30,1.0,make,AA577392~Refresco_100011123~Refresco_100011123~Internal~100011123~25.0~18.0904375~18.0904375~0.0~0.0~0.0~30~1.0,15be25bf-56d4-4c17-94ad-fc89d029559a,1240d3a2-bc21-48cc-ac49-881724b22b8c,2026-02-21T06:22:34.552Z,2026-02-25T07:21:32.226Z,c03824bd6eda0f6ac64f9232b1397a7dc5750357487bff7043cc3ccb2b3b65e8
null,AA783391,Canadá_NationalDry_100010426,Canadá_NationalDry_100010426,Internal,100010426,25,12.02,12.02,0,0,0,30,1.0,make,AA783391~Canadá_NationalDry_100010426~Canadá_NationalDry_100010426~Internal~100010426~25.0~12.02~12.02~0.0~0.0~0.0~30~1.0,15be25bf-56d4-4c17-94ad-fc89d029559a,1240d3a2-bc21-48cc-ac49-881724b22b8c,2026-02-21T06:22:34.552Z,2026-02-25T07:21:32.226Z,c577a74e558debaae0596f9cac9fc7d3e325a611834fd3bfde2656a7950b9e3a
null,BA000784,Tesalia_400000105,Tesalia_400000105,Internal,400000105,25,0,0,0,0,0,30,1.0,make,BA000784~Tesalia_400000105~Tesalia_400000105~Internal~400000105~25.0~0.0~0.0~0.0~0.0~0.0~30~1.0,15be25bf-56d4-4c17-94ad-fc89d029559a,1240d3a2-bc21-48cc-ac49-881724b22b8c,2026-02-21T06:22:34.552Z,2026-02-25T07:21:32.226Z,a2d3620703a9472ca459d5b76093838ecc5e6bb2306f06f11488ad15bbb4b482
null,BA000785,Tesalia_400000105,Tesalia_400000105,Internal,400000105,25,0,0,0,0,0,30,1.0,make,BA000785~Tesalia_400000105~Tesalia_400000105~Internal~400000105~25.0~0.0~0.0~0.0~0.0~0.0~30~1.0,15be25bf-56d4-4c17-94ad-fc89d029559a,1240d3a2-bc21-48cc-ac49-881724b22b8c,2026-02-21T06:22:34.552Z,2026-02-25T07:21:32.226Z,19e64964e1a435ae2709f8af142b2c4c5e5c3a4b3e329dce959d01054460dbc8
null,BA021187,Tesalia_400000105,Tesalia_400000105,Internal,400000105,25,0,0,0,0,0,30,1.0,make,BA021187~Tesalia_400000105~Tesalia_400000105~Internal~400000105~25.0~0.0~0.0~0.0~0.0~0.0~30~1.0,15be25bf-56d4-4c17-94ad-fc89d029559a,1240d3a2-bc21-48cc-ac49-881724b22b8c,2026-02-21T06:22:34.552Z,2026-02-25T07:21:32.226Z,a48e0cd23b74dc169e9a775a894b39fd41d64b9cb9bf95bc3e2f575e6c71d390
null,AA781391,Brooklyn BM_100011087,Brooklyn BM_100011087,Internal,100011087,25,0,0,0,0,0,30,1.0,make,AA781391~Brooklyn BM_100011087~Brooklyn BM_100011087~Internal~100011087~25.0~0.0~0.0~0.0~0.0~0.0~30~1.0,15be25bf-56d4-4c17-94ad-fc89d029559a,1240d3a2-bc21-48cc-ac49-881724b22b8c,2026-02-21T06:22:34.552Z,2026-02-25T07:21:32.226Z,0d3b6cc03235a8a88156c1b0999b8f99055288982eb9d4cc2e26932fd3a7ca49
null,BA022623,Refresco_100011123,Refresco_100011123,Internal,100011123,25,0,0,0,0,0,30,1.0,make,BA022623~Refresco_100011123~Refresco_100011123~Internal~100011123~25.0~0.0~0.0~0.0~0.0~0.0~30~1.0,15be25bf-56d4-4c17-94ad-fc89d029559a,1240d3a2-bc21-48cc-ac49-881724b22b8c,2026-02-21T06:22:34.552Z,2026-02-25T07:21:32.226Z,8bcb8f3a7b6231063574f3ac3ee44bea9662bfd496ea704a0caad496b439f589
null,BA019698,Refresco_100011123,Refresco_100011123,Internal,100011123,25,0,0,0,0,0,30,1.0,make,BA019698~Refresco_100011123~Refresco_100011123~Internal~100011123~25.0~0.0~0.0~0.0~0.0~0.0~30~1.0,15be25bf-56d4-4c17-94ad-fc89d029559a,1240d3a2-bc21-48cc-ac49-881724b22b8c,2026-02-21T06:22:34.552Z,2026-02-25T07:21:32.226Z,ddb8f5dc69d2ec7c84583e03add6c10936e42675df7d057c2ba80f88ccc9348d
null,BA005102,Tesalia_400000105,Tesalia_400000105,Internal,400000105,25,0,0,0,0,0,30,1.0,make,BA005102~Tesalia_400000105~Tesalia_400000105~Internal~400000105~25.0~0.0~0.0~0.0~0.0~0.0~30~1.0,15be25bf-56d4-4c17-94ad-fc89d029559a,1240d3a2-bc21-48cc-ac49-881724b22b8c,2026-02-21T06:22:34.552Z,2026-02-25T07:21:32.226Z,02452066237362a13e6ac772e166045ebcf81f58fb7563f2473bb7be99373944
null,BA019773,Refresco_100011123,Refresco_100011123,Internal,100011123,25,0,0,0,0,0,30,1.0,make,BA019773~Refresco_100011123~Refresco_100011123~Internal~100011123~25.0~0.0~0.0~0.0~0.0~0.0~30~1.0,15be25bf-56d4-4c17-94ad-fc89d029559a,1240d3a2-bc21-48cc-ac49-881724b22b8c,2026-02-21T06:22:34.552Z,2026-02-25T07:21:32.226Z,8e334066b361d9147203480bdaa28ba8814a6c4f1ebca208847ae6f2d30b38b7
null,BA022758,DAMM GLOBAL_100008711,DAMM GLOBAL_100008711,Internal,100008711,25,9.283205016039663,8.3,0,0,0.9832050160396617,30,1.0,make,BA022758~DAMM GLOBAL_100008711~DAMM GLOBAL_100008711~Internal~100008711~25.0~9.283205016039663~8.3~0.0~0.0~0.9832050160396617~30~1.0,15be25bf-56d4-4c17-94ad-fc89d029559a,1240d3a2-bc21-48cc-ac49-881724b22b8c,2026-02-21T06:22:34.552Z,2026-02-25T07:21:32.226Z,2ccbc7cc725c2b79c05df30e11ddaaf6e93c8475d1c8dff1f732813d3b8acde5
null,AA783600,Canadá_NationalDry_100010426,Canadá_NationalDry_100010426,Internal,100010426,25,11.85,11.85,0,0,0,30,1.0,make,AA783600~Canadá_NationalDry_100010426~Canadá_NationalDry_100010426~Internal~100010426~25.0~11.85~11.85~0.0~0.0~0.0~30~1.0,15be25bf-56d4-4c17-94ad-fc89d029559a,1240d3a2-bc21-48cc-ac49-881724b22b8c,2026-02-21T06:22:34.552Z,2026-02-25T07:21:32.226Z,eab38f1c7387f3b6f1738c6c5138202a6ab023f08e00b7e782efe1263d181335
null,BA022099,Refresco_100011123,Refresco_100011123,Internal,100011123,25,0,0,0,0,0,30,1.0,make,BA022099~Refresco_100011123~Refresco_100011123~Internal~100011123~25.0~0.0~0.0~0.0~0.0~0.0~30~1.0,15be25bf-56d4-4c17-94ad-fc89d029559a,1240d3a2-bc21-48cc-ac49-881724b22b8c,2026-02-21T06:22:34.552Z,2026-02-25T07:21:32.226Z,5fd4305fa341f6c6cbbbaa2be876ae3e82d8de5a49deecb0aab39f8b7f810c5f
null,AA583601,Jamaica Exports (PCJ)_J001,Jamaica Exports (PCJ)_J001,Internal,J001,25,18.28,15.96,0,0,2.32,30,1.0,make,AA583601~Jamaica Exports (PCJ)_J001~Jamaica Exports (PCJ)_J001~Internal~J001~25.0~18.28~15.96~0.0~0.0~2.32~30~1.0,15be25bf-56d4-4c17-94ad-fc89d029559a,1240d3a2-bc21-48cc-ac49-881724b22b8c,2026-02-21T06:22:34.552Z,2026-02-25T07:21:32.226Z,24e8b236e1538549da5672c82d618ea8d0071f926134e49fa18412e2300aeafc
null,BA022759,DAMM GLOBAL_100008711,DAMM GLOBAL_100008711,Internal,100008711,25,21.11103346456693,18.9,0,0,2.211033464566929,30,1.0,make,BA022759~DAMM GLOBAL_100008711~DAMM GLOBAL_100008711~Internal~100008711~25.0~21.11103346456693~18.9~0.0~0.0~2.211033464566929~30~1.0,15be25bf-56d4-4c17-94ad-fc89d029559a,1240d3a2-bc21-48cc-ac49-881724b22b8c,2026-02-21T06:22:34.552Z,2026-02-25T07:21:32.226Z,cc20c62476d6b60a70a8373ac8797260035b631f54d6088ad2a40fbc420c5cfe
null,F2250001,Mariposa_GP00,Mariposa_GP00,Internal,GP00,25,0,0,0,0,0,30,1.0,make,F2250001~Mariposa_GP00~Mariposa_GP00~Internal~GP00~25.0~0.0~0.0~0.0~0.0~0.0~30~1.0,15be25bf-56d4-4c17-94ad-fc89d029559a,1240d3a2-bc21-48cc-ac49-881724b22b8c,2026-02-21T06:22:34.552Z,2026-02-25T07:21:32.226Z,bc9d3399bb0a8e9156ac800f73315eea020b9f4a53f974f4dbeb60b3e41db158
null,AA059006,Livsmart_SP00,Livsmart_SP00,Internal,SP00,25,0,0,0,0,0,30,1.0,make,AA059006~Livsmart_SP00~Livsmart_SP00~Internal~SP00~25.0~0.0~0.0~0.0~0.0~0.0~30~1.0,15be25bf-56d4-4c17-94ad-fc89d029559a,1240d3a2-bc21-48cc-ac49-881724b22b8c,2026-02-21T06:22:34.552Z,2026-02-25T07:21:32.226Z,0074c1d8c51cea187eb1f8c32181bcbc6c7f43093e92aebb3db85eff00744f22
null,BA000877,Tesalia_400000105,Tesalia_400000105,Internal,400000105,25,0,0,0,0,0,30,1.0,make,BA000877~Tesalia_400000105~Tesalia_400000105~Internal~400000105~25.0~0.0~0.0~0.0~0.0~0.0~30~1.0,15be25bf-56d4-4c17-94ad-fc89d029559a,1240d3a2-bc21-48cc-ac49-881724b22b8c,2026-02-21T06:22:34.552Z,2026-02-25T07:21:32.226Z,77497f4d85837f4389facee4758b00a92ee7d8a875e5dc788028aac5aef1668d
null,BA000798,Tesalia_400000105,Tesalia_400000105,Internal,400000105,25,0,0,0,0,0,30,1.0,make,BA000798~Tesalia_400000105~Tesalia_400000105~Internal~400000105~25.0~0.0~0.0~0.0~0.0~0.0~30~1.0,15be25bf-56d4-4c17-94ad-fc89d029559a,1240d3a2-bc21-48cc-ac49-881724b22b8c,2026-02-21T06:22:34.552Z,2026-02-25T07:21:32.226Z,eb3c7a79011d06ad1d284f94c9077a6d7d89b21db8d35f94f175ad5d0bfdffd0
null,AA761602,Brooklyn BM_100011087,Brooklyn BM_100011087,Internal,100011087,25,0,0,0,0,0,30,1.0,make,AA761602~Brooklyn BM_100011087~Brooklyn BM_100011087~Internal~100011087~25.0~0.0~0.0~0.0~0.0~0.0~30~1.0,15be25bf-56d4-4c17-94ad-fc89d029559a,1240d3a2-bc21-48cc-ac49-881724b22b8c,2026-02-21T06:22:34.552Z,2026-02-25T07:21:32.226Z,17602de0485fea6538734b5df02b3f484441f89360cf20405d39926f5c16fae6
null,AA761602,Jamaica Exports (PCJ)_J001,Jamaica Exports (PCJ)_J001,Internal,J001,25,0,0,0,0,0,30,1.0,make,AA761602~Jamaica Exports (PCJ)_J001~Jamaica Exports (PCJ)_J001~Internal~J001~25.0~0.0~0.0~0.0~0.0~0.0~30~1.0,15be25bf-56d4-4c17-94ad-fc89d029559a,1240d3a2-bc21-48cc-ac49-881724b22b8c,2026-02-21T06:22:34.552Z,2026-02-25T07:21:32.226Z,13c8e0c8437e04436c54a200f216478fbf591e7fcd67f9752d7f5f38185f8b2a
null,BA018679,Refresco_100011123,Refresco_100011123,Internal,100011123,25,0,0,0,0,0,30,1.0,make,BA018679~Refresco_100011123~Refresco_100011123~Internal~100011123~25.0~0.0~0.0~0.0~0.0~0.0~30~1.0,15be25bf-56d4-4c17-94ad-fc89d029559a,1240d3a2-bc21-48cc-ac49-881724b22b8c,2026-02-21T06:22:34.552Z,2026-02-25T07:21:32.226Z,89ace28b35245d4cec2a054d50bdb1aa3aeab5c7a632d6be7136d8993901dae5
null,AA583389,Jamaica Exports (PCJ)_J001,Jamaica Exports (PCJ)_J001,Internal,J001,25,6.48,5.32,0,0,1.16,30,1.0,make,AA583389~Jamaica Exports (PCJ)_J001~Jamaica Exports (PCJ)_J001~Internal~J001~25.0~6.48~5.32~0.0~0.0~1.16~30~1.0,15be25bf-56d4-4c17-94ad-fc89d029559a,1240d3a2-bc21-48cc-ac49-881724b22b8c,2026-02-21T06:22:34.552Z,2026-02-25T07:21:32.226Z,e7c9c39b8fc992f3fa4f67ae6f30547d6d9370a76ed93ca5ab1a4104e5a4fff8
null,BA000872,Tesalia_400000105,Tesalia_400000105,Internal,400000105,25,0,0,0,0,0,30,1.0,make,BA000872~Tesalia_400000105~Tesalia_400000105~Internal~400000105~25.0~0.0~0.0~0.0~0.0~0.0~30~1.0,15be25bf-56d4-4c17-94ad-fc89d029559a,1240d3a2-bc21-48cc-ac49-881724b22b8c,2026-02-21T06:22:34.552Z,2026-02-25T07:21:32.226Z,06f99acc8f3dbca9d17f57ce047b7cb536be2860c3007965b221094d4be81c80
