basekey,partname,transferpartname,partsite,suppliersite,transfersite,source_id,supplier_id,multipleqty,minimumqty,fixedleadtime,target,type,business_model,table,integration_id,execution_id,workflow_execution_id,create_timestamp,last_updated_timestamp,record_key_hash
null,600442,600442,JAMAICA EXPORTS (PCJ)_J001,CFF_100009382,CFF_100009382,600442_J001,100009382,25,25,120,1.0,Transfer,CONCENTRATE,Scen2,600442~JAMAICA EXPORTS (PCJ)_J001~CFF_100009382~600442_J001~100009382~Transfer,82f3e28c-b705-4540-8bd5-f2910407c9b2,2f06cd78-452e-4df7-8aba-aec248130958,2026-02-25T07:22:07.933Z,2026-02-25T07:22:07.940Z,5e2914230dced2df5828bf004b376da431e4dd038e52d0c1034593bf636e237c
null,AA004005,AA004005,EMBOTELLADORA_LA_MARIPOSA_66328,EMBOTELLADORA_LA_MARIPOSA_66328,EMBOTELLADORA_LA_MARIPOSA_66328,AA004005_66328,EMBOTELLADORA_LA_MARIPOSA_66328,0,0,0,0,Transfer,PROFIT_SPLIT,Scen3,AA004005~EMBOTELLADORA_LA_MARIPOSA_66328~EMBOTELLADORA_LA_MARIPOSA_66328~AA004005_66328~EMBOTELLADORA_LA_MARIPOSA_66328~Transfer,82f3e28c-b705-4540-8bd5-f2910407c9b2,2f06cd78-452e-4df7-8aba-aec248130958,2026-02-25T07:22:07.933Z,2026-02-25T07:22:07.940Z,0b52f3ab11d21d28ef2234f03fa747a2b4c8b4ac545e492e2acf7f3fc8647532
null,437120,437120,PERU_RP04,Givaudan_100015087,Givaudan_100015087,437120_RP04,100015087,10,10,90,1.0,Transfer,CONCENTRATE,Scen2,437120~PERU_RP04~Givaudan_100015087~437120_RP04~100015087~Transfer,82f3e28c-b705-4540-8bd5-f2910407c9b2,2f06cd78-452e-4df7-8aba-aec248130958,2026-02-25T07:22:07.933Z,2026-02-25T07:22:07.940Z,cb7fb0c143d5f8432af765640be0175e060b22a5bfa390db8ea951f71efd3b28
null,600442,600442,CANADÁ_NATIONALDRY_100010426,CFF_100009382,CFF_100009382,600442_100010426,100009382,25,25,120,1.0,Transfer,CONCENTRATE,Scen2,600442~CANADÁ_NATIONALDRY_100010426~CFF_100009382~600442_100010426~100009382~Transfer,82f3e28c-b705-4540-8bd5-f2910407c9b2,2f06cd78-452e-4df7-8aba-aec248130958,2026-02-25T07:22:07.933Z,2026-02-25T07:22:07.940Z,4e52315e8e75a8928eda886d46aa913595a608d36641d57920ec91048b767f24
null,AA001061,AA001061,EMBOTELLADORA_LA_NACIONAL_2060890,EMBOTELLADORA_LA_NACIONAL_2060890,EMBOTELLADORA_LA_NACIONAL_2060890,AA001061_2060890,EMBOTELLADORA_LA_NACIONAL_2060890,0,0,0,0,Transfer,PROFIT_SPLIT,Scen3,AA001061~EMBOTELLADORA_LA_NACIONAL_2060890~EMBOTELLADORA_LA_NACIONAL_2060890~AA001061_2060890~EMBOTELLADORA_LA_NACIONAL_2060890~Transfer,82f3e28c-b705-4540-8bd5-f2910407c9b2,2f06cd78-452e-4df7-8aba-aec248130958,2026-02-25T07:22:07.933Z,2026-02-25T07:22:07.940Z,0ff15027ba69307b835998e301c0ba5d6e1b92654de3eef9e081c9e1a2e4237e
null,436528,436528,BROOKLYN BM_100011087,IFF_100010034,IFF_100010034,436528_100011087,100010034,25,25,90,1.0,Transfer,CONCENTRATE,Scen2,436528~BROOKLYN BM_100011087~IFF_100010034~436528_100011087~100010034~Transfer,82f3e28c-b705-4540-8bd5-f2910407c9b2,2f06cd78-452e-4df7-8aba-aec248130958,2026-02-25T07:22:07.933Z,2026-02-25T07:22:07.940Z,5dc338b1a6fc5075158d963d428f3653d0508b224224e340d4097e6434d73d60
null,436579,436579,PERU_RP04,Givaudan_100015087,Givaudan_100015087,436579_RP04,100015087,10,10,90,1.0,Transfer,CONCENTRATE,Scen2,436579~PERU_RP04~Givaudan_100015087~436579_RP04~100015087~Transfer,82f3e28c-b705-4540-8bd5-f2910407c9b2,2f06cd78-452e-4df7-8aba-aec248130958,2026-02-25T07:22:07.933Z,2026-02-25T07:22:07.940Z,968a29488bb19e7e196f1580eb4b052e2030edda60db6293876a56b78ca8f620
null,437102,437102,REFRESCO_100011123,FIRMENICH INCORPORATED_148098,FIRMENICH INCORPORATED_148098,437102_100011123,148098,25,25,120,1.0,Transfer,CONCENTRATE,Scen2,437102~REFRESCO_100011123~FIRMENICH INCORPORATED_148098~437102_100011123~148098~Transfer,82f3e28c-b705-4540-8bd5-f2910407c9b2,2f06cd78-452e-4df7-8aba-aec248130958,2026-02-25T07:22:07.933Z,2026-02-25T07:22:07.940Z,bd851785cd350a151d2aee2228362d3d388fd8ceee473d0a306e0b3ce58b8a27
null,44004727,44004727,IDEALSA_100011805,Great view_209134,Great view_209134,44004727_100011805,209134,600,2250,90,0.0,Transfer,,Scen2,44004727~IDEALSA_100011805~Great view_209134~44004727_100011805~209134~Transfer,82f3e28c-b705-4540-8bd5-f2910407c9b2,2f06cd78-452e-4df7-8aba-aec248130958,2026-02-25T07:22:07.933Z,2026-02-25T07:22:07.940Z,2025033dbf2abef54ddcbadad40fc3797ddeff6231a10a8b4f1c07b7570cb365
null,600442,600442,BROOKLYN BM_100011087,CFF_100009382,CFF_100009382,600442_100011087,100009382,25,25,120,1.0,Transfer,CONCENTRATE,Scen2,600442~BROOKLYN BM_100011087~CFF_100009382~600442_100011087~100009382~Transfer,82f3e28c-b705-4540-8bd5-f2910407c9b2,2f06cd78-452e-4df7-8aba-aec248130958,2026-02-25T07:22:07.933Z,2026-02-25T07:22:07.940Z,e27ca833301885c026b3e4a80edbe814cef30a3391089ed121b237d5f2930f8f
null,AA001014,AA001014,EMBOTELLADORA_LA_NACIONAL_2060890,EMBOTELLADORA_LA_NACIONAL_2060890,EMBOTELLADORA_LA_NACIONAL_2060890,AA001014_2060890,EMBOTELLADORA_LA_NACIONAL_2060890,0,0,0,0,Transfer,PROFIT_SPLIT,Scen3,AA001014~EMBOTELLADORA_LA_NACIONAL_2060890~EMBOTELLADORA_LA_NACIONAL_2060890~AA001014_2060890~EMBOTELLADORA_LA_NACIONAL_2060890~Transfer,82f3e28c-b705-4540-8bd5-f2910407c9b2,2f06cd78-452e-4df7-8aba-aec248130958,2026-02-25T07:22:07.933Z,2026-02-25T07:22:07.940Z,d1edb846a21c7534ff4e9864b3a7dd7dce7bc68d081927a8b63ac9f29b36641d
null,435415,435415,BROOKLYN BM_100011087,IFF_100010034,IFF_100010034,435415_100011087,100010034,25,25,120,1.0,Transfer,CONCENTRATE,Scen2,435415~BROOKLYN BM_100011087~IFF_100010034~435415_100011087~100010034~Transfer,82f3e28c-b705-4540-8bd5-f2910407c9b2,2f06cd78-452e-4df7-8aba-aec248130958,2026-02-25T07:22:07.933Z,2026-02-25T07:22:07.940Z,2370b4345a97d65fd62d524cd55bec2c168a7875d25dce4edab5c8ee32d9d489
null,435453,435453,REFRESCO_100011123,IFF_100010034,IFF_100010034,435453_100011123,100010034,25,25,120,1.0,Transfer,CONCENTRATE,Scen2,435453~REFRESCO_100011123~IFF_100010034~435453_100011123~100010034~Transfer,82f3e28c-b705-4540-8bd5-f2910407c9b2,2f06cd78-452e-4df7-8aba-aec248130958,2026-02-25T07:22:07.933Z,2026-02-25T07:22:07.940Z,b334ec8a5b39e2ca25d78023eb975d7f5838e2e381d1f9eaedde272852234831
null,436106,436106,PERU_RP04,Givaudan_100015087,Givaudan_100015087,436106_RP04,100015087,10,10,90,1.0,Transfer,CONCENTRATE,Scen2,436106~PERU_RP04~Givaudan_100015087~436106_RP04~100015087~Transfer,82f3e28c-b705-4540-8bd5-f2910407c9b2,2f06cd78-452e-4df7-8aba-aec248130958,2026-02-25T07:22:07.933Z,2026-02-25T07:22:07.940Z,f18db26dfbc113b196e9663571f77e8eccbacc0a40a0ec0e1f487aa1004a9ff4
null,436528,436528,DAMM GLOBAL_100008711,IFF_100010034,IFF_100010034,436528_100008711,100010034,25,25,90,1.0,Transfer,CONCENTRATE,Scen2,436528~DAMM GLOBAL_100008711~IFF_100010034~436528_100008711~100010034~Transfer,82f3e28c-b705-4540-8bd5-f2910407c9b2,2f06cd78-452e-4df7-8aba-aec248130958,2026-02-25T07:22:07.933Z,2026-02-25T07:22:07.940Z,47e3521fa6a521b1a15c11b900cebc2a8a48b7e018406bd8b4ee6f1174fdad48
null,436578,436578,PERU_RP04,Givaudan_100015087,Givaudan_100015087,436578_RP04,100015087,10,10,90,1.0,Transfer,CONCENTRATE,Scen2,436578~PERU_RP04~Givaudan_100015087~436578_RP04~100015087~Transfer,82f3e28c-b705-4540-8bd5-f2910407c9b2,2f06cd78-452e-4df7-8aba-aec248130958,2026-02-25T07:22:07.933Z,2026-02-25T07:22:07.940Z,66f4ddf0c4bfc5e7086777843c81afe6bfda6f3e62278b47e708d201b1b40104
null,437069,437069,REFRESCO_100011123,FIRMENICH INCORPORATED_148098,FIRMENICH INCORPORATED_148098,437069_100011123,148098,25,25,120,1.0,Transfer,CONCENTRATE,Scen2,437069~REFRESCO_100011123~FIRMENICH INCORPORATED_148098~437069_100011123~148098~Transfer,82f3e28c-b705-4540-8bd5-f2910407c9b2,2f06cd78-452e-4df7-8aba-aec248130958,2026-02-25T07:22:07.933Z,2026-02-25T07:22:07.940Z,2672c63a7ec08826809a017ca6a373e7c3d779c043e22399a68382473a65cd9b
null,437101,437101,REFRESCO_100011123,FIRMENICH INCORPORATED_148098,FIRMENICH INCORPORATED_148098,437101_100011123,148098,25,25,0,1.0,Transfer,CONCENTRATE,Scen2,437101~REFRESCO_100011123~FIRMENICH INCORPORATED_148098~437101_100011123~148098~Transfer,82f3e28c-b705-4540-8bd5-f2910407c9b2,2f06cd78-452e-4df7-8aba-aec248130958,2026-02-25T07:22:07.933Z,2026-02-25T07:22:07.940Z,528d7c6cfc0049d3d0f08773357f9220b610f4359ac8a93b9c2ae59c359570df
null,437122,437122,PERU_RP04,Givaudan_100015087,Givaudan_100015087,437122_RP04,100015087,10,10,90,1.0,Transfer,CONCENTRATE,Scen2,437122~PERU_RP04~Givaudan_100015087~437122_RP04~100015087~Transfer,82f3e28c-b705-4540-8bd5-f2910407c9b2,2f06cd78-452e-4df7-8aba-aec248130958,2026-02-25T07:22:07.933Z,2026-02-25T07:22:07.940Z,620c27531eb963b0098c704f733f1e7229d72468d575c97183df9bc3011c94f7
null,44004726,44004726,LIVSMART_SP00,Great view_209134,Great view_209134,44004726_SP00,209134,600,2250,90,0.0,Transfer,,Scen2,44004726~LIVSMART_SP00~Great view_209134~44004726_SP00~209134~Transfer,82f3e28c-b705-4540-8bd5-f2910407c9b2,2f06cd78-452e-4df7-8aba-aec248130958,2026-02-25T07:22:07.933Z,2026-02-25T07:22:07.940Z,038224f88bf50cb5f952e75058967fef00bb34bef94501e5dba02d1702ecc451
null,600399,600399,BROOKLYN BM_100011087,Jamaica Exports (PCJ)_400000096,Jamaica Exports (PCJ)_400000096,600399_100011087,400000096,25,25,120,1.0,Transfer,CONCENTRATE,Scen2,600399~BROOKLYN BM_100011087~Jamaica Exports (PCJ)_400000096~600399_100011087~400000096~Transfer,82f3e28c-b705-4540-8bd5-f2910407c9b2,2f06cd78-452e-4df7-8aba-aec248130958,2026-02-25T07:22:07.933Z,2026-02-25T07:22:07.940Z,32503b48fbe948b15d3168b35902f92e44d43b9b8986c91c85d09edc9ae5daf3
null,600403,600403,REFRESCO_100011123,Jamaica Exports (PCJ)_400000096,Jamaica Exports (PCJ)_400000096,600403_100011123,400000096,25,25,120,1.0,Transfer,CONCENTRATE,Scen2,600403~REFRESCO_100011123~Jamaica Exports (PCJ)_400000096~600403_100011123~400000096~Transfer,82f3e28c-b705-4540-8bd5-f2910407c9b2,2f06cd78-452e-4df7-8aba-aec248130958,2026-02-25T07:22:07.933Z,2026-02-25T07:22:07.940Z,6ab2112b7dfe352036c74597ff3be3d52c2272e434ee8350c1c5b87cacca82d4
null,600472,600472,BROOKLYN BM_100011087,IFF_100010034,IFF_100010034,600472_100011087,100010034,25,25,120,1.0,Transfer,CONCENTRATE,Scen2,600472~BROOKLYN BM_100011087~IFF_100010034~600472_100011087~100010034~Transfer,82f3e28c-b705-4540-8bd5-f2910407c9b2,2f06cd78-452e-4df7-8aba-aec248130958,2026-02-25T07:22:07.933Z,2026-02-25T07:22:07.940Z,3ea989023677bc4f8a8c9d7f499407c27b1cf3a99009cc604a775c4ec7c1fe9e
null,AA001005,AA001005,EMBOTELLADORA_LA_MARIPOSA_66328,EMBOTELLADORA_LA_MARIPOSA_66328,EMBOTELLADORA_LA_MARIPOSA_66328,AA001005_66328,EMBOTELLADORA_LA_MARIPOSA_66328,0,0,0,0,Transfer,PROFIT_SPLIT,Scen3,AA001005~EMBOTELLADORA_LA_MARIPOSA_66328~EMBOTELLADORA_LA_MARIPOSA_66328~AA001005_66328~EMBOTELLADORA_LA_MARIPOSA_66328~Transfer,82f3e28c-b705-4540-8bd5-f2910407c9b2,2f06cd78-452e-4df7-8aba-aec248130958,2026-02-25T07:22:07.933Z,2026-02-25T07:22:07.940Z,0a02ab78204a6bbd9dc1ff199cc3f1c0f970ab1300b3824a2ae92cb4462c7786
null,435022,435022,DISTRIBUIDORA_EUROPEA_DE01,FISA_100009700,FISA_100009700,435022_DE01,100009700,25,25,120,1.0,Transfer,CONCENTRATE,Scen2,435022~DISTRIBUIDORA_EUROPEA_DE01~FISA_100009700~435022_DE01~100009700~Transfer,82f3e28c-b705-4540-8bd5-f2910407c9b2,2f06cd78-452e-4df7-8aba-aec248130958,2026-02-25T07:22:07.933Z,2026-02-25T07:22:07.940Z,25ccc5b08c2dcdf7864333d8c3c6329abf729ba0a56c7a70d6151e71fcb55fd5
null,435023,435023,DISTRIBUIDORA_EUROPEA_DE01,FISA_100009700,FISA_100009700,435023_DE01,100009700,25,25,120,1.0,Transfer,CONCENTRATE,Scen2,435023~DISTRIBUIDORA_EUROPEA_DE01~FISA_100009700~435023_DE01~100009700~Transfer,82f3e28c-b705-4540-8bd5-f2910407c9b2,2f06cd78-452e-4df7-8aba-aec248130958,2026-02-25T07:22:07.933Z,2026-02-25T07:22:07.940Z,ab1195853d9b3b26db86698fa075c29a7f0bcfe9d2db9017a3cd7ea302b6d721
null,427336,427336,TESALIA_400000105,FISA_100009700,FISA_100009700,427336_400000105,100009700,10,10,90,1.0,Transfer,CONCENTRATE,Scen2,427336~TESALIA_400000105~FISA_100009700~427336_400000105~100009700~Transfer,82f3e28c-b705-4540-8bd5-f2910407c9b2,2f06cd78-452e-4df7-8aba-aec248130958,2026-02-25T07:22:07.933Z,2026-02-25T07:22:07.940Z,06531d9c6ef5ec81457f2dc53c7f3a64f7c41f71f1f068710a571ed559b5afa0
null,435452,435452,REFRESCO_100011123,IFF_100010034,IFF_100010034,435452_100011123,100010034,25,25,120,1.0,Transfer,CONCENTRATE,Scen2,435452~REFRESCO_100011123~IFF_100010034~435452_100011123~100010034~Transfer,82f3e28c-b705-4540-8bd5-f2910407c9b2,2f06cd78-452e-4df7-8aba-aec248130958,2026-02-25T07:22:07.933Z,2026-02-25T07:22:07.940Z,892a4b8a08b7012465a2bf8b74af15d2413717808047edd15b2a8827e7c3f7e2
null,435460,435460,REFRESCO_100011123,IFF_100010034,IFF_100010034,435460_100011123,100010034,25,25,120,1.0,Transfer,CONCENTRATE,Scen2,435460~REFRESCO_100011123~IFF_100010034~435460_100011123~100010034~Transfer,82f3e28c-b705-4540-8bd5-f2910407c9b2,2f06cd78-452e-4df7-8aba-aec248130958,2026-02-25T07:22:07.933Z,2026-02-25T07:22:07.940Z,a3d8bbbf6d7b9de044d56c16a62a85ff729c09f5a2cf283c0e587b0eeb4f0505
null,436105,436105,PERU_RP04,Givaudan_100015087,Givaudan_100015087,436105_RP04,100015087,10,10,90,1.0,Transfer,CONCENTRATE,Scen2,436105~PERU_RP04~Givaudan_100015087~436105_RP04~100015087~Transfer,82f3e28c-b705-4540-8bd5-f2910407c9b2,2f06cd78-452e-4df7-8aba-aec248130958,2026-02-25T07:22:07.933Z,2026-02-25T07:22:07.940Z,939c0770839b4c5daeeb700a07682e36bbc1ff822f589891bc1ed799198ddd36
null,430803,430803,BROOKLYN BM_100011087,FISA_100009700,FISA_100009700,430803_100011087,100009700,25,25,120,1.0,Transfer,CONCENTRATE,Scen2,430803~BROOKLYN BM_100011087~FISA_100009700~430803_100011087~100009700~Transfer,82f3e28c-b705-4540-8bd5-f2910407c9b2,2f06cd78-452e-4df7-8aba-aec248130958,2026-02-25T07:22:07.933Z,2026-02-25T07:22:07.940Z,d70bf2e43da5880de0403f4154a088cfb33b3fc07003b30442f4bab7f7089926
null,435020,435020,REFRESCO_100011123,FISA_100009700,FISA_100009700,435020_100011123,100009700,25,25,120,1.0,Transfer,CONCENTRATE,Scen2,435020~REFRESCO_100011123~FISA_100009700~435020_100011123~100009700~Transfer,82f3e28c-b705-4540-8bd5-f2910407c9b2,2f06cd78-452e-4df7-8aba-aec248130958,2026-02-25T07:22:07.933Z,2026-02-25T07:22:07.940Z,d2cf672a5a95cb376ac8d3089cbd53ca41f0c0102dad9aba6789d3ec15687460
null,436528,436528,JAMAICA EXPORTS (PCJ)_J001,IFF_100010034,IFF_100010034,436528_J001,100010034,25,25,90,1.0,Transfer,CONCENTRATE,Scen2,436528~JAMAICA EXPORTS (PCJ)_J001~IFF_100010034~436528_J001~100010034~Transfer,82f3e28c-b705-4540-8bd5-f2910407c9b2,2f06cd78-452e-4df7-8aba-aec248130958,2026-02-25T07:22:07.933Z,2026-02-25T07:22:07.940Z,517057cc67985e12e5c2e468af9623820bebaaa6d09115df2ede1cb520513765
null,436577,436577,PERU_RP04,Givaudan_100015087,Givaudan_100015087,436577_RP04,100015087,10,10,90,1.0,Transfer,CONCENTRATE,Scen2,436577~PERU_RP04~Givaudan_100015087~436577_RP04~100015087~Transfer,82f3e28c-b705-4540-8bd5-f2910407c9b2,2f06cd78-452e-4df7-8aba-aec248130958,2026-02-25T07:22:07.933Z,2026-02-25T07:22:07.940Z,c00945bcfc8959c9c9c856c9fa307335e3673f395c604b32cc8a165364fbabc1
null,431488,431488,IDEALSA_100011805,Givaudan_100015087,Givaudan_100015087,431488_100011805,100015087,25,25,45,0.0,Transfer,,Scen2,431488~IDEALSA_100011805~Givaudan_100015087~431488_100011805~100015087~Transfer,82f3e28c-b705-4540-8bd5-f2910407c9b2,2f06cd78-452e-4df7-8aba-aec248130958,2026-02-25T07:22:07.933Z,2026-02-25T07:22:07.940Z,a6bead714dd8e3a2c7e9a4d4fb0d2c04137cbade7a04b3b43aa8bbfb98e6a710
null,437068,437068,REFRESCO_100011123,FIRMENICH INCORPORATED_148098,FIRMENICH INCORPORATED_148098,437068_100011123,148098,25,25,90,1.0,Transfer,CONCENTRATE,Scen2,437068~REFRESCO_100011123~FIRMENICH INCORPORATED_148098~437068_100011123~148098~Transfer,82f3e28c-b705-4540-8bd5-f2910407c9b2,2f06cd78-452e-4df7-8aba-aec248130958,2026-02-25T07:22:07.933Z,2026-02-25T07:22:07.940Z,88a10bb8ae62255169e0fcff2d3adf189fd3a29ce2c8a615b8b7cb60d6c81013
null,437098,437098,PERU_RP04,Givaudan_100015087,Givaudan_100015087,437098_RP04,100015087,10,10,90,1.0,Transfer,CONCENTRATE,Scen2,437098~PERU_RP04~Givaudan_100015087~437098_RP04~100015087~Transfer,82f3e28c-b705-4540-8bd5-f2910407c9b2,2f06cd78-452e-4df7-8aba-aec248130958,2026-02-25T07:22:07.933Z,2026-02-25T07:22:07.940Z,8314fb9f03ff8b278c77911efb42aa3efb15b83b6c8e07a626656c54982cc287
null,437100,437100,REFRESCO_100011123,FIRMENICH INCORPORATED_148098,FIRMENICH INCORPORATED_148098,437100_100011123,148098,25,25,0,1.0,Transfer,CONCENTRATE,Scen2,437100~REFRESCO_100011123~FIRMENICH INCORPORATED_148098~437100_100011123~148098~Transfer,82f3e28c-b705-4540-8bd5-f2910407c9b2,2f06cd78-452e-4df7-8aba-aec248130958,2026-02-25T07:22:07.933Z,2026-02-25T07:22:07.940Z,f772be013e54adc92d2714337653960595b2971bcc68ccaa982039296daecb18
null,431490,431490,IDEALSA_100011805,Givaudan_100015087,Givaudan_100015087,431490_100011805,100015087,9.24,9.24,45,0.0,Transfer,,Scen2,431490~IDEALSA_100011805~Givaudan_100015087~431490_100011805~100015087~Transfer,82f3e28c-b705-4540-8bd5-f2910407c9b2,2f06cd78-452e-4df7-8aba-aec248130958,2026-02-25T07:22:07.933Z,2026-02-25T07:22:07.940Z,4592fab0d67b75b92dd35e302eec5a03fffd44ee1124afdc8f95aacc12443ec4
null,437121,437121,PERU_RP04,Givaudan_100015087,Givaudan_100015087,437121_RP04,100015087,10,10,90,1.0,Transfer,CONCENTRATE,Scen2,437121~PERU_RP04~Givaudan_100015087~437121_RP04~100015087~Transfer,82f3e28c-b705-4540-8bd5-f2910407c9b2,2f06cd78-452e-4df7-8aba-aec248130958,2026-02-25T07:22:07.933Z,2026-02-25T07:22:07.940Z,f20c221c337aa242b4e1dbb93cc00bb58a54b0680467822aea195f4a1e06a86b
null,437123,437123,PERU_RP04,Givaudan_100015087,Givaudan_100015087,437123_RP04,100015087,10,10,90,1.0,Transfer,CONCENTRATE,Scen2,437123~PERU_RP04~Givaudan_100015087~437123_RP04~100015087~Transfer,82f3e28c-b705-4540-8bd5-f2910407c9b2,2f06cd78-452e-4df7-8aba-aec248130958,2026-02-25T07:22:07.933Z,2026-02-25T07:22:07.940Z,bd21b263dad23b4f1656a5fce1071b703596f434e93b2153b68f6c58c3771b3b
null,44004726,44004726,IDEALSA_100011805,Great view_209134,Great view_209134,44004726_100011805,209134,600,2250,90,0.0,Transfer,,Scen2,44004726~IDEALSA_100011805~Great view_209134~44004726_100011805~209134~Transfer,82f3e28c-b705-4540-8bd5-f2910407c9b2,2f06cd78-452e-4df7-8aba-aec248130958,2026-02-25T07:22:07.933Z,2026-02-25T07:22:07.940Z,6d2293e26e3f7223725391522d92001aa7512dfa4bc2f415bbb8ca7a81e83f45
null,431492,431492,IDEALSA_100011805,Givaudan_100015087,Givaudan_100015087,431492_100011805,100015087,7.66,7.66,45,0.0,Transfer,,Scen2,431492~IDEALSA_100011805~Givaudan_100015087~431492_100011805~100015087~Transfer,82f3e28c-b705-4540-8bd5-f2910407c9b2,2f06cd78-452e-4df7-8aba-aec248130958,2026-02-25T07:22:07.933Z,2026-02-25T07:22:07.940Z,da33246995316be915e526491b526225248d1ecece4a09fafaa6ff3841a9a5c3
null,44004728,44004728,LIVSMART_SP00,Great view_209134,Great view_209134,44004728_SP00,209134,600,2250,90,0.0,Transfer,,Scen2,44004728~LIVSMART_SP00~Great view_209134~44004728_SP00~209134~Transfer,82f3e28c-b705-4540-8bd5-f2910407c9b2,2f06cd78-452e-4df7-8aba-aec248130958,2026-02-25T07:22:07.933Z,2026-02-25T07:22:07.940Z,f5d3b73f6e02115b294b44d27fd17c2235ed32b8c8f36e01d21d92c727ff8b26
null,600399,600399,CANADÁ_NATIONALDRY_100010426,Jamaica Exports (PCJ)_400000096,Jamaica Exports (PCJ)_400000096,600399_100010426,400000096,25,25,120,1.0,Transfer,CONCENTRATE,Scen2,600399~CANADÁ_NATIONALDRY_100010426~Jamaica Exports (PCJ)_400000096~600399_100010426~400000096~Transfer,82f3e28c-b705-4540-8bd5-f2910407c9b2,2f06cd78-452e-4df7-8aba-aec248130958,2026-02-25T07:22:07.933Z,2026-02-25T07:22:07.940Z,a5d44b1ac7ee74d69ead74dad53462d2118e373aa039a83339987729d69cc304
null,600403,600403,CANADÁ_NATIONALDRY_100010426,Jamaica Exports (PCJ)_400000096,Jamaica Exports (PCJ)_400000096,600403_100010426,400000096,25,25,120,1.0,Transfer,CONCENTRATE,Scen2,600403~CANADÁ_NATIONALDRY_100010426~Jamaica Exports (PCJ)_400000096~600403_100010426~400000096~Transfer,82f3e28c-b705-4540-8bd5-f2910407c9b2,2f06cd78-452e-4df7-8aba-aec248130958,2026-02-25T07:22:07.933Z,2026-02-25T07:22:07.940Z,b8b9cfa092d16b175c4f4adb1c807b24161273e662b10fa63061c07f45c382e4
null,435022,435022,BROOKLYN BM_100011087,FISA_100009700,FISA_100009700,435022_100011087,100009700,25,25,120,1.0,Transfer,CONCENTRATE,Scen2,435022~BROOKLYN BM_100011087~FISA_100009700~435022_100011087~100009700~Transfer,82f3e28c-b705-4540-8bd5-f2910407c9b2,2f06cd78-452e-4df7-8aba-aec248130958,2026-02-25T07:22:07.933Z,2026-02-25T07:22:07.940Z,0d05f501010d5eb3abc83abc54e9c024cfc4602c2ccbe6f4ec9d7651fd87284a
null,436528,436528,CANADÁ_NATIONALDRY_100010426,IFF_100010034,IFF_100010034,436528_100010426,100010034,25,25,90,1.0,Transfer,CONCENTRATE,Scen2,436528~CANADÁ_NATIONALDRY_100010426~IFF_100010034~436528_100010426~100010034~Transfer,82f3e28c-b705-4540-8bd5-f2910407c9b2,2f06cd78-452e-4df7-8aba-aec248130958,2026-02-25T07:22:07.933Z,2026-02-25T07:22:07.940Z,595f07641d4e66c738a3fc37c8a53e75a8aec7aca52fe45294204c101c46ee17
null,435021,435021,REFRESCO_100011123,FISA_100009700,FISA_100009700,435021_100011123,100009700,25,25,120,1.0,Transfer,CONCENTRATE,Scen2,435021~REFRESCO_100011123~FISA_100009700~435021_100011123~100009700~Transfer,82f3e28c-b705-4540-8bd5-f2910407c9b2,2f06cd78-452e-4df7-8aba-aec248130958,2026-02-25T07:22:07.933Z,2026-02-25T07:22:07.940Z,0180f84a57b453cb154b6f6089ecd3b57727a844a9dd6a30dbc29ae6effbb251
null,430801,430801,BROOKLYN BM_100011087,FISA_100009700,FISA_100009700,430801_100011087,100009700,25,25,120,1.0,Transfer,CONCENTRATE,Scen2,430801~BROOKLYN BM_100011087~FISA_100009700~430801_100011087~100009700~Transfer,82f3e28c-b705-4540-8bd5-f2910407c9b2,2f06cd78-452e-4df7-8aba-aec248130958,2026-02-25T07:22:07.933Z,2026-02-25T07:22:07.940Z,ef661708a6d0752dde4af05742c6213524a8386fb7684d7ae6a1e0be544d99e0
null,421573,421573,BROOKLYN BM_100011087,CFF_100009382,CFF_100009382,421573_100011087,100009382,25,25,120,1.0,Transfer,CONCENTRATE,Scen2,421573~BROOKLYN BM_100011087~CFF_100009382~421573_100011087~100009382~Transfer,82f3e28c-b705-4540-8bd5-f2910407c9b2,2f06cd78-452e-4df7-8aba-aec248130958,2026-02-25T07:22:07.933Z,2026-02-25T07:22:07.940Z,419c1b81f17b1505d6a4097307aa109cda829c71fceb30269115471b4e6b21e2
null,426242,426242,REFRESCO_100011123,IFF_100010034,IFF_100010034,426242_100011123,100010034,25,25,120,1.0,Transfer,CONCENTRATE,Scen2,426242~REFRESCO_100011123~IFF_100010034~426242_100011123~100010034~Transfer,82f3e28c-b705-4540-8bd5-f2910407c9b2,2f06cd78-452e-4df7-8aba-aec248130958,2026-02-25T07:22:07.933Z,2026-02-25T07:22:07.940Z,90e791f34a064dac2595e3f523707488dd6413748812e7fbc17eb43d4cca5cc7
null,426242,426242,JAMAICA EXPORTS (PCJ)_J001,IFF_100010034,IFF_100010034,426242_J001,100010034,25,25,120,1.0,Transfer,CONCENTRATE,Scen2,426242~JAMAICA EXPORTS (PCJ)_J001~IFF_100010034~426242_J001~100010034~Transfer,82f3e28c-b705-4540-8bd5-f2910407c9b2,2f06cd78-452e-4df7-8aba-aec248130958,2026-02-25T07:22:07.933Z,2026-02-25T07:22:07.940Z,744872965dc3ea3c9d2d5da7793ab815ede024b4725694d0adc576d382ed73e6
null,435023,435023,BROOKLYN BM_100011087,FISA_100009700,FISA_100009700,435023_100011087,100009700,25,25,120,1.0,Transfer,CONCENTRATE,Scen2,435023~BROOKLYN BM_100011087~FISA_100009700~435023_100011087~100009700~Transfer,82f3e28c-b705-4540-8bd5-f2910407c9b2,2f06cd78-452e-4df7-8aba-aec248130958,2026-02-25T07:22:07.933Z,2026-02-25T07:22:07.940Z,4b566f2c30a771946b9ee16a5d11f811e3c1655b93c2fda7aab5eacf6437061f
null,420511,420511,LIVSMART_SP00,MAXXA_107875,MAXXA_107875,420511_SP00,107875,72000,72000,30,0.0,Transfer,CONCENTRATE,Scen2,420511~LIVSMART_SP00~MAXXA_107875~420511_SP00~107875~Transfer,82f3e28c-b705-4540-8bd5-f2910407c9b2,2f06cd78-452e-4df7-8aba-aec248130958,2026-02-25T07:22:07.933Z,2026-02-25T07:22:07.940Z,6401dce6264b88c8ac841069c83d0d040ef7ee9640c3fafb0b170df33002ca1a
null,426243,426243,JAMAICA EXPORTS (PCJ)_J001,IFF_100010034,IFF_100010034,426243_J001,100010034,25,25,120,1.0,Transfer,CONCENTRATE,Scen2,426243~JAMAICA EXPORTS (PCJ)_J001~IFF_100010034~426243_J001~100010034~Transfer,82f3e28c-b705-4540-8bd5-f2910407c9b2,2f06cd78-452e-4df7-8aba-aec248130958,2026-02-25T07:22:07.933Z,2026-02-25T07:22:07.940Z,f5cd96e8e7014cf6f0bd025714434e67a67bc09d8199bbd21be4a9976d419bf2
null,421577,421577,BROOKLYN BM_100011087,CFF_100009382,CFF_100009382,421577_100011087,100009382,25,25,120,1.0,Transfer,CONCENTRATE,Scen2,421577~BROOKLYN BM_100011087~CFF_100009382~421577_100011087~100009382~Transfer,82f3e28c-b705-4540-8bd5-f2910407c9b2,2f06cd78-452e-4df7-8aba-aec248130958,2026-02-25T07:22:07.933Z,2026-02-25T07:22:07.940Z,b8ed0d761b84a9a882924a7a829b312649680877b294d0d10ab416fd791e234c
null,435419,435419,REFRESCO_100011123,IFF_100010034,IFF_100010034,435419_100011123,100010034,25,25,120,1.0,Transfer,CONCENTRATE,Scen2,435419~REFRESCO_100011123~IFF_100010034~435419_100011123~100010034~Transfer,82f3e28c-b705-4540-8bd5-f2910407c9b2,2f06cd78-452e-4df7-8aba-aec248130958,2026-02-25T07:22:07.933Z,2026-02-25T07:22:07.940Z,538a5bd63f8cba34a860e8541e0a9c5fe47ecb68e797a83b827fd5ecb431721f
null,421576,421576,CANADÁ_NATIONALDRY_100010426,CFF_100009382,CFF_100009382,421576_100010426,100009382,25,25,120,1.0,Transfer,CONCENTRATE,Scen2,421576~CANADÁ_NATIONALDRY_100010426~CFF_100009382~421576_100010426~100009382~Transfer,82f3e28c-b705-4540-8bd5-f2910407c9b2,2f06cd78-452e-4df7-8aba-aec248130958,2026-02-25T07:22:07.933Z,2026-02-25T07:22:07.940Z,39939d34c072f0280a1ebeeb015dd668de33fc0cbc6e1f54dd97134846f1fe48
null,426244,426244,REFRESCO_100011123,IFF_100010034,IFF_100010034,426244_100011123,100010034,25,25,120,1.0,Transfer,CONCENTRATE,Scen2,426244~REFRESCO_100011123~IFF_100010034~426244_100011123~100010034~Transfer,82f3e28c-b705-4540-8bd5-f2910407c9b2,2f06cd78-452e-4df7-8aba-aec248130958,2026-02-25T07:22:07.933Z,2026-02-25T07:22:07.940Z,58ccc43ec9324db4346a6da70449d0450e3adace40a6bde6ed0d053edb558669
null,426243,426243,REFRESCO_100011123,IFF_100010034,IFF_100010034,426243_100011123,100010034,25,25,120,1.0,Transfer,CONCENTRATE,Scen2,426243~REFRESCO_100011123~IFF_100010034~426243_100011123~100010034~Transfer,82f3e28c-b705-4540-8bd5-f2910407c9b2,2f06cd78-452e-4df7-8aba-aec248130958,2026-02-25T07:22:07.933Z,2026-02-25T07:22:07.940Z,123a5001386882f7a7a83ef322cc92787f380d6cc9722434f0e0c24b3794d66b
null,435461,435461,REFRESCO_100011123,IFF_100010034,IFF_100010034,435461_100011123,100010034,25,25,120,1.0,Transfer,CONCENTRATE,Scen2,435461~REFRESCO_100011123~IFF_100010034~435461_100011123~100010034~Transfer,82f3e28c-b705-4540-8bd5-f2910407c9b2,2f06cd78-452e-4df7-8aba-aec248130958,2026-02-25T07:22:07.933Z,2026-02-25T07:22:07.940Z,880d764d8fa8628fda7410c993c6c13be68f7de637accb89f71c6c57cb9e1f02
null,420011,420011,EMBOTELLADORA_LA_NACIONAL_NI00,Grapette_100010909,Grapette_100010909,420011_NI00,100010909,320,640,50,1.0,Transfer,CONCENTRATE,Scen2,420011~EMBOTELLADORA_LA_NACIONAL_NI00~Grapette_100010909~420011_NI00~100010909~Transfer,82f3e28c-b705-4540-8bd5-f2910407c9b2,2f06cd78-452e-4df7-8aba-aec248130958,2026-02-25T07:22:07.933Z,2026-02-25T07:22:07.940Z,07a378efc4c84e7b20abe20c3a536e134243eaadf97dad164ff8d0d031073836
null,421692,421692,BROOKLYN BM_100011087,IFF_100010034,IFF_100010034,421692_100011087,100010034,25,25,120,1.0,Transfer,CONCENTRATE,Scen2,421692~BROOKLYN BM_100011087~IFF_100010034~421692_100011087~100010034~Transfer,82f3e28c-b705-4540-8bd5-f2910407c9b2,2f06cd78-452e-4df7-8aba-aec248130958,2026-02-25T07:22:07.933Z,2026-02-25T07:22:07.940Z,2d116b7806f0934bb033a52741521ef3bd73fec2d6c6be1a5933fc283a8c0e3f
null,421575,421575,BROOKLYN BM_100011087,CFF_100009382,CFF_100009382,421575_100011087,100009382,25,25,120,1.0,Transfer,CONCENTRATE,Scen2,421575~BROOKLYN BM_100011087~CFF_100009382~421575_100011087~100009382~Transfer,82f3e28c-b705-4540-8bd5-f2910407c9b2,2f06cd78-452e-4df7-8aba-aec248130958,2026-02-25T07:22:07.933Z,2026-02-25T07:22:07.940Z,4ccde6c077de6ed70f2d4fbabe8929c2dd5e17ead5f43fb50ea619e4b1ea556c
null,431488,431488,LIVSMART_SP00,Givaudan_100015087,Givaudan_100015087,431488_SP00,100015087,25,25,45,0.0,Transfer,,Scen2,431488~LIVSMART_SP00~Givaudan_100015087~431488_SP00~100015087~Transfer,82f3e28c-b705-4540-8bd5-f2910407c9b2,2f06cd78-452e-4df7-8aba-aec248130958,2026-02-25T07:22:07.933Z,2026-02-25T07:22:07.940Z,008770bc12ca18c348648389b5e0af81d36395450b71931a1ac931e3d01d40c7
null,421573,421573,CANADÁ_NATIONALDRY_100010426,CFF_100009382,CFF_100009382,421573_100010426,100009382,25,25,120,1.0,Transfer,CONCENTRATE,Scen2,421573~CANADÁ_NATIONALDRY_100010426~CFF_100009382~421573_100010426~100009382~Transfer,82f3e28c-b705-4540-8bd5-f2910407c9b2,2f06cd78-452e-4df7-8aba-aec248130958,2026-02-25T07:22:07.933Z,2026-02-25T07:22:07.940Z,d2241041f9e823b41eb91907031aeab90f7ece460ae58e11a45a7d2cf5e6afe1
null,430802,430802,BROOKLYN BM_100011087,FISA_100009700,FISA_100009700,430802_100011087,100009700,25,25,120,1.0,Transfer,CONCENTRATE,Scen2,430802~BROOKLYN BM_100011087~FISA_100009700~430802_100011087~100009700~Transfer,82f3e28c-b705-4540-8bd5-f2910407c9b2,2f06cd78-452e-4df7-8aba-aec248130958,2026-02-25T07:22:07.933Z,2026-02-25T07:22:07.940Z,1eba9f8154b97dbcbae441c55c6609221edc3da58fba7a564b2d9e03ae7a7d6d
null,426242,426242,BROOKLYN BM_100011087,IFF_100010034,IFF_100010034,426242_100011087,100010034,25,25,120,1.0,Transfer,CONCENTRATE,Scen2,426242~BROOKLYN BM_100011087~IFF_100010034~426242_100011087~100010034~Transfer,82f3e28c-b705-4540-8bd5-f2910407c9b2,2f06cd78-452e-4df7-8aba-aec248130958,2026-02-25T07:22:07.933Z,2026-02-25T07:22:07.940Z,7ca1fe465ce4eb4df8fc3158793666d5a52b0f5eb172b097ad1f55ff0f568c09
null,436528,436528,REFRESCO_100011123,IFF_100010034,IFF_100010034,436528_100011123,100010034,25,25,90,1.0,Transfer,CONCENTRATE,Scen2,436528~REFRESCO_100011123~IFF_100010034~436528_100011123~100010034~Transfer,82f3e28c-b705-4540-8bd5-f2910407c9b2,2f06cd78-452e-4df7-8aba-aec248130958,2026-02-25T07:22:07.933Z,2026-02-25T07:22:07.940Z,963c59875b39476e0722970db3d6c3aa7781632fcdb8380dbfb3b559a20a18c1
null,420511,420511,IDEALSA_100011805,MAXXA_107875,MAXXA_107875,420511_100011805,107875,72000,72000,30,0.0,Transfer,CONCENTRATE,Scen2,420511~IDEALSA_100011805~MAXXA_107875~420511_100011805~107875~Transfer,82f3e28c-b705-4540-8bd5-f2910407c9b2,2f06cd78-452e-4df7-8aba-aec248130958,2026-02-25T07:22:07.933Z,2026-02-25T07:22:07.940Z,ddea868c57c335b75516d1cc3c1fb518c10664e3ec255876934b4e818f581886
null,430804,430804,BROOKLYN BM_100011087,FISA_100009700,FISA_100009700,430804_100011087,100009700,25,25,120,1.0,Transfer,CONCENTRATE,Scen2,430804~BROOKLYN BM_100011087~FISA_100009700~430804_100011087~100009700~Transfer,82f3e28c-b705-4540-8bd5-f2910407c9b2,2f06cd78-452e-4df7-8aba-aec248130958,2026-02-25T07:22:07.933Z,2026-02-25T07:22:07.940Z,0dc558484c2ddb21f4210badd1f52a1ee2d13da77c496fa836164a44d66dbc0b
null,421691,421691,BROOKLYN BM_100011087,IFF_100010034,IFF_100010034,421691_100011087,100010034,25,25,120,1.0,Transfer,CONCENTRATE,Scen2,421691~BROOKLYN BM_100011087~IFF_100010034~421691_100011087~100010034~Transfer,82f3e28c-b705-4540-8bd5-f2910407c9b2,2f06cd78-452e-4df7-8aba-aec248130958,2026-02-25T07:22:07.933Z,2026-02-25T07:22:07.940Z,94d1e72e8086eb07c4b23173c318a925eb0932c439a228e40f4a7c16a01af6d3
null,436610,436610,PERU_RP04,Givaudan_100015087,Givaudan_100015087,436610_RP04,100015087,10,10,90,1.0,Transfer,CONCENTRATE,Scen2,436610~PERU_RP04~Givaudan_100015087~436610_RP04~100015087~Transfer,82f3e28c-b705-4540-8bd5-f2910407c9b2,2f06cd78-452e-4df7-8aba-aec248130958,2026-02-25T07:22:07.933Z,2026-02-25T07:22:07.940Z,69909a927ac224a76c4c71f9cbe31c734bae5ad6f0838215019a0df3e9fc7468
null,421690,421690,REFRESCO_100011123,IFF_100010034,IFF_100010034,421690_100011123,100010034,25,25,120,1.0,Transfer,CONCENTRATE,Scen2,421690~REFRESCO_100011123~IFF_100010034~421690_100011123~100010034~Transfer,82f3e28c-b705-4540-8bd5-f2910407c9b2,2f06cd78-452e-4df7-8aba-aec248130958,2026-02-25T07:22:07.933Z,2026-02-25T07:22:07.940Z,1cd43bc09fc38446efd75d16693143a39d319a9b8041468a8087928f79269594
null,431487,431487,LIVSMART_SP00,Givaudan_100015087,Givaudan_100015087,431487_SP00,100015087,8.83,8.83,45,0.0,Transfer,,Scen2,431487~LIVSMART_SP00~Givaudan_100015087~431487_SP00~100015087~Transfer,82f3e28c-b705-4540-8bd5-f2910407c9b2,2f06cd78-452e-4df7-8aba-aec248130958,2026-02-25T07:22:07.933Z,2026-02-25T07:22:07.940Z,9d93a2f443a973723421daea78a7f9b9065c560597b31978b23c492f3ae111f4
null,431487,431487,IDEALSA_100011805,Givaudan_100015087,Givaudan_100015087,431487_100011805,100015087,8.83,8.83,45,0.0,Transfer,,Scen2,431487~IDEALSA_100011805~Givaudan_100015087~431487_100011805~100015087~Transfer,82f3e28c-b705-4540-8bd5-f2910407c9b2,2f06cd78-452e-4df7-8aba-aec248130958,2026-02-25T07:22:07.933Z,2026-02-25T07:22:07.940Z,7db9593c1165e8af00d35aff3b33c3309e60272fa89cfa3a1f71952e6376e6ed
null,437099,437099,PERU_RP04,Givaudan_100015087,Givaudan_100015087,437099_RP04,100015087,10,10,90,1.0,Transfer,CONCENTRATE,Scen2,437099~PERU_RP04~Givaudan_100015087~437099_RP04~100015087~Transfer,82f3e28c-b705-4540-8bd5-f2910407c9b2,2f06cd78-452e-4df7-8aba-aec248130958,2026-02-25T07:22:07.933Z,2026-02-25T07:22:07.940Z,fff8ceb3b3e69d444de0118eb9d3bde6dca67e8abcea741869aab5463f6d1d3a
null,420011,420011,MARIPOSA_GP00,Grapette_100010909,Grapette_100010909,420011_GP00,100010909,320,640,50,1.0,Transfer,CONCENTRATE,Scen2,420011~MARIPOSA_GP00~Grapette_100010909~420011_GP00~100010909~Transfer,82f3e28c-b705-4540-8bd5-f2910407c9b2,2f06cd78-452e-4df7-8aba-aec248130958,2026-02-25T07:22:07.933Z,2026-02-25T07:22:07.940Z,08ad70ee953419ccfea61e5c809d2cd2415fad716a5d8aa2f850d90f6a284458
null,426241,426241,REFRESCO_100011123,IFF_100010034,IFF_100010034,426241_100011123,100010034,25,25,120,1.0,Transfer,CONCENTRATE,Scen2,426241~REFRESCO_100011123~IFF_100010034~426241_100011123~100010034~Transfer,82f3e28c-b705-4540-8bd5-f2910407c9b2,2f06cd78-452e-4df7-8aba-aec248130958,2026-02-25T07:22:07.933Z,2026-02-25T07:22:07.940Z,5005d76af6f45ea98f82fc8ff66db64636ceb93e8ad0146f515e4a7ccc0c2fc8
null,425220,425220,REFRESCO_100011123,IFF_100010034,IFF_100010034,425220_100011123,100010034,25,25,120,1.0,Transfer,CONCENTRATE,Scen2,425220~REFRESCO_100011123~IFF_100010034~425220_100011123~100010034~Transfer,82f3e28c-b705-4540-8bd5-f2910407c9b2,2f06cd78-452e-4df7-8aba-aec248130958,2026-02-25T07:22:07.933Z,2026-02-25T07:22:07.940Z,beb42a2311414933182ae4287257e67dd24ac6938492f8ee00dee2a26706b935
null,431492,431492,LIVSMART_SP00,Givaudan_100015087,Givaudan_100015087,431492_SP00,100015087,7.66,7.66,45,0.0,Transfer,,Scen2,431492~LIVSMART_SP00~Givaudan_100015087~431492_SP00~100015087~Transfer,82f3e28c-b705-4540-8bd5-f2910407c9b2,2f06cd78-452e-4df7-8aba-aec248130958,2026-02-25T07:22:07.933Z,2026-02-25T07:22:07.940Z,776c800fdf9ab6edd6705ad69b7eaa9b6a5a939f6f0bb831b797beb62e3aa0d2
null,421574,421574,CANADÁ_NATIONALDRY_100010426,CFF_100009382,CFF_100009382,421574_100010426,100009382,25,25,120,1.0,Transfer,CONCENTRATE,Scen2,421574~CANADÁ_NATIONALDRY_100010426~CFF_100009382~421574_100010426~100009382~Transfer,82f3e28c-b705-4540-8bd5-f2910407c9b2,2f06cd78-452e-4df7-8aba-aec248130958,2026-02-25T07:22:07.933Z,2026-02-25T07:22:07.940Z,40c493136beeb7c1d5f751d7ddf64e4f0c8ca30f29fd390a2c0c470ecb43e5a9
null,431489,431489,LIVSMART_SP00,Givaudan_100015087,Givaudan_100015087,431489_SP00,100015087,25,25,45,0.0,Transfer,,Scen2,431489~LIVSMART_SP00~Givaudan_100015087~431489_SP00~100015087~Transfer,82f3e28c-b705-4540-8bd5-f2910407c9b2,2f06cd78-452e-4df7-8aba-aec248130958,2026-02-25T07:22:07.933Z,2026-02-25T07:22:07.940Z,8453b03d298c83a7fa62605e834637363a8c597281cd74083347e730ab7b5a67
null,431489,431489,IDEALSA_100011805,Givaudan_100015087,Givaudan_100015087,431489_100011805,100015087,25,25,45,0.0,Transfer,,Scen2,431489~IDEALSA_100011805~Givaudan_100015087~431489_100011805~100015087~Transfer,82f3e28c-b705-4540-8bd5-f2910407c9b2,2f06cd78-452e-4df7-8aba-aec248130958,2026-02-25T07:22:07.933Z,2026-02-25T07:22:07.940Z,bef1af1607017ffa7ca47259b6c93202daa94463e09c7496c188c21df801b6d4
null,437124,437124,PERU_RP04,Givaudan_100015087,Givaudan_100015087,437124_RP04,100015087,10,10,90,1.0,Transfer,CONCENTRATE,Scen2,437124~PERU_RP04~Givaudan_100015087~437124_RP04~100015087~Transfer,82f3e28c-b705-4540-8bd5-f2910407c9b2,2f06cd78-452e-4df7-8aba-aec248130958,2026-02-25T07:22:07.933Z,2026-02-25T07:22:07.940Z,01594eafa65960055676bc6fcc474fb7d434b8cb5422a357df478394ce6bf621
null,421574,421574,BROOKLYN BM_100011087,CFF_100009382,CFF_100009382,421574_100011087,100009382,25,25,120,1.0,Transfer,CONCENTRATE,Scen2,421574~BROOKLYN BM_100011087~CFF_100009382~421574_100011087~100009382~Transfer,82f3e28c-b705-4540-8bd5-f2910407c9b2,2f06cd78-452e-4df7-8aba-aec248130958,2026-02-25T07:22:07.933Z,2026-02-25T07:22:07.940Z,50b12a9f751103a51ab0b4cdf3bd0346cb0b4ce9104800ebabfd1d3a9d22bb67
null,431490,431490,LIVSMART_SP00,Givaudan_100015087,Givaudan_100015087,431490_SP00,100015087,9.24,9.24,45,0.0,Transfer,,Scen2,431490~LIVSMART_SP00~Givaudan_100015087~431490_SP00~100015087~Transfer,82f3e28c-b705-4540-8bd5-f2910407c9b2,2f06cd78-452e-4df7-8aba-aec248130958,2026-02-25T07:22:07.933Z,2026-02-25T07:22:07.940Z,00481d375b5649b5ebb538e316071369519f79f98014818da71f59485fb2b2b6
null,426214,426214,TESALIA_400000105,FISA_100009700,FISA_100009700,426214_400000105,100009700,10,10,90,1.0,Transfer,CONCENTRATE,Scen2,426214~TESALIA_400000105~FISA_100009700~426214_400000105~100009700~Transfer,82f3e28c-b705-4540-8bd5-f2910407c9b2,2f06cd78-452e-4df7-8aba-aec248130958,2026-02-25T07:22:07.933Z,2026-02-25T07:22:07.940Z,87caf65be1dfa85ae17c1d04437e72d66b5224431955a676e48fe3ce64b355fc
null,44004727,44004727,LIVSMART_SP00,Great view_209134,Great view_209134,44004727_SP00,209134,600,2250,90,0.0,Transfer,,Scen2,44004727~LIVSMART_SP00~Great view_209134~44004727_SP00~209134~Transfer,82f3e28c-b705-4540-8bd5-f2910407c9b2,2f06cd78-452e-4df7-8aba-aec248130958,2026-02-25T07:22:07.933Z,2026-02-25T07:22:07.940Z,476febb42b389d07a0f73354541b0fb110cfca7a46f089e22c26a77fe038aba9
null,426213,426213,TESALIA_400000105,FISA_100009700,FISA_100009700,426213_400000105,100009700,10,10,90,1.0,Transfer,CONCENTRATE,Scen2,426213~TESALIA_400000105~FISA_100009700~426213_400000105~100009700~Transfer,82f3e28c-b705-4540-8bd5-f2910407c9b2,2f06cd78-452e-4df7-8aba-aec248130958,2026-02-25T07:22:07.933Z,2026-02-25T07:22:07.940Z,142b37db9886e6653155bfbd2387fc6bc44974172928b7bf56d0a0a0b554342a
null,431491,431491,LIVSMART_SP00,Givaudan_100015087,Givaudan_100015087,431491_SP00,100015087,25,25,45,0.0,Transfer,,Scen2,431491~LIVSMART_SP00~Givaudan_100015087~431491_SP00~100015087~Transfer,82f3e28c-b705-4540-8bd5-f2910407c9b2,2f06cd78-452e-4df7-8aba-aec248130958,2026-02-25T07:22:07.933Z,2026-02-25T07:22:07.940Z,916981b6b945a5be543e116f742b4ccadcc46d6514d60f3f772bcc57a25a9761
null,431491,431491,IDEALSA_100011805,Givaudan_100015087,Givaudan_100015087,431491_100011805,100015087,25,25,45,0.0,Transfer,,Scen2,431491~IDEALSA_100011805~Givaudan_100015087~431491_100011805~100015087~Transfer,82f3e28c-b705-4540-8bd5-f2910407c9b2,2f06cd78-452e-4df7-8aba-aec248130958,2026-02-25T07:22:07.933Z,2026-02-25T07:22:07.940Z,72da92747981e4fa6dc05f0c5bf48307ace3bec7255aa4153ac19cb72921f735
null,600403,600403,BROOKLYN BM_100011087,Jamaica Exports (PCJ)_400000096,Jamaica Exports (PCJ)_400000096,600403_100011087,400000096,25,25,120,1.0,Transfer,CONCENTRATE,Scen2,600403~BROOKLYN BM_100011087~Jamaica Exports (PCJ)_400000096~600403_100011087~400000096~Transfer,82f3e28c-b705-4540-8bd5-f2910407c9b2,2f06cd78-452e-4df7-8aba-aec248130958,2026-02-25T07:22:07.933Z,2026-02-25T07:22:07.940Z,687b352e63bada12b1c37523fabb70d5f8acb415bf536c90303041c1a5e067e5
null,420011,420011,LIVSMART_SP00,Grapette_100010909,Grapette_100010909,420011_SP00,100010909,320,640,60,1.0,Transfer,CONCENTRATE,Scen2,420011~LIVSMART_SP00~Grapette_100010909~420011_SP00~100010909~Transfer,82f3e28c-b705-4540-8bd5-f2910407c9b2,2f06cd78-452e-4df7-8aba-aec248130958,2026-02-25T07:22:07.933Z,2026-02-25T07:22:07.940Z,1ee6c973fa18c677ace75b7eb7fe58ace95706613cbee2f166bbcfb7505404e9
null,426243,426243,DAMM GLOBAL_100008711,IFF_100010034,IFF_100010034,426243_100008711,100010034,25,25,120,1.0,Transfer,CONCENTRATE,Scen2,426243~DAMM GLOBAL_100008711~IFF_100010034~426243_100008711~100010034~Transfer,82f3e28c-b705-4540-8bd5-f2910407c9b2,2f06cd78-452e-4df7-8aba-aec248130958,2026-02-25T07:22:07.933Z,2026-02-25T07:22:07.940Z,ed86101ccb80ddd46cf651197dc433a3c6a3979b5a9be52baec696a408ddcd7b
null,421690,421690,BROOKLYN BM_100011087,IFF_100010034,IFF_100010034,421690_100011087,100010034,25,25,120,1.0,Transfer,CONCENTRATE,Scen2,421690~BROOKLYN BM_100011087~IFF_100010034~421690_100011087~100010034~Transfer,82f3e28c-b705-4540-8bd5-f2910407c9b2,2f06cd78-452e-4df7-8aba-aec248130958,2026-02-25T07:22:07.933Z,2026-02-25T07:22:07.940Z,68bcb3bb4ee2b8787fc3d808baa53a48aa2733ff6fdf6f728bb785bf9f70b13f
null,435415,435415,REFRESCO_100011123,IFF_100010034,IFF_100010034,435415_100011123,100010034,25,25,120,1.0,Transfer,CONCENTRATE,Scen2,435415~REFRESCO_100011123~IFF_100010034~435415_100011123~100010034~Transfer,82f3e28c-b705-4540-8bd5-f2910407c9b2,2f06cd78-452e-4df7-8aba-aec248130958,2026-02-25T07:22:07.933Z,2026-02-25T07:22:07.940Z,ec915f577fe3bd2aa0f6893469f19524c8da335bc22dd532622a18b5ebced11f
null,421575,421575,CANADÁ_NATIONALDRY_100010426,CFF_100009382,CFF_100009382,421575_100010426,100009382,25,25,120,1.0,Transfer,CONCENTRATE,Scen2,421575~CANADÁ_NATIONALDRY_100010426~CFF_100009382~421575_100010426~100009382~Transfer,82f3e28c-b705-4540-8bd5-f2910407c9b2,2f06cd78-452e-4df7-8aba-aec248130958,2026-02-25T07:22:07.933Z,2026-02-25T07:22:07.940Z,ea0b80caa62c9acfa08bd5abaf69a1b8652941f4a101398a5d8dd3711914958c
null,AA004005,AA004005,MARES_2060885,MARES_2060885,MARES_2060885,AA004005_2060885,MARES_2060885,0,0,0,0,Transfer,PROFIT_SPLIT,Scen3,AA004005~MARES_2060885~MARES_2060885~AA004005_2060885~MARES_2060885~Transfer,82f3e28c-b705-4540-8bd5-f2910407c9b2,2f06cd78-452e-4df7-8aba-aec248130958,2026-02-25T07:22:07.933Z,2026-02-25T07:22:07.940Z,739825edc80058e83f3a3c2ca06eb02b5c5283db45885fee9183dfbd5946117b
