id,site,new_type,line,status,partname,requestdate,totalquantity,duedate,dockdate,unitprice,OrderSupplierId,integration_id,execution_id,workflow_execution_id,create_timestamp,last_updated_timestamp,record_key_hash
BA007453_66377_20260218,KASIM_66377,PO,null,Ignore,BA007453,20260218,1950,20260220,null,10.763518564,SP00,BA007453_66377_20260218~KASIM_66377~PO~Ignore~BA007453~20260218~1950.0~20260220~10.763518564~SP00,8f5bbf23-4824-44d4-84ce-47ed65b1b7b2,15fcc555-f52d-4aef-9425-ab658c8f2202,2026-02-24T04:08:02.617Z,2026-02-25T07:12:39.761Z,9f7b1a45676cdcd37260dce88bfa131350124ae6fe6c11b1844d74e28d713624
AA780634_66301_20260218,IBERIA_FOODS_FL_66301,PO,null,Ignore,AA780634,20260218,216,20260220,null,15.21,66303,AA780634_66301_20260218~IBERIA_FOODS_FL_66301~PO~Ignore~AA780634~20260218~216.0~20260220~15.21~66303,8f5bbf23-4824-44d4-84ce-47ed65b1b7b2,15fcc555-f52d-4aef-9425-ab658c8f2202,2026-02-24T04:08:02.617Z,2026-02-25T07:12:39.761Z,a347ada9a0f70158e9713f5f9884a811dfd53698491c02920c3844bac4e2ddb4
BA007455_66377_20260218,KASIM_66377,PO,null,Ignore,BA007455,20260218,10500,20260220,null,10.763518564,SP00,BA007455_66377_20260218~KASIM_66377~PO~Ignore~BA007455~20260218~10500.0~20260220~10.763518564~SP00,8f5bbf23-4824-44d4-84ce-47ed65b1b7b2,15fcc555-f52d-4aef-9425-ab658c8f2202,2026-02-24T04:08:02.617Z,2026-02-25T07:12:39.761Z,bc5f24ec44dc2f154161d9ff4b58e77756baa262877f7252d9c50c08a9ffe2f2
AA577601_68472_20260218,PENTRADE DUTY FREE B V_68472,PO,null,Ignore,AA577601,20260218,2760,20260220,null,0,66385,AA577601_68472_20260218~PENTRADE DUTY FREE B V_68472~PO~Ignore~AA577601~20260218~2760.0~20260220~0.0~66385,8f5bbf23-4824-44d4-84ce-47ed65b1b7b2,15fcc555-f52d-4aef-9425-ab658c8f2202,2026-02-24T04:08:02.617Z,2026-02-25T07:12:39.761Z,a1244f82449455d7dc4ff0b47ee9b23d3f6093926469a4f5a700e3cf2749a7a8
AA760601_66402_20260218,C.E.L._DISTRIBUTORS_66402,PO,null,Ignore,AA760601,20260218,40,20260220,null,12,400000096,AA760601_66402_20260218~C.E.L._DISTRIBUTORS_66402~PO~Ignore~AA760601~20260218~40.0~20260220~12.0~400000096,8f5bbf23-4824-44d4-84ce-47ed65b1b7b2,15fcc555-f52d-4aef-9425-ab658c8f2202,2026-02-24T04:08:02.617Z,2026-02-25T07:12:39.761Z,6d676109651b2535bc3d9bd568c10bfffe408bf5ed7024c74493785de83b3863
BA011319_2108340_20260218,IMPADOEL_2108340,PO,null,Ignore,BA011319,20260218,13120,20260220,null,4.361775958,SP00,BA011319_2108340_20260218~IMPADOEL_2108340~PO~Ignore~BA011319~20260218~13120.0~20260220~4.361775958~SP00,8f5bbf23-4824-44d4-84ce-47ed65b1b7b2,15fcc555-f52d-4aef-9425-ab658c8f2202,2026-02-24T04:08:02.617Z,2026-02-25T07:12:39.761Z,c462be570127198a497583df2062ba14651e6445c0552c04d1f30ce4b2323d0b
AA583078_66377_20260218,KASIM_66377,PO,null,Ignore,AA583078,20260218,1120,20260220,null,9.591208802,SP00,AA583078_66377_20260218~KASIM_66377~PO~Ignore~AA583078~20260218~1120.0~20260220~9.591208802~SP00,8f5bbf23-4824-44d4-84ce-47ed65b1b7b2,15fcc555-f52d-4aef-9425-ab658c8f2202,2026-02-24T04:08:02.617Z,2026-02-25T07:12:39.761Z,953a9559a66ccd7a3e43d8a78c1b09cb6616b1116e828627c40f72dfc04f93b8
BA018679_66385_20260218,REFRESCO_66385,PO,null,Ignore,BA018679,20260218,139,20260220,null,0,100010034,BA018679_66385_20260218~REFRESCO_66385~PO~Ignore~BA018679~20260218~139.0~20260220~0.0~100010034,8f5bbf23-4824-44d4-84ce-47ed65b1b7b2,15fcc555-f52d-4aef-9425-ab658c8f2202,2026-02-24T04:08:02.617Z,2026-02-25T07:12:39.761Z,89fde3ffdd7d4f0f34881d15c8da24ffbdd9334574b969d7d0a597490f054c06
BA007457_66377_20260218,KASIM_66377,PO,null,Ignore,BA007457,20260218,4125,20260220,null,10.763518564,SP00,BA007457_66377_20260218~KASIM_66377~PO~Ignore~BA007457~20260218~4125.0~20260220~10.763518564~SP00,8f5bbf23-4824-44d4-84ce-47ed65b1b7b2,15fcc555-f52d-4aef-9425-ab658c8f2202,2026-02-24T04:08:02.617Z,2026-02-25T07:12:39.761Z,0a53d82497d4524eebd5f0981f8ebfd3892cb601e1c1de44e7767c5625216cb4
AA583390_66402_20260218,C.E.L._DISTRIBUTORS_66402,PO,null,Ignore,AA583390,20260218,56,20260220,null,9.75,400000096,AA583390_66402_20260218~C.E.L._DISTRIBUTORS_66402~PO~Ignore~AA583390~20260218~56.0~20260220~9.75~400000096,8f5bbf23-4824-44d4-84ce-47ed65b1b7b2,15fcc555-f52d-4aef-9425-ab658c8f2202,2026-02-24T04:08:02.617Z,2026-02-25T07:12:39.761Z,0f2d1c1872761ce3a5489b20431ba072a2e1e3e72f6d2eee23a0874b7990de22
AA276079_66378_20260218,RIO_GRANDE_66378,PO,null,Ignore,AA276079,20260218,990,20260220,null,11.67,SP00,AA276079_66378_20260218~RIO_GRANDE_66378~PO~Ignore~AA276079~20260218~990.0~20260220~11.67~SP00,8f5bbf23-4824-44d4-84ce-47ed65b1b7b2,15fcc555-f52d-4aef-9425-ab658c8f2202,2026-02-24T04:08:02.617Z,2026-02-25T07:12:39.761Z,50098c9a3ea5e618550cfcecaf2d04cb0727f5146dd7012341af444ed7fd4252
AA819392_66402_20260218,C.E.L._DISTRIBUTORS_66402,PO,null,Ignore,AA819392,20260218,40,20260220,null,12,400000096,AA819392_66402_20260218~C.E.L._DISTRIBUTORS_66402~PO~Ignore~AA819392~20260218~40.0~20260220~12.0~400000096,8f5bbf23-4824-44d4-84ce-47ed65b1b7b2,15fcc555-f52d-4aef-9425-ab658c8f2202,2026-02-24T04:08:02.617Z,2026-02-25T07:12:39.761Z,21ac8bd6e525583b12957e94a5edc62fd770d744534ff3ec6101e6aabd26e2a1
BA007457_66378_20260218,RIO_GRANDE_66378,PO,null,Ignore,BA007457,20260218,150,20260220,null,13.46,SP00,BA007457_66378_20260218~RIO_GRANDE_66378~PO~Ignore~BA007457~20260218~150.0~20260220~13.46~SP00,8f5bbf23-4824-44d4-84ce-47ed65b1b7b2,15fcc555-f52d-4aef-9425-ab658c8f2202,2026-02-24T04:08:02.617Z,2026-02-25T07:12:39.761Z,baa020fccb8202b33c60ffa08c1abacddc061fefad9cedc30a1f321f7959f864
AA760392_66317_20260218,IBERIA_FOODS_NY_66317,PO,null,Ignore,AA760392,20260218,1040,20260220,null,0,400000096,AA760392_66317_20260218~IBERIA_FOODS_NY_66317~PO~Ignore~AA760392~20260218~1040.0~20260220~0.0~400000096,8f5bbf23-4824-44d4-84ce-47ed65b1b7b2,15fcc555-f52d-4aef-9425-ab658c8f2202,2026-02-24T04:08:02.617Z,2026-02-25T07:12:39.761Z,010bfab4eb8d06b555325278c76e68cf00e0845761a8f258a0d39cc92e396fa3
AA819389_66402_20260218,C.E.L._DISTRIBUTORS_66402,PO,null,Ignore,AA819389,20260218,80,20260220,null,12.64,400000096,AA819389_66402_20260218~C.E.L._DISTRIBUTORS_66402~PO~Ignore~AA819389~20260218~80.0~20260220~12.64~400000096,8f5bbf23-4824-44d4-84ce-47ed65b1b7b2,15fcc555-f52d-4aef-9425-ab658c8f2202,2026-02-24T04:08:02.617Z,2026-02-25T07:12:39.761Z,45beb74a9a84f4cd44a8a825b41b15f3228bc7f721a36024b486e9c356670225
BA007451_66378_20260218,RIO_GRANDE_66378,PO,null,Ignore,BA007451,20260218,750,20260220,null,13.46,SP00,BA007451_66378_20260218~RIO_GRANDE_66378~PO~Ignore~BA007451~20260218~750.0~20260220~13.46~SP00,8f5bbf23-4824-44d4-84ce-47ed65b1b7b2,15fcc555-f52d-4aef-9425-ab658c8f2202,2026-02-24T04:08:02.617Z,2026-02-25T07:12:39.761Z,01178324c0753be5e32102825706ce70622f4882e643c8c916038b54cd15511a
AA648081_66377_20260218,KASIM_66377,PO,null,Ignore,AA648081,20260218,21357,20260220,null,6.19607233,SP00,AA648081_66377_20260218~KASIM_66377~PO~Ignore~AA648081~20260218~21357.0~20260220~6.19607233~SP00,8f5bbf23-4824-44d4-84ce-47ed65b1b7b2,15fcc555-f52d-4aef-9425-ab658c8f2202,2026-02-24T04:08:02.617Z,2026-02-25T07:12:39.761Z,b08b719e5b6424f09421524dd2c428f47a25cc12dc2791e7fc8e9a0b24b235bf
BA005741_2108340_20260218,IMPADOEL_2108340,PO,null,Ignore,BA005741,20260218,189,20260220,null,4.954545241,SP00,BA005741_2108340_20260218~IMPADOEL_2108340~PO~Ignore~BA005741~20260218~189.0~20260220~4.954545241~SP00,8f5bbf23-4824-44d4-84ce-47ed65b1b7b2,15fcc555-f52d-4aef-9425-ab658c8f2202,2026-02-24T04:08:02.617Z,2026-02-25T07:12:39.761Z,76b591ef371e4e9fce5c4c8fe91775778e4baa3e9ac2091efff64e5b8b8149a0
BA022099_66385_20260218,REFRESCO_66385,PO,null,Ignore,BA022099,20260218,20105,20260220,null,0,100010034,BA022099_66385_20260218~REFRESCO_66385~PO~Ignore~BA022099~20260218~20105.0~20260220~0.0~100010034,8f5bbf23-4824-44d4-84ce-47ed65b1b7b2,15fcc555-f52d-4aef-9425-ab658c8f2202,2026-02-24T04:08:02.617Z,2026-02-25T07:12:39.761Z,e099a3955178dc8b853a2115b5e51abece6495c1f589f83ca05c04b7dcbcca95
BA012958_66377_20260218,KASIM_66377,PO,null,Ignore,BA012958,20260218,2835,20260220,null,6.19607233,SP00,BA012958_66377_20260218~KASIM_66377~PO~Ignore~BA012958~20260218~2835.0~20260220~6.19607233~SP00,8f5bbf23-4824-44d4-84ce-47ed65b1b7b2,15fcc555-f52d-4aef-9425-ab658c8f2202,2026-02-24T04:08:02.617Z,2026-02-25T07:12:39.761Z,6ecaafb9c4d9768f879be5c58699fed78eeede4c1a9153f4f30aedc9ef38edee
BA002469_2067820_20260218,TRANSMUNDI_2067820,PO,null,Ignore,BA002469,20260218,1210,20260220,null,0,SP00,BA002469_2067820_20260218~TRANSMUNDI_2067820~PO~Ignore~BA002469~20260218~1210.0~20260220~0.0~SP00,8f5bbf23-4824-44d4-84ce-47ed65b1b7b2,15fcc555-f52d-4aef-9425-ab658c8f2202,2026-02-24T04:08:02.617Z,2026-02-25T07:12:39.761Z,822d8d163aa2750b574bf33d39dd47a16dcfeb5e5e92db238bab1d4af244da45
BA005454_66367_20260218,FEDURO_66367,PO,null,Ignore,BA005454,20260218,225,20260220,null,11.149839744,SP00,BA005454_66367_20260218~FEDURO_66367~PO~Ignore~BA005454~20260218~225.0~20260220~11.149839744~SP00,8f5bbf23-4824-44d4-84ce-47ed65b1b7b2,15fcc555-f52d-4aef-9425-ab658c8f2202,2026-02-24T04:08:02.617Z,2026-02-25T07:12:39.761Z,a48e45d7ea51555173dfa6509c964c758977b314f8c069f5c1162dde5509dfd4
AAF1010075_66385_20260218,REFRESCO_66385,PO,null,Ignore,AAF1010075,20260218,20105,20260220,null,0,100010034,AAF1010075_66385_20260218~REFRESCO_66385~PO~Ignore~AAF1010075~20260218~20105.0~20260220~0.0~100010034,8f5bbf23-4824-44d4-84ce-47ed65b1b7b2,15fcc555-f52d-4aef-9425-ab658c8f2202,2026-02-24T04:08:02.617Z,2026-02-25T07:12:39.761Z,69e467abdcfdb0795d4b4d9adcb162746041f5bb3fa2f0cfeb09fadbb2dd9ab4
BA022757_68195_20260218,UNIDEX_68195,PO,null,Ignore,BA022757,20260218,5400,20260220,null,9.4869,68380,BA022757_68195_20260218~UNIDEX_68195~PO~Ignore~BA022757~20260218~5400.0~20260220~9.4869~68380,8f5bbf23-4824-44d4-84ce-47ed65b1b7b2,15fcc555-f52d-4aef-9425-ab658c8f2202,2026-02-24T04:08:02.617Z,2026-02-25T07:12:39.761Z,09d564395a37089bc4683d51c4f02533d5bdcabedcab160b02fc3ca752db37c1
AA780392_66301_20260218,IBERIA_FOODS_FL_66301,PO,null,Ignore,AA780392,20260218,4104,20260220,null,14.613785612,66303,AA780392_66301_20260218~IBERIA_FOODS_FL_66301~PO~Ignore~AA780392~20260218~4104.0~20260220~14.613785612~66303,8f5bbf23-4824-44d4-84ce-47ed65b1b7b2,15fcc555-f52d-4aef-9425-ab658c8f2202,2026-02-24T04:08:02.617Z,2026-02-25T07:12:39.761Z,e85d41d3aa4986e1621524b2099cbef96d5764e462d11176877dd7d8b6702269
BA026385_66385_20260218,REFRESCO_66385,PO,null,Ignore,BA026385,20260218,139,20260220,null,0,100010034,BA026385_66385_20260218~REFRESCO_66385~PO~Ignore~BA026385~20260218~139.0~20260220~0.0~100010034,8f5bbf23-4824-44d4-84ce-47ed65b1b7b2,15fcc555-f52d-4aef-9425-ab658c8f2202,2026-02-24T04:08:02.617Z,2026-02-25T07:12:39.761Z,c03e96986c2284ec8c71dd4ec442dedce3bfb3c5de947820bc20b0f865e1e69e
AA648133_66378_20260218,RIO_GRANDE_66378,PO,null,Ignore,AA648133,20260218,1323,20260220,null,7.85,SP00,AA648133_66378_20260218~RIO_GRANDE_66378~PO~Ignore~AA648133~20260218~1323.0~20260220~7.85~SP00,8f5bbf23-4824-44d4-84ce-47ed65b1b7b2,15fcc555-f52d-4aef-9425-ab658c8f2202,2026-02-24T04:08:02.617Z,2026-02-25T07:12:39.761Z,72cfdff88727ce8e5530fe77e13ebb96144991788e848e7fbc34aaea63fbb8ff
BA019771_66385_20260218,REFRESCO_66385,PO,null,Ignore,BA019771,20260218,20105,20260220,null,0,100010034,BA019771_66385_20260218~REFRESCO_66385~PO~Ignore~BA019771~20260218~20105.0~20260220~0.0~100010034,8f5bbf23-4824-44d4-84ce-47ed65b1b7b2,15fcc555-f52d-4aef-9425-ab658c8f2202,2026-02-24T04:08:02.617Z,2026-02-25T07:12:39.761Z,174ec7d1549e88f01effafb08c369df649f91ba91e9ddc2422002d22f676ad02
BA010926_66624_20260218,RECINOS_66624,PO,null,Ignore,BA010926,20260218,110,20260220,null,6.5,SP00,BA010926_66624_20260218~RECINOS_66624~PO~Ignore~BA010926~20260218~110.0~20260220~6.5~SP00,8f5bbf23-4824-44d4-84ce-47ed65b1b7b2,15fcc555-f52d-4aef-9425-ab658c8f2202,2026-02-24T04:08:02.617Z,2026-02-25T07:12:39.761Z,e5494a73aef8b506db1fd2eb3a330b48c2e5284da99d7b43be8a9561e1d14c88
AA780392_66322_20260218,CARIB_BREWERY_66322,PO,null,Ignore,AA780392,20260218,43355,20260220,null,0,400000096,AA780392_66322_20260218~CARIB_BREWERY_66322~PO~Ignore~AA780392~20260218~43355.0~20260220~0.0~400000096,8f5bbf23-4824-44d4-84ce-47ed65b1b7b2,15fcc555-f52d-4aef-9425-ab658c8f2202,2026-02-24T04:08:02.617Z,2026-02-25T07:12:39.761Z,47befa40473446fa338aa94902a11abe5301d86b656544f4969fdd7aa402f2b8
AA781391_66385_20260218,REFRESCO_66385,PO,null,Ignore,AA781391,20260218,139,20260220,null,0,100010034,AA781391_66385_20260218~REFRESCO_66385~PO~Ignore~AA781391~20260218~139.0~20260220~0.0~100010034,8f5bbf23-4824-44d4-84ce-47ed65b1b7b2,15fcc555-f52d-4aef-9425-ab658c8f2202,2026-02-24T04:08:02.617Z,2026-02-25T07:12:39.761Z,e0fc155adfb7084e17818d3045ab5fdfa8724079dba247a4946ee2f178f8381e
AA780634_66310_20260218,IBERIA_FOODS_NE_66310,PO,null,Ignore,AA780634,20260218,432,20260220,null,0,66303,AA780634_66310_20260218~IBERIA_FOODS_NE_66310~PO~Ignore~AA780634~20260218~432.0~20260220~0.0~66303,8f5bbf23-4824-44d4-84ce-47ed65b1b7b2,15fcc555-f52d-4aef-9425-ab658c8f2202,2026-02-24T04:08:02.617Z,2026-02-25T07:12:39.761Z,6972ed335386bb13f84e976f69fbf8dc042662699503314b218bc7d0d50826b7
BA022708_66377_20260218,KASIM_66377,PO,null,Ignore,BA022708,20260218,16500,20260220,null,5.95,SP00,BA022708_66377_20260218~KASIM_66377~PO~Ignore~BA022708~20260218~16500.0~20260220~5.95~SP00,8f5bbf23-4824-44d4-84ce-47ed65b1b7b2,15fcc555-f52d-4aef-9425-ab658c8f2202,2026-02-24T04:08:02.617Z,2026-02-25T07:12:39.761Z,9b6308141ca59828d49b11cec4a20554c7032cbe4c19c013b278aa12ff23908f
BA018680_66385_20260218,REFRESCO_66385,PO,null,Ignore,BA018680,20260218,139,20260220,null,0,100010034,BA018680_66385_20260218~REFRESCO_66385~PO~Ignore~BA018680~20260218~139.0~20260220~0.0~100010034,8f5bbf23-4824-44d4-84ce-47ed65b1b7b2,15fcc555-f52d-4aef-9425-ab658c8f2202,2026-02-24T04:08:02.617Z,2026-02-25T07:12:39.761Z,0bc41400b8c44a982a771b8df67b4df5c4bdc60a3b7d982d3b33a233b7d17ea3
AA648077_66378_20260218,RIO_GRANDE_66378,PO,null,Ignore,AA648077,20260218,3213,20260220,null,7.85,SP00,AA648077_66378_20260218~RIO_GRANDE_66378~PO~Ignore~AA648077~20260218~3213.0~20260220~7.85~SP00,8f5bbf23-4824-44d4-84ce-47ed65b1b7b2,15fcc555-f52d-4aef-9425-ab658c8f2202,2026-02-24T04:08:02.617Z,2026-02-25T07:12:39.761Z,17bbed81b07eb06784dd80abea4efb3e1783f7b9851357ce1d2ddebe4f293353
AA648079_66378_20260218,RIO_GRANDE_66378,PO,null,Ignore,AA648079,20260218,756,20260220,null,7.85,SP00,AA648079_66378_20260218~RIO_GRANDE_66378~PO~Ignore~AA648079~20260218~756.0~20260220~7.85~SP00,8f5bbf23-4824-44d4-84ce-47ed65b1b7b2,15fcc555-f52d-4aef-9425-ab658c8f2202,2026-02-24T04:08:02.617Z,2026-02-25T07:12:39.761Z,a9d404f9e9057e38312efc4a1008531a6146ec5a8c6807c6268f0498446cd70f
BA001447_66377_20260218,KASIM_66377,PO,null,Ignore,BA001447,20260218,4125,20260220,null,10.763518564,SP00,BA001447_66377_20260218~KASIM_66377~PO~Ignore~BA001447~20260218~4125.0~20260220~10.763518564~SP00,8f5bbf23-4824-44d4-84ce-47ed65b1b7b2,15fcc555-f52d-4aef-9425-ab658c8f2202,2026-02-24T04:08:02.617Z,2026-02-25T07:12:39.761Z,cd9e0bbc12e22e50c1098bb64207dc3183307c56d5b18d5f9472fe856c7bb072
BA006404_66377_20260218,KASIM_66377,PO,null,Ignore,BA006404,20260218,6237,20260220,null,0,SP00,BA006404_66377_20260218~KASIM_66377~PO~Ignore~BA006404~20260218~6237.0~20260220~0.0~SP00,8f5bbf23-4824-44d4-84ce-47ed65b1b7b2,15fcc555-f52d-4aef-9425-ab658c8f2202,2026-02-24T04:08:02.617Z,2026-02-25T07:12:39.761Z,e0d9a3ee78454b1cabb179efb59c16d72720c94e7a0cd542629bcceafeb55011
BA010951_66624_20260218,RECINOS_66624,PO,null,Ignore,BA010951,20260218,110,20260220,null,6.5,SP00,BA010951_66624_20260218~RECINOS_66624~PO~Ignore~BA010951~20260218~110.0~20260220~6.5~SP00,8f5bbf23-4824-44d4-84ce-47ed65b1b7b2,15fcc555-f52d-4aef-9425-ab658c8f2202,2026-02-24T04:08:02.617Z,2026-02-25T07:12:39.761Z,fc5cb768a6ce0568453ce629da6ea8b00b1d5e3ccee5526529c585876837d637
AA276145_66378_20260218,RIO_GRANDE_66378,PO,null,Ignore,AA276145,20260218,440,20260220,null,11.67,SP00,AA276145_66378_20260218~RIO_GRANDE_66378~PO~Ignore~AA276145~20260218~440.0~20260220~11.67~SP00,8f5bbf23-4824-44d4-84ce-47ed65b1b7b2,15fcc555-f52d-4aef-9425-ab658c8f2202,2026-02-24T04:08:02.617Z,2026-02-25T07:12:39.761Z,e99d2482f539e0b5a543d45a9d18985e76378fddc8012227521dc2cd0cd926f2
AA281190_2067820_20260218,TRANSMUNDI_2067820,PO,null,Ignore,AA281190,20260218,378,20260220,null,4.387864255,SP00,AA281190_2067820_20260218~TRANSMUNDI_2067820~PO~Ignore~AA281190~20260218~378.0~20260220~4.387864255~SP00,8f5bbf23-4824-44d4-84ce-47ed65b1b7b2,15fcc555-f52d-4aef-9425-ab658c8f2202,2026-02-24T04:08:02.617Z,2026-02-25T07:12:39.761Z,58b0badf5b58a1603228f0dcf636cb2f2ff57176b3f309924241f42cf8fe642e
BA007452_66378_20260218,RIO_GRANDE_66378,PO,null,Ignore,BA007452,20260218,525,20260220,null,13.46,SP00,BA007452_66378_20260218~RIO_GRANDE_66378~PO~Ignore~BA007452~20260218~525.0~20260220~13.46~SP00,8f5bbf23-4824-44d4-84ce-47ed65b1b7b2,15fcc555-f52d-4aef-9425-ab658c8f2202,2026-02-24T04:08:02.617Z,2026-02-25T07:12:39.761Z,3a73d7639027690877caf84d7ac1768ab9d5ec028c5a5ddd8850762f897e1f48
AA583391_66402_20260218,C.E.L._DISTRIBUTORS_66402,PO,null,Ignore,AA583391,20260218,56,20260220,null,9.75,400000096,AA583391_66402_20260218~C.E.L._DISTRIBUTORS_66402~PO~Ignore~AA583391~20260218~56.0~20260220~9.75~400000096,8f5bbf23-4824-44d4-84ce-47ed65b1b7b2,15fcc555-f52d-4aef-9425-ab658c8f2202,2026-02-24T04:08:02.617Z,2026-02-25T07:12:39.761Z,33b6f7a0e36e72d439eeccf4211d950c166d8d84823d44ae93a7bde475d32960
BA003175_2060892_20260218,MÉXICO_2060892,PO,null,Ignore,BA003175,20260218,500,20260220,null,0.381228076,M001,BA003175_2060892_20260218~MÉXICO_2060892~PO~Ignore~BA003175~20260218~500.0~20260220~0.381228076~M001,8f5bbf23-4824-44d4-84ce-47ed65b1b7b2,15fcc555-f52d-4aef-9425-ab658c8f2202,2026-02-24T04:08:02.617Z,2026-02-25T07:12:39.761Z,e739af1101a6a63fd3dd90694ca2b8a05c862b47fc39a717683757b1ef54b828
AA760392_66301_20260218,IBERIA_FOODS_FL_66301,PO,null,Ignore,AA760392,20260218,3120,20260220,null,10.5,400000096,AA760392_66301_20260218~IBERIA_FOODS_FL_66301~PO~Ignore~AA760392~20260218~3120.0~20260220~10.5~400000096,8f5bbf23-4824-44d4-84ce-47ed65b1b7b2,15fcc555-f52d-4aef-9425-ab658c8f2202,2026-02-24T04:08:02.617Z,2026-02-25T07:12:39.761Z,afd209d205955753d8f917b50c002cee4d515d2cb67cce38b6d01010faee48e0
AA583600_66402_20260218,C.E.L._DISTRIBUTORS_66402,PO,null,Ignore,AA583600,20260218,56,20260220,null,9.75,400000096,AA583600_66402_20260218~C.E.L._DISTRIBUTORS_66402~PO~Ignore~AA583600~20260218~56.0~20260220~9.75~400000096,8f5bbf23-4824-44d4-84ce-47ed65b1b7b2,15fcc555-f52d-4aef-9425-ab658c8f2202,2026-02-24T04:08:02.617Z,2026-02-25T07:12:39.761Z,f40e5e6a34e43a8e7241b9754144c4cc18150a09bd8e5379499bfbec58bfd239
BA021123_2108340_20260218,IMPADOEL_2108340,PO,null,Ignore,BA021123,20260218,660,20260220,null,0,SP00,BA021123_2108340_20260218~IMPADOEL_2108340~PO~Ignore~BA021123~20260218~660.0~20260220~0.0~SP00,8f5bbf23-4824-44d4-84ce-47ed65b1b7b2,15fcc555-f52d-4aef-9425-ab658c8f2202,2026-02-24T04:08:02.617Z,2026-02-25T07:12:39.761Z,c23f313e30e0d1e4a38a4bb9a0266ca5a963cdbf523af6acbcbff1619dc96e76
AA648079_66377_20260218,KASIM_66377,PO,null,Ignore,AA648079,20260218,7560,20260220,null,6.19607233,SP00,AA648079_66377_20260218~KASIM_66377~PO~Ignore~AA648079~20260218~7560.0~20260220~6.19607233~SP00,8f5bbf23-4824-44d4-84ce-47ed65b1b7b2,15fcc555-f52d-4aef-9425-ab658c8f2202,2026-02-24T04:08:02.617Z,2026-02-25T07:12:39.761Z,85f559260eb9ad6f2643df778c22575283f65d45571b919ccde276eb281cbb99
BA004905_66624_20260218,RECINOS_66624,PO,null,Ignore,BA004905,20260218,675,20260220,null,8.5,SP00,BA004905_66624_20260218~RECINOS_66624~PO~Ignore~BA004905~20260218~675.0~20260220~8.5~SP00,8f5bbf23-4824-44d4-84ce-47ed65b1b7b2,15fcc555-f52d-4aef-9425-ab658c8f2202,2026-02-24T04:08:02.617Z,2026-02-25T07:12:39.761Z,354c50132eb17baa5abbcfa8a88a2c6096bdf89fe969deacd2f5fd88131f3e3c
AA285202_66367_20260218,FEDURO_66367,PO,null,Ignore,AA285202,20260218,21924,20260220,null,4.211538462,SP00,AA285202_66367_20260218~FEDURO_66367~PO~Ignore~AA285202~20260218~21924.0~20260220~4.211538462~SP00,8f5bbf23-4824-44d4-84ce-47ed65b1b7b2,15fcc555-f52d-4aef-9425-ab658c8f2202,2026-02-24T04:08:02.617Z,2026-02-25T07:12:39.761Z,da85c9e051d550787e3e153c44b05051a045668db3acca3fd8aba5a878b238b4
AA648078_66378_20260218,RIO_GRANDE_66378,PO,null,Ignore,AA648078,20260218,945,20260220,null,7.85,SP00,AA648078_66378_20260218~RIO_GRANDE_66378~PO~Ignore~AA648078~20260218~945.0~20260220~7.85~SP00,8f5bbf23-4824-44d4-84ce-47ed65b1b7b2,15fcc555-f52d-4aef-9425-ab658c8f2202,2026-02-24T04:08:02.617Z,2026-02-25T07:12:39.761Z,4a4f441c53c60d1a512ea92cb0920c5767ac0dbaaf3e9a8e9dcc49c1340d4e60
BA007453_66378_20260218,RIO_GRANDE_66378,PO,null,Ignore,BA007453,20260218,450,20260220,null,13.46,SP00,BA007453_66378_20260218~RIO_GRANDE_66378~PO~Ignore~BA007453~20260218~450.0~20260220~13.46~SP00,8f5bbf23-4824-44d4-84ce-47ed65b1b7b2,15fcc555-f52d-4aef-9425-ab658c8f2202,2026-02-24T04:08:02.617Z,2026-02-25T07:12:39.761Z,4240f645a6d54271c90d7a5ee0bdb34d3c163bf37ff3c44bad2c9b5758d8a3c8
AA276081_66378_20260218,RIO_GRANDE_66378,PO,null,Ignore,AA276081,20260218,660,20260220,null,11.67,SP00,AA276081_66378_20260218~RIO_GRANDE_66378~PO~Ignore~AA276081~20260218~660.0~20260220~11.67~SP00,8f5bbf23-4824-44d4-84ce-47ed65b1b7b2,15fcc555-f52d-4aef-9425-ab658c8f2202,2026-02-24T04:08:02.617Z,2026-02-25T07:12:39.761Z,2a6b1bd21c47da1d1d45ce371631f7feaca99e21372c86f7fc35d9673b3bbaa3
AA251191_2067820_20260218,TRANSMUNDI_2067820,PO,null,Ignore,AA251191,20260218,220,20260220,null,0,SP00,AA251191_2067820_20260218~TRANSMUNDI_2067820~PO~Ignore~AA251191~20260218~220.0~20260220~0.0~SP00,8f5bbf23-4824-44d4-84ce-47ed65b1b7b2,15fcc555-f52d-4aef-9425-ab658c8f2202,2026-02-24T04:08:02.617Z,2026-02-25T07:12:39.761Z,323c298a59e145ca3be98f3e03a64f2a04c01559f2ab561f7b98faa188ee1233
BA022756_68111_20260218,TROPICAL FRESH_68111,PO,null,Ignore,BA022756,20260218,2700,20260220,null,11.3792,68380,BA022756_68111_20260218~TROPICAL FRESH_68111~PO~Ignore~BA022756~20260218~2700.0~20260220~11.3792~68380,8f5bbf23-4824-44d4-84ce-47ed65b1b7b2,15fcc555-f52d-4aef-9425-ab658c8f2202,2026-02-24T04:08:02.617Z,2026-02-25T07:12:39.761Z,58afde704373c3cb1007bcc8ae53d2743c1249433ec36c3bd2f63d1fa93cabc7
AA276133_66378_20260218,RIO_GRANDE_66378,PO,null,Ignore,AA276133,20260218,770,20260220,null,11.67,SP00,AA276133_66378_20260218~RIO_GRANDE_66378~PO~Ignore~AA276133~20260218~770.0~20260220~11.67~SP00,8f5bbf23-4824-44d4-84ce-47ed65b1b7b2,15fcc555-f52d-4aef-9425-ab658c8f2202,2026-02-24T04:08:02.617Z,2026-02-25T07:12:39.761Z,1d38c2f0c7cf49afe4787e866714c3f9da100802254754c39769a5c847884d59
BA026382_66385_20260218,REFRESCO_66385,PO,null,Ignore,BA026382,20260218,7376,20260220,null,0,8000003,BA026382_66385_20260218~REFRESCO_66385~PO~Ignore~BA026382~20260218~7376.0~20260220~0.0~8000003,8f5bbf23-4824-44d4-84ce-47ed65b1b7b2,15fcc555-f52d-4aef-9425-ab658c8f2202,2026-02-24T04:08:02.617Z,2026-02-25T07:12:39.761Z,7372eb6e77384ad554bd688ffb36cc90cc19cc231896f60e14bc3c115b95c1dd
BA007450_66377_20260218,KASIM_66377,PO,null,Ignore,BA007450,20260218,3000,20260220,null,10.763518564,SP00,BA007450_66377_20260218~KASIM_66377~PO~Ignore~BA007450~20260218~3000.0~20260220~10.763518564~SP00,8f5bbf23-4824-44d4-84ce-47ed65b1b7b2,15fcc555-f52d-4aef-9425-ab658c8f2202,2026-02-24T04:08:02.617Z,2026-02-25T07:12:39.761Z,39725e59db37b007609a2cfa66bf5e2b58f3ca3e6663f33523fa0b3ce7481ddb
AA270133_66377_20260218,KASIM_66377,PO,null,Ignore,AA270133,20260218,1568,20260220,null,9.591208802,SP00,AA270133_66377_20260218~KASIM_66377~PO~Ignore~AA270133~20260218~1568.0~20260220~9.591208802~SP00,8f5bbf23-4824-44d4-84ce-47ed65b1b7b2,15fcc555-f52d-4aef-9425-ab658c8f2202,2026-02-24T04:08:02.617Z,2026-02-25T07:12:39.761Z,6603e21f6949768e63fe9e75b604f8a94decfbb68666587caca0c45a52639591
BA019698_66385_20260218,REFRESCO_66385,PO,null,Ignore,BA019698,20260218,139,20260220,null,0,100010034,BA019698_66385_20260218~REFRESCO_66385~PO~Ignore~BA019698~20260218~139.0~20260220~0.0~100010034,8f5bbf23-4824-44d4-84ce-47ed65b1b7b2,15fcc555-f52d-4aef-9425-ab658c8f2202,2026-02-24T04:08:02.617Z,2026-02-25T07:12:39.761Z,bd27fdb6fc0c1c258a8b35d1a5a1e544c7de77b894fe10b0083d108b82116b34
AA780392_66317_20260218,IBERIA_FOODS_NY_66317,PO,null,Ignore,AA780392,20260218,6408,20260220,null,0,66303,AA780392_66317_20260218~IBERIA_FOODS_NY_66317~PO~Ignore~AA780392~20260218~6408.0~20260220~0.0~66303,8f5bbf23-4824-44d4-84ce-47ed65b1b7b2,15fcc555-f52d-4aef-9425-ab658c8f2202,2026-02-24T04:08:02.617Z,2026-02-25T07:12:39.761Z,a2c193e4341ac98b7acec879fa8f9b44d41e5de92e0592880c2f92c3634a6a9d
AA285202_2067820_20260218,TRANSMUNDI_2067820,PO,null,Ignore,AA285202,20260218,5481,20260220,null,4.387864255,SP00,AA285202_2067820_20260218~TRANSMUNDI_2067820~PO~Ignore~AA285202~20260218~5481.0~20260220~4.387864255~SP00,8f5bbf23-4824-44d4-84ce-47ed65b1b7b2,15fcc555-f52d-4aef-9425-ab658c8f2202,2026-02-24T04:08:02.617Z,2026-02-25T07:12:39.761Z,e2d1d616f6d46096b3b706f92cf794cf9dd5394d63f3b253c61db8bec75afa09
AA759634_66322_20260218,CARIB_BREWERY_66322,PO,null,Ignore,AA759634,20260218,6194,20260220,null,0,400000096,AA759634_66322_20260218~CARIB_BREWERY_66322~PO~Ignore~AA759634~20260218~6194.0~20260220~0.0~400000096,8f5bbf23-4824-44d4-84ce-47ed65b1b7b2,15fcc555-f52d-4aef-9425-ab658c8f2202,2026-02-24T04:08:02.617Z,2026-02-25T07:12:39.761Z,7fabaea84f6718e8c7ca3216fa2398249d51000af349c5e427042fa82be3317e
BA004906_66624_20260218,RECINOS_66624,PO,null,Ignore,BA004906,20260218,150,20260220,null,8.5,SP00,BA004906_66624_20260218~RECINOS_66624~PO~Ignore~BA004906~20260218~150.0~20260220~8.5~SP00,8f5bbf23-4824-44d4-84ce-47ed65b1b7b2,15fcc555-f52d-4aef-9425-ab658c8f2202,2026-02-24T04:08:02.617Z,2026-02-25T07:12:39.761Z,eab22aa4ddc854e110e7c95a61d7065e4c4ae5477993bd226c21536afba3ef87
BA007816_66624_20260218,RECINOS_66624,PO,null,Ignore,BA007816,20260218,220,20260220,null,6.5,SP00,BA007816_66624_20260218~RECINOS_66624~PO~Ignore~BA007816~20260218~220.0~20260220~6.5~SP00,8f5bbf23-4824-44d4-84ce-47ed65b1b7b2,15fcc555-f52d-4aef-9425-ab658c8f2202,2026-02-24T04:08:02.617Z,2026-02-25T07:12:39.761Z,9546aaa75e97845b7bd446694f982680575420cb796bfcd0f9fbab7914a37d37
BA022756_66385_20260218,REFRESCO_66385,PO,null,Ignore,BA022756,20260218,20105,20260220,null,0,100010034,BA022756_66385_20260218~REFRESCO_66385~PO~Ignore~BA022756~20260218~20105.0~20260220~0.0~100010034,8f5bbf23-4824-44d4-84ce-47ed65b1b7b2,15fcc555-f52d-4aef-9425-ab658c8f2202,2026-02-24T04:08:02.617Z,2026-02-25T07:12:39.761Z,a962a8944baa800e60a34f52fdeee6f17b1ecde473724b500687c76229844ec9
AA648133_66377_20260218,KASIM_66377,PO,null,Ignore,AA648133,20260218,378,20260220,null,6.19607233,SP00,AA648133_66377_20260218~KASIM_66377~PO~Ignore~AA648133~20260218~378.0~20260220~6.19607233~SP00,8f5bbf23-4824-44d4-84ce-47ed65b1b7b2,15fcc555-f52d-4aef-9425-ab658c8f2202,2026-02-24T04:08:02.617Z,2026-02-25T07:12:39.761Z,a6827c184034e5113b6fe0056e02d1f0df5d17e523003107131152383b76eb40
BA007456_66378_20260218,RIO_GRANDE_66378,PO,null,Ignore,BA007456,20260218,300,20260220,null,13.46,SP00,BA007456_66378_20260218~RIO_GRANDE_66378~PO~Ignore~BA007456~20260218~300.0~20260220~13.46~SP00,8f5bbf23-4824-44d4-84ce-47ed65b1b7b2,15fcc555-f52d-4aef-9425-ab658c8f2202,2026-02-24T04:08:02.617Z,2026-02-25T07:12:39.761Z,d427470f7e6de89f4b9d8abf8d57b3f00c5c1b1ee13e39e6d5fa81b016d5e5d3
BA007456_66377_20260218,KASIM_66377,PO,null,Ignore,BA007456,20260218,5850,20260220,null,10.763518564,SP00,BA007456_66377_20260218~KASIM_66377~PO~Ignore~BA007456~20260218~5850.0~20260220~10.763518564~SP00,8f5bbf23-4824-44d4-84ce-47ed65b1b7b2,15fcc555-f52d-4aef-9425-ab658c8f2202,2026-02-24T04:08:02.617Z,2026-02-25T07:12:39.761Z,64af3d0566ca314361ebfe92afc36da5d1e5d09e69f92d3e9e41d0387f18673e
BA020759_2108340_20260218,IMPADOEL_2108340,PO,null,Ignore,BA020759,20260218,1540,20260220,null,7.398594308,SP00,BA020759_2108340_20260218~IMPADOEL_2108340~PO~Ignore~BA020759~20260218~1540.0~20260220~7.398594308~SP00,8f5bbf23-4824-44d4-84ce-47ed65b1b7b2,15fcc555-f52d-4aef-9425-ab658c8f2202,2026-02-24T04:08:02.617Z,2026-02-25T07:12:39.761Z,a2a369d9404a019a914a0bae0ee0fe0cf533cc1c2804c3b11ae78dfe582c010b
BA011198_2108340_20260218,IMPADOEL_2108340,PO,null,Ignore,BA011198,20260218,5040,20260220,null,5.660065869,SP00,BA011198_2108340_20260218~IMPADOEL_2108340~PO~Ignore~BA011198~20260218~5040.0~20260220~5.660065869~SP00,8f5bbf23-4824-44d4-84ce-47ed65b1b7b2,15fcc555-f52d-4aef-9425-ab658c8f2202,2026-02-24T04:08:02.617Z,2026-02-25T07:12:39.761Z,310c32adeb0d3bcd64da8782a6d6acab20edfaaaf8f813e38e9fc6f82bb4b281
BA007452_66377_20260218,KASIM_66377,PO,null,Ignore,BA007452,20260218,4500,20260220,null,10.763518564,SP00,BA007452_66377_20260218~KASIM_66377~PO~Ignore~BA007452~20260218~4500.0~20260220~10.763518564~SP00,8f5bbf23-4824-44d4-84ce-47ed65b1b7b2,15fcc555-f52d-4aef-9425-ab658c8f2202,2026-02-24T04:08:02.617Z,2026-02-25T07:12:39.761Z,face347b2a2b93f935dc82ee0c904d18446c4a7b5a8485005baba555c579b725
BA022757_68341_20260218,ASIA EXPRESS FOOD BV_68341,PO,null,Ignore,BA022757,20260218,2700,20260220,null,10.795,68380,BA022757_68341_20260218~ASIA EXPRESS FOOD BV_68341~PO~Ignore~BA022757~20260218~2700.0~20260220~10.795~68380,8f5bbf23-4824-44d4-84ce-47ed65b1b7b2,15fcc555-f52d-4aef-9425-ab658c8f2202,2026-02-24T04:08:02.617Z,2026-02-25T07:12:39.761Z,d36fef0a30a46328087ab9512f67ac85ce86233ea79c444226625cdc28cc4e1c
BA005736_2108340_20260218,IMPADOEL_2108340,PO,null,Ignore,BA005736,20260218,14175,20260220,null,4.954545241,SP00,BA005736_2108340_20260218~IMPADOEL_2108340~PO~Ignore~BA005736~20260218~14175.0~20260220~4.954545241~SP00,8f5bbf23-4824-44d4-84ce-47ed65b1b7b2,15fcc555-f52d-4aef-9425-ab658c8f2202,2026-02-24T04:08:02.617Z,2026-02-25T07:12:39.761Z,0aa0126242c1909d5e70c42f28fb47411f3ec92bf1d938c860877e0cb10f6081
AA648622_66377_20260218,KASIM_66377,PO,null,Ignore,AA648622,20260218,10206,20260220,null,6.19607233,SP00,AA648622_66377_20260218~KASIM_66377~PO~Ignore~AA648622~20260218~10206.0~20260220~6.19607233~SP00,8f5bbf23-4824-44d4-84ce-47ed65b1b7b2,15fcc555-f52d-4aef-9425-ab658c8f2202,2026-02-24T04:08:02.617Z,2026-02-25T07:12:39.761Z,449012da736cd4a79dd9959df1da3ccf41d4bb68b4b285224f205f0dae67633e
M00015_2060892_20260218,MÉXICO_2060892,PO,null,Ignore,M00015,20260218,22856,20260220,null,0.014436188,M001,M00015_2060892_20260218~MÉXICO_2060892~PO~Ignore~M00015~20260218~22856.0~20260220~0.014436188~M001,8f5bbf23-4824-44d4-84ce-47ed65b1b7b2,15fcc555-f52d-4aef-9425-ab658c8f2202,2026-02-24T04:08:02.617Z,2026-02-25T07:12:39.761Z,970429671bbc086c890e645acd48149e7dedaaba961bbd2a99bb9849e2ef6d14
M00014_2060892_20260218,MÉXICO_2060892,PO,null,Ignore,M00014,20260218,10171,20260220,null,0.014436188,M001,M00014_2060892_20260218~MÉXICO_2060892~PO~Ignore~M00014~20260218~10171.0~20260220~0.014436188~M001,8f5bbf23-4824-44d4-84ce-47ed65b1b7b2,15fcc555-f52d-4aef-9425-ab658c8f2202,2026-02-24T04:08:02.617Z,2026-02-25T07:12:39.761Z,1b118f0f078311f6b0c31d206532e0c367545af55e358396c462930ea92091f0
BA026384_66385_20260218,REFRESCO_66385,PO,null,Ignore,BA026384,20260218,139,20260220,null,0,100010034,BA026384_66385_20260218~REFRESCO_66385~PO~Ignore~BA026384~20260218~139.0~20260220~0.0~100010034,8f5bbf23-4824-44d4-84ce-47ed65b1b7b2,15fcc555-f52d-4aef-9425-ab658c8f2202,2026-02-24T04:08:02.617Z,2026-02-25T07:12:39.761Z,fa3e92b325f449bb2ba443a3a319427d84e5872afba01a3d4e18800bdfeb0035
AA276077_66378_20260218,RIO_GRANDE_66378,PO,null,Ignore,AA276077,20260218,2530,20260220,null,11.67,SP00,AA276077_66378_20260218~RIO_GRANDE_66378~PO~Ignore~AA276077~20260218~2530.0~20260220~11.67~SP00,8f5bbf23-4824-44d4-84ce-47ed65b1b7b2,15fcc555-f52d-4aef-9425-ab658c8f2202,2026-02-24T04:08:02.617Z,2026-02-25T07:12:39.761Z,17e5c7cf4e693b21b50cc3cbef517804ed1af42ce143d4e503da6b21d01dc237
BA011264_66274_20260218,CORRIPIO_66274,PO,null,Ignore,BA011264,20260218,440,20260220,null,8.264054091,GP00,BA011264_66274_20260218~CORRIPIO_66274~PO~Ignore~BA011264~20260218~440.0~20260220~8.264054091~GP00,8f5bbf23-4824-44d4-84ce-47ed65b1b7b2,15fcc555-f52d-4aef-9425-ab658c8f2202,2026-02-24T04:08:02.617Z,2026-02-25T07:12:39.761Z,38e5a2a449d6d0385a3a06bb23234ffbaa698e8b2ef41bb05a959b0f9bbf56ea
BA020757_2108340_20260218,IMPADOEL_2108340,PO,null,Ignore,BA020757,20260218,1100,20260220,null,7.398594308,SP00,BA020757_2108340_20260218~IMPADOEL_2108340~PO~Ignore~BA020757~20260218~1100.0~20260220~7.398594308~SP00,8f5bbf23-4824-44d4-84ce-47ed65b1b7b2,15fcc555-f52d-4aef-9425-ab658c8f2202,2026-02-24T04:08:02.617Z,2026-02-25T07:12:39.761Z,e760b10f9897c41d1e9703717855f5df22669cce1ad8e5bf2b9af0517036405a
AA780392_66310_20260218,IBERIA_FOODS_NE_66310,PO,null,Ignore,AA780392,20260218,1008,20260220,null,0,66303,AA780392_66310_20260218~IBERIA_FOODS_NE_66310~PO~Ignore~AA780392~20260218~1008.0~20260220~0.0~66303,8f5bbf23-4824-44d4-84ce-47ed65b1b7b2,15fcc555-f52d-4aef-9425-ab658c8f2202,2026-02-24T04:08:02.617Z,2026-02-25T07:12:39.761Z,f9ac62646a1adb2eacdebd578f4c7da787fdcc6b71aa6b26fcd1de8e4e7be3fe
AA648145_66377_20260218,KASIM_66377,PO,null,Ignore,AA648145,20260218,13230,20260220,null,6.19607233,SP00,AA648145_66377_20260218~KASIM_66377~PO~Ignore~AA648145~20260218~13230.0~20260220~6.19607233~SP00,8f5bbf23-4824-44d4-84ce-47ed65b1b7b2,15fcc555-f52d-4aef-9425-ab658c8f2202,2026-02-24T04:08:02.617Z,2026-02-25T07:12:39.761Z,baf4467e951f6c8538e8953156b4d2215bbac2744d95d54bc1231461a656b930
BA022756_68195_20260218,UNIDEX_68195,PO,null,Ignore,BA022756,20260218,5400,20260220,null,10.1346,68380,BA022756_68195_20260218~UNIDEX_68195~PO~Ignore~BA022756~20260218~5400.0~20260220~10.1346~68380,8f5bbf23-4824-44d4-84ce-47ed65b1b7b2,15fcc555-f52d-4aef-9425-ab658c8f2202,2026-02-24T04:08:02.617Z,2026-02-25T07:12:39.761Z,fdbe38488fb7bdae5e594912123f01652d0237fbfa252359ebe1d65ffba4c3c1
AA648145_66378_20260218,RIO_GRANDE_66378,PO,null,Ignore,AA648145,20260218,567,20260220,null,7.85,SP00,AA648145_66378_20260218~RIO_GRANDE_66378~PO~Ignore~AA648145~20260218~567.0~20260220~7.85~SP00,8f5bbf23-4824-44d4-84ce-47ed65b1b7b2,15fcc555-f52d-4aef-9425-ab658c8f2202,2026-02-24T04:08:02.617Z,2026-02-25T07:12:39.761Z,4c5863a8d17538d115514d237f9cd8a65cbfc3429b0e8ef57f19997964b25e35
AA282158_66378_20260218,RIO_GRANDE_66378,PO,null,Ignore,AA282158,20260218,378,20260220,null,7.85,SP00,AA282158_66378_20260218~RIO_GRANDE_66378~PO~Ignore~AA282158~20260218~378.0~20260220~7.85~SP00,8f5bbf23-4824-44d4-84ce-47ed65b1b7b2,15fcc555-f52d-4aef-9425-ab658c8f2202,2026-02-24T04:08:02.617Z,2026-02-25T07:12:39.761Z,db6ef54b1382560804b47bb42dc1c5bcd71f18636fe19f74a188c7f6c9dfe523
AA282158_66377_20260218,KASIM_66377,PO,null,Ignore,AA282158,20260218,16632,20260220,null,6.19607233,SP00,AA282158_66377_20260218~KASIM_66377~PO~Ignore~AA282158~20260218~16632.0~20260220~6.19607233~SP00,8f5bbf23-4824-44d4-84ce-47ed65b1b7b2,15fcc555-f52d-4aef-9425-ab658c8f2202,2026-02-24T04:08:02.617Z,2026-02-25T07:12:39.761Z,e4f1a5fa3881ea9d8ac12b385953a3260a8500e931588c9f4fe904688c66347b
BA011726_2108340_20260218,IMPADOEL_2108340,PO,null,Ignore,BA011726,20260218,1080,20260220,null,6.65032201,GP00,BA011726_2108340_20260218~IMPADOEL_2108340~PO~Ignore~BA011726~20260218~1080.0~20260220~6.65032201~GP00,8f5bbf23-4824-44d4-84ce-47ed65b1b7b2,15fcc555-f52d-4aef-9425-ab658c8f2202,2026-02-24T04:08:02.617Z,2026-02-25T07:12:39.761Z,b174850f415a3a8cc105c5eadc1d20da8a2409f88ab9e70683b102f72a480cc8
AA251190_2067820_20260218,TRANSMUNDI_2067820,PO,null,Ignore,AA251190,20260218,550,20260220,null,6.458065642,SP00,AA251190_2067820_20260218~TRANSMUNDI_2067820~PO~Ignore~AA251190~20260218~550.0~20260220~6.458065642~SP00,8f5bbf23-4824-44d4-84ce-47ed65b1b7b2,15fcc555-f52d-4aef-9425-ab658c8f2202,2026-02-24T04:08:02.617Z,2026-02-25T07:12:39.761Z,44c05035b32a942b596ab6fb23563d918d39ae94077fad670ecb0ac8f4eb4da3
BA005455_66624_20260218,RECINOS_66624,PO,null,Ignore,BA005455,20260218,150,20260220,null,8.5,SP00,BA005455_66624_20260218~RECINOS_66624~PO~Ignore~BA005455~20260218~150.0~20260220~8.5~SP00,8f5bbf23-4824-44d4-84ce-47ed65b1b7b2,15fcc555-f52d-4aef-9425-ab658c8f2202,2026-02-24T04:08:02.617Z,2026-02-25T07:12:39.761Z,92bda947e2f290953a0c19f3175a79584a07a10653a9bf72d41f4f8294ce6e8a
AA782392_67153_20260218,ND PACKAGING AND DISTRIBU_67153,PO,null,Ignore,AA782392,20260218,8000,20260220,null,0,100010426,AA782392_67153_20260218~ND PACKAGING AND DISTRIBU_67153~PO~Ignore~AA782392~20260218~8000.0~20260220~0.0~100010426,8f5bbf23-4824-44d4-84ce-47ed65b1b7b2,15fcc555-f52d-4aef-9425-ab658c8f2202,2026-02-24T04:08:02.617Z,2026-02-25T07:12:39.761Z,d571fd2b930af94706ef978518b251f3c3047f5ff7a081550b2bd9d2ba82759b
AA583081_66377_20260218,KASIM_66377,PO,null,Ignore,AA583081,20260218,336,20260220,null,9.591208802,SP00,AA583081_66377_20260218~KASIM_66377~PO~Ignore~AA583081~20260218~336.0~20260220~9.591208802~SP00,8f5bbf23-4824-44d4-84ce-47ed65b1b7b2,15fcc555-f52d-4aef-9425-ab658c8f2202,2026-02-24T04:08:02.617Z,2026-02-25T07:12:39.761Z,9b3316a785ec1a195d990e0e7e7b67f2ed677fb338596bddcd3a7fdbb58099b0
AA577601_66385_20260218,REFRESCO_66385,PO,null,Ignore,AA577601,20260218,20105,20260220,null,0,100010034,AA577601_66385_20260218~REFRESCO_66385~PO~Ignore~AA577601~20260218~20105.0~20260220~0.0~100010034,8f5bbf23-4824-44d4-84ce-47ed65b1b7b2,15fcc555-f52d-4aef-9425-ab658c8f2202,2026-02-24T04:08:02.617Z,2026-02-25T07:12:39.761Z,aaf7915f84b71044d0af28e556d0088af20d1b79a2c97df74f2dad83a0e492ef
AA577601_66320_20260218,TICO_66320,PO,null,Ignore,AA577601,20260218,1440,20260220,null,10.05,66385,AA577601_66320_20260218~TICO_66320~PO~Ignore~AA577601~20260218~1440.0~20260220~10.05~66385,8f5bbf23-4824-44d4-84ce-47ed65b1b7b2,15fcc555-f52d-4aef-9425-ab658c8f2202,2026-02-24T04:08:02.617Z,2026-02-25T07:12:39.761Z,c64f34ada4c1bab4a888c7994f2b3653c6f82f8880cc96fba4148562f824578b
AA760601_66385_20260218,REFRESCO_66385,PO,null,Ignore,AA760601,20260218,619,20260220,null,0,100010034,AA760601_66385_20260218~REFRESCO_66385~PO~Ignore~AA760601~20260218~619.0~20260220~0.0~100010034,8f5bbf23-4824-44d4-84ce-47ed65b1b7b2,15fcc555-f52d-4aef-9425-ab658c8f2202,2026-02-24T04:08:02.617Z,2026-02-25T07:12:39.761Z,77f271d457940b567ad077a0c4388b9c44ee6629e4c92f4c0ce18784d7b1601a
AA291190_66367_20260218,FEDURO_66367,PO,null,Ignore,AA291190,20260218,220,20260220,null,8.119809394,SP00,AA291190_66367_20260218~FEDURO_66367~PO~Ignore~AA291190~20260218~220.0~20260220~8.119809394~SP00,8f5bbf23-4824-44d4-84ce-47ed65b1b7b2,15fcc555-f52d-4aef-9425-ab658c8f2202,2026-02-24T04:08:02.617Z,2026-02-25T07:12:39.761Z,3a4c42fb6535fd829a77ebc720cec0db8790991212f3dd867f3f8446249287a3
AA065070_66378_20260218,RIO_GRANDE_66378,PO,null,Ignore,AA065070,20260218,3024,20260220,null,7.85,SP00,AA065070_66378_20260218~RIO_GRANDE_66378~PO~Ignore~AA065070~20260218~3024.0~20260220~7.85~SP00,8f5bbf23-4824-44d4-84ce-47ed65b1b7b2,15fcc555-f52d-4aef-9425-ab658c8f2202,2026-02-24T04:08:02.617Z,2026-02-25T07:12:39.761Z,64f00a692535b4edc398eadbeb70ba50e8432553966833aea1ff262e8dcfec0d
AA583392_66402_20260218,C.E.L._DISTRIBUTORS_66402,PO,null,Ignore,AA583392,20260218,168,20260220,null,10.5,400000096,AA583392_66402_20260218~C.E.L._DISTRIBUTORS_66402~PO~Ignore~AA583392~20260218~168.0~20260220~10.5~400000096,8f5bbf23-4824-44d4-84ce-47ed65b1b7b2,15fcc555-f52d-4aef-9425-ab658c8f2202,2026-02-24T04:08:02.617Z,2026-02-25T07:12:39.761Z,3d50ba54302cb3b89becb06164e3b85fe6ca5d5c92cafe9f436cf1903f892372
M00013_2060892_20260218,MÉXICO_2060892,PO,null,Ignore,M00013,20260218,9829,20260220,null,0.014436188,M001,M00013_2060892_20260218~MÉXICO_2060892~PO~Ignore~M00013~20260218~9829.0~20260220~0.014436188~M001,8f5bbf23-4824-44d4-84ce-47ed65b1b7b2,15fcc555-f52d-4aef-9425-ab658c8f2202,2026-02-24T04:08:02.617Z,2026-02-25T07:12:39.761Z,22910d2415c711efd33f8e65067149b96a7cd1d108fc20a5d28aa8c5ff5714ea
BA024481_66377_20260218,KASIM_66377,PO,null,Ignore,BA024481,20260218,14700,20260220,null,5.95,SP00,BA024481_66377_20260218~KASIM_66377~PO~Ignore~BA024481~20260218~14700.0~20260220~5.95~SP00,8f5bbf23-4824-44d4-84ce-47ed65b1b7b2,15fcc555-f52d-4aef-9425-ab658c8f2202,2026-02-24T04:08:02.617Z,2026-02-25T07:12:39.761Z,d227c68e2d825f9d5d94a0b9b39a0825259a91c417bce5993323df75aca51575
