calendar,displayValue,value,integration_id,record_key_hash,execution_id,create_timestamp,last_updated_timestamp
ClosedLoop,21/10/2028,20281021,null,null,86b6d8c0-5b62-4ea9-851a-3d1df8cd9619,2026-02-26T04:25:23.573Z,2026-02-26T04:25:23.584Z
ClosedLoop,21/03/2029,20290321,null,null,86b6d8c0-5b62-4ea9-851a-3d1df8cd9619,2026-02-26T04:25:23.573Z,2026-02-26T04:25:23.584Z
ClosedLoop,21/05/2027,20270521,null,null,86b6d8c0-5b62-4ea9-851a-3d1df8cd9619,2026-02-26T04:25:23.573Z,2026-02-26T04:25:23.584Z
ClosedLoop,21/09/2028,20280921,null,null,86b6d8c0-5b62-4ea9-851a-3d1df8cd9619,2026-02-26T04:25:23.573Z,2026-02-26T04:25:23.584Z
ClosedLoop,21/02/2029,20290221,null,null,86b6d8c0-5b62-4ea9-851a-3d1df8cd9619,2026-02-26T04:25:23.573Z,2026-02-26T04:25:23.584Z
ClosedLoop,21/01/2026,20260121,null,null,86b6d8c0-5b62-4ea9-851a-3d1df8cd9619,2026-02-26T04:25:23.573Z,2026-02-26T04:25:23.584Z
ClosedLoop,21/08/2026,20260821,null,null,86b6d8c0-5b62-4ea9-851a-3d1df8cd9619,2026-02-26T04:25:23.573Z,2026-02-26T04:25:23.584Z
ClosedLoop,21/04/2027,20270421,null,null,86b6d8c0-5b62-4ea9-851a-3d1df8cd9619,2026-02-26T04:25:23.573Z,2026-02-26T04:25:23.584Z
ClosedLoop,21/12/2027,20271221,null,null,86b6d8c0-5b62-4ea9-851a-3d1df8cd9619,2026-02-26T04:25:23.573Z,2026-02-26T04:25:23.584Z
ClosedLoop,21/08/2028,20280821,null,null,86b6d8c0-5b62-4ea9-851a-3d1df8cd9619,2026-02-26T04:25:23.573Z,2026-02-26T04:25:23.584Z
ClosedLoop,21/01/2029,20290121,null,null,86b6d8c0-5b62-4ea9-851a-3d1df8cd9619,2026-02-26T04:25:23.573Z,2026-02-26T04:25:23.584Z
ClosedLoop,21/04/2025,20250421,null,null,86b6d8c0-5b62-4ea9-851a-3d1df8cd9619,2026-02-26T04:25:23.573Z,2026-02-26T04:25:23.584Z
ClosedLoop,21/08/2025,20250821,null,null,86b6d8c0-5b62-4ea9-851a-3d1df8cd9619,2026-02-26T04:25:23.573Z,2026-02-26T04:25:23.584Z
ClosedLoop,21/12/2025,20251221,null,null,86b6d8c0-5b62-4ea9-851a-3d1df8cd9619,2026-02-26T04:25:23.573Z,2026-02-26T04:25:23.584Z
ClosedLoop,21/03/2026,20260321,null,null,86b6d8c0-5b62-4ea9-851a-3d1df8cd9619,2026-02-26T04:25:23.573Z,2026-02-26T04:25:23.584Z
ClosedLoop,21/07/2026,20260721,null,null,86b6d8c0-5b62-4ea9-851a-3d1df8cd9619,2026-02-26T04:25:23.573Z,2026-02-26T04:25:23.584Z
ClosedLoop,21/11/2026,20261121,null,null,86b6d8c0-5b62-4ea9-851a-3d1df8cd9619,2026-02-26T04:25:23.573Z,2026-02-26T04:25:23.584Z
ClosedLoop,21/03/2027,20270321,null,null,86b6d8c0-5b62-4ea9-851a-3d1df8cd9619,2026-02-26T04:25:23.573Z,2026-02-26T04:25:23.584Z
ClosedLoop,21/07/2027,20270721,null,null,86b6d8c0-5b62-4ea9-851a-3d1df8cd9619,2026-02-26T04:25:23.573Z,2026-02-26T04:25:23.584Z
ClosedLoop,21/11/2027,20271121,null,null,86b6d8c0-5b62-4ea9-851a-3d1df8cd9619,2026-02-26T04:25:23.573Z,2026-02-26T04:25:23.584Z
ClosedLoop,21/03/2028,20280321,null,null,86b6d8c0-5b62-4ea9-851a-3d1df8cd9619,2026-02-26T04:25:23.573Z,2026-02-26T04:25:23.584Z
ClosedLoop,21/07/2028,20280721,null,null,86b6d8c0-5b62-4ea9-851a-3d1df8cd9619,2026-02-26T04:25:23.573Z,2026-02-26T04:25:23.584Z
ClosedLoop,21/11/2028,20281121,null,null,86b6d8c0-5b62-4ea9-851a-3d1df8cd9619,2026-02-26T04:25:23.573Z,2026-02-26T04:25:23.584Z
ClosedLoop,21/12/2028,20281221,null,null,86b6d8c0-5b62-4ea9-851a-3d1df8cd9619,2026-02-26T04:25:23.573Z,2026-02-26T04:25:23.584Z
ClosedLoop,21/01/2025,20250121,null,null,86b6d8c0-5b62-4ea9-851a-3d1df8cd9619,2026-02-26T04:25:23.573Z,2026-02-26T04:25:23.584Z
ClosedLoop,21/03/2025,20250321,null,null,86b6d8c0-5b62-4ea9-851a-3d1df8cd9619,2026-02-26T04:25:23.573Z,2026-02-26T04:25:23.584Z
ClosedLoop,21/05/2023,20230521,null,null,86b6d8c0-5b62-4ea9-851a-3d1df8cd9619,2026-02-26T04:25:23.573Z,2026-02-26T04:25:23.584Z
ClosedLoop,21/07/2025,20250721,null,null,86b6d8c0-5b62-4ea9-851a-3d1df8cd9619,2026-02-26T04:25:23.573Z,2026-02-26T04:25:23.584Z
ClosedLoop,21/09/2025,20250921,null,null,86b6d8c0-5b62-4ea9-851a-3d1df8cd9619,2026-02-26T04:25:23.573Z,2026-02-26T04:25:23.584Z
ClosedLoop,21/11/2025,20251121,null,null,86b6d8c0-5b62-4ea9-851a-3d1df8cd9619,2026-02-26T04:25:23.573Z,2026-02-26T04:25:23.584Z
ClosedLoop,21/08/2023,20230821,null,null,86b6d8c0-5b62-4ea9-851a-3d1df8cd9619,2026-02-26T04:25:23.573Z,2026-02-26T04:25:23.584Z
ClosedLoop,21/10/2024,20241021,null,null,86b6d8c0-5b62-4ea9-851a-3d1df8cd9619,2026-02-26T04:25:23.573Z,2026-02-26T04:25:23.584Z
ClosedLoop,21/04/2026,20260421,null,null,86b6d8c0-5b62-4ea9-851a-3d1df8cd9619,2026-02-26T04:25:23.573Z,2026-02-26T04:25:23.584Z
ClosedLoop,21/06/2026,20260621,null,null,86b6d8c0-5b62-4ea9-851a-3d1df8cd9619,2026-02-26T04:25:23.573Z,2026-02-26T04:25:23.584Z
ClosedLoop,21/12/2023,20231221,null,null,86b6d8c0-5b62-4ea9-851a-3d1df8cd9619,2026-02-26T04:25:23.573Z,2026-02-26T04:25:23.584Z
ClosedLoop,21/10/2026,20261021,null,null,86b6d8c0-5b62-4ea9-851a-3d1df8cd9619,2026-02-26T04:25:23.573Z,2026-02-26T04:25:23.584Z
ClosedLoop,21/12/2026,20261221,null,null,86b6d8c0-5b62-4ea9-851a-3d1df8cd9619,2026-02-26T04:25:23.573Z,2026-02-26T04:25:23.584Z
ClosedLoop,21/02/2027,20270221,null,null,86b6d8c0-5b62-4ea9-851a-3d1df8cd9619,2026-02-26T04:25:23.573Z,2026-02-26T04:25:23.584Z
ClosedLoop,21/04/2024,20240421,null,null,86b6d8c0-5b62-4ea9-851a-3d1df8cd9619,2026-02-26T04:25:23.573Z,2026-02-26T04:25:23.584Z
ClosedLoop,21/06/2027,20270621,null,null,86b6d8c0-5b62-4ea9-851a-3d1df8cd9619,2026-02-26T04:25:23.573Z,2026-02-26T04:25:23.584Z
ClosedLoop,21/08/2027,20270821,null,null,86b6d8c0-5b62-4ea9-851a-3d1df8cd9619,2026-02-26T04:25:23.573Z,2026-02-26T04:25:23.584Z
ClosedLoop,21/10/2027,20271021,null,null,86b6d8c0-5b62-4ea9-851a-3d1df8cd9619,2026-02-26T04:25:23.573Z,2026-02-26T04:25:23.584Z
ClosedLoop,21/08/2024,20240821,null,null,86b6d8c0-5b62-4ea9-851a-3d1df8cd9619,2026-02-26T04:25:23.573Z,2026-02-26T04:25:23.584Z
ClosedLoop,21/02/2028,20280221,null,null,86b6d8c0-5b62-4ea9-851a-3d1df8cd9619,2026-02-26T04:25:23.573Z,2026-02-26T04:25:23.584Z
ClosedLoop,21/04/2028,20280421,null,null,86b6d8c0-5b62-4ea9-851a-3d1df8cd9619,2026-02-26T04:25:23.573Z,2026-02-26T04:25:23.584Z
ClosedLoop,21/06/2028,20280621,null,null,86b6d8c0-5b62-4ea9-851a-3d1df8cd9619,2026-02-26T04:25:23.573Z,2026-02-26T04:25:23.584Z
ClosedLoop,21/12/2024,20241221,null,null,86b6d8c0-5b62-4ea9-851a-3d1df8cd9619,2026-02-26T04:25:23.573Z,2026-02-26T04:25:23.584Z
ClosedLoop,21/02/2026,20260221,null,null,86b6d8c0-5b62-4ea9-851a-3d1df8cd9619,2026-02-26T04:25:23.573Z,2026-02-26T04:25:23.584Z
ClosedLoop,21/11/2024,20241121,null,null,86b6d8c0-5b62-4ea9-851a-3d1df8cd9619,2026-02-26T04:25:23.573Z,2026-02-26T04:25:23.584Z
ClosedLoop,21/06/2023,20230621,null,null,86b6d8c0-5b62-4ea9-851a-3d1df8cd9619,2026-02-26T04:25:23.573Z,2026-02-26T04:25:23.584Z
ClosedLoop,21/06/2021,20210621,null,null,86b6d8c0-5b62-4ea9-851a-3d1df8cd9619,2026-02-26T04:25:23.573Z,2026-02-26T04:25:23.584Z
ClosedLoop,21/12/2022,20221221,null,null,86b6d8c0-5b62-4ea9-851a-3d1df8cd9619,2026-02-26T04:25:23.573Z,2026-02-26T04:25:23.584Z
ClosedLoop,21/11/2022,20221121,null,null,86b6d8c0-5b62-4ea9-851a-3d1df8cd9619,2026-02-26T04:25:23.573Z,2026-02-26T04:25:23.584Z
ClosedLoop,21/02/2025,20250221,null,null,86b6d8c0-5b62-4ea9-851a-3d1df8cd9619,2026-02-26T04:25:23.573Z,2026-02-26T04:25:23.584Z
ClosedLoop,21/05/2021,20210521,null,null,86b6d8c0-5b62-4ea9-851a-3d1df8cd9619,2026-02-26T04:25:23.573Z,2026-02-26T04:25:23.584Z
ClosedLoop,21/02/2023,20230221,null,null,86b6d8c0-5b62-4ea9-851a-3d1df8cd9619,2026-02-26T04:25:23.573Z,2026-02-26T04:25:23.584Z
ClosedLoop,21/01/2022,20220121,null,null,86b6d8c0-5b62-4ea9-851a-3d1df8cd9619,2026-02-26T04:25:23.573Z,2026-02-26T04:25:23.584Z
ClosedLoop,21/06/2025,20250621,null,null,86b6d8c0-5b62-4ea9-851a-3d1df8cd9619,2026-02-26T04:25:23.573Z,2026-02-26T04:25:23.584Z
ClosedLoop,21/12/2021,20211221,null,null,86b6d8c0-5b62-4ea9-851a-3d1df8cd9619,2026-02-26T04:25:23.573Z,2026-02-26T04:25:23.584Z
ClosedLoop,21/04/2023,20230421,null,null,86b6d8c0-5b62-4ea9-851a-3d1df8cd9619,2026-02-26T04:25:23.573Z,2026-02-26T04:25:23.584Z
ClosedLoop,21/03/2023,20230321,null,null,86b6d8c0-5b62-4ea9-851a-3d1df8cd9619,2026-02-26T04:25:23.573Z,2026-02-26T04:25:23.584Z
ClosedLoop,21/10/2025,20251021,null,null,86b6d8c0-5b62-4ea9-851a-3d1df8cd9619,2026-02-26T04:25:23.573Z,2026-02-26T04:25:23.584Z
ClosedLoop,21/01/2021,20210121,null,null,86b6d8c0-5b62-4ea9-851a-3d1df8cd9619,2026-02-26T04:25:23.573Z,2026-02-26T04:25:23.584Z
ClosedLoop,21/05/2022,20220521,null,null,86b6d8c0-5b62-4ea9-851a-3d1df8cd9619,2026-02-26T04:25:23.573Z,2026-02-26T04:25:23.584Z
ClosedLoop,21/10/2021,20211021,null,null,86b6d8c0-5b62-4ea9-851a-3d1df8cd9619,2026-02-26T04:25:23.573Z,2026-02-26T04:25:23.584Z
ClosedLoop,21/01/2024,20240121,null,null,86b6d8c0-5b62-4ea9-851a-3d1df8cd9619,2026-02-26T04:25:23.573Z,2026-02-26T04:25:23.584Z
ClosedLoop,21/07/2021,20210721,null,null,86b6d8c0-5b62-4ea9-851a-3d1df8cd9619,2026-02-26T04:25:23.573Z,2026-02-26T04:25:23.584Z
ClosedLoop,21/07/2023,20230721,null,null,86b6d8c0-5b62-4ea9-851a-3d1df8cd9619,2026-02-26T04:25:23.573Z,2026-02-26T04:25:23.584Z
ClosedLoop,21/10/2022,20221021,null,null,86b6d8c0-5b62-4ea9-851a-3d1df8cd9619,2026-02-26T04:25:23.573Z,2026-02-26T04:25:23.584Z
ClosedLoop,21/05/2026,20260521,null,null,86b6d8c0-5b62-4ea9-851a-3d1df8cd9619,2026-02-26T04:25:23.573Z,2026-02-26T04:25:23.584Z
ClosedLoop,21/04/2021,20210421,null,null,86b6d8c0-5b62-4ea9-851a-3d1df8cd9619,2026-02-26T04:25:23.573Z,2026-02-26T04:25:23.584Z
ClosedLoop,21/09/2023,20230921,null,null,86b6d8c0-5b62-4ea9-851a-3d1df8cd9619,2026-02-26T04:25:23.573Z,2026-02-26T04:25:23.584Z
ClosedLoop,21/04/2022,20220421,null,null,86b6d8c0-5b62-4ea9-851a-3d1df8cd9619,2026-02-26T04:25:23.573Z,2026-02-26T04:25:23.584Z
ClosedLoop,21/09/2026,20260921,null,null,86b6d8c0-5b62-4ea9-851a-3d1df8cd9619,2026-02-26T04:25:23.573Z,2026-02-26T04:25:23.584Z
ClosedLoop,21/03/2022,20220321,null,null,86b6d8c0-5b62-4ea9-851a-3d1df8cd9619,2026-02-26T04:25:23.573Z,2026-02-26T04:25:23.584Z
ClosedLoop,21/11/2023,20231121,null,null,86b6d8c0-5b62-4ea9-851a-3d1df8cd9619,2026-02-26T04:25:23.573Z,2026-02-26T04:25:23.584Z
ClosedLoop,21/10/2023,20231021,null,null,86b6d8c0-5b62-4ea9-851a-3d1df8cd9619,2026-02-26T04:25:23.573Z,2026-02-26T04:25:23.584Z
ClosedLoop,21/01/2027,20270121,null,null,86b6d8c0-5b62-4ea9-851a-3d1df8cd9619,2026-02-26T04:25:23.573Z,2026-02-26T04:25:23.584Z
ClosedLoop,21/03/2021,20210321,null,null,86b6d8c0-5b62-4ea9-851a-3d1df8cd9619,2026-02-26T04:25:23.573Z,2026-02-26T04:25:23.584Z
ClosedLoop,21/09/2022,20220921,null,null,86b6d8c0-5b62-4ea9-851a-3d1df8cd9619,2026-02-26T04:25:23.573Z,2026-02-26T04:25:23.584Z
ClosedLoop,21/06/2022,20220621,null,null,86b6d8c0-5b62-4ea9-851a-3d1df8cd9619,2026-02-26T04:25:23.573Z,2026-02-26T04:25:23.584Z
ClosedLoop,21/09/2024,20240921,null,null,86b6d8c0-5b62-4ea9-851a-3d1df8cd9619,2026-02-26T04:25:23.573Z,2026-02-26T04:25:23.584Z
ClosedLoop,21/09/2021,20210921,null,null,86b6d8c0-5b62-4ea9-851a-3d1df8cd9619,2026-02-26T04:25:23.573Z,2026-02-26T04:25:23.584Z
ClosedLoop,21/03/2024,20240321,null,null,86b6d8c0-5b62-4ea9-851a-3d1df8cd9619,2026-02-26T04:25:23.573Z,2026-02-26T04:25:23.584Z
ClosedLoop,21/02/2024,20240221,null,null,86b6d8c0-5b62-4ea9-851a-3d1df8cd9619,2026-02-26T04:25:23.573Z,2026-02-26T04:25:23.584Z
ClosedLoop,21/09/2027,20270921,null,null,86b6d8c0-5b62-4ea9-851a-3d1df8cd9619,2026-02-26T04:25:23.573Z,2026-02-26T04:25:23.584Z
ClosedLoop,21/08/2021,20210821,null,null,86b6d8c0-5b62-4ea9-851a-3d1df8cd9619,2026-02-26T04:25:23.573Z,2026-02-26T04:25:23.584Z
ClosedLoop,21/05/2024,20240521,null,null,86b6d8c0-5b62-4ea9-851a-3d1df8cd9619,2026-02-26T04:25:23.573Z,2026-02-26T04:25:23.584Z
ClosedLoop,21/08/2022,20220821,null,null,86b6d8c0-5b62-4ea9-851a-3d1df8cd9619,2026-02-26T04:25:23.573Z,2026-02-26T04:25:23.584Z
ClosedLoop,21/01/2028,20280121,null,null,86b6d8c0-5b62-4ea9-851a-3d1df8cd9619,2026-02-26T04:25:23.573Z,2026-02-26T04:25:23.584Z
ClosedLoop,21/07/2022,20220721,null,null,86b6d8c0-5b62-4ea9-851a-3d1df8cd9619,2026-02-26T04:25:23.573Z,2026-02-26T04:25:23.584Z
ClosedLoop,21/07/2024,20240721,null,null,86b6d8c0-5b62-4ea9-851a-3d1df8cd9619,2026-02-26T04:25:23.573Z,2026-02-26T04:25:23.584Z
ClosedLoop,21/06/2024,20240621,null,null,86b6d8c0-5b62-4ea9-851a-3d1df8cd9619,2026-02-26T04:25:23.573Z,2026-02-26T04:25:23.584Z
ClosedLoop,21/05/2028,20280521,null,null,86b6d8c0-5b62-4ea9-851a-3d1df8cd9619,2026-02-26T04:25:23.573Z,2026-02-26T04:25:23.584Z
ClosedLoop,21/02/2021,20210221,null,null,86b6d8c0-5b62-4ea9-851a-3d1df8cd9619,2026-02-26T04:25:23.573Z,2026-02-26T04:25:23.584Z
ClosedLoop,21/01/2023,20230121,null,null,86b6d8c0-5b62-4ea9-851a-3d1df8cd9619,2026-02-26T04:25:23.573Z,2026-02-26T04:25:23.584Z
ClosedLoop,21/02/2022,20220221,null,null,86b6d8c0-5b62-4ea9-851a-3d1df8cd9619,2026-02-26T04:25:23.573Z,2026-02-26T04:25:23.584Z
ClosedLoop,21/05/2025,20250521,null,null,86b6d8c0-5b62-4ea9-851a-3d1df8cd9619,2026-02-26T04:25:23.573Z,2026-02-26T04:25:23.584Z
ClosedLoop,21/11/2021,20211121,null,null,86b6d8c0-5b62-4ea9-851a-3d1df8cd9619,2026-02-26T04:25:23.573Z,2026-02-26T04:25:23.584Z
ClosedLoop,21/04/2029,20290421,null,null,86b6d8c0-5b62-4ea9-851a-3d1df8cd9619,2026-02-26T04:25:23.573Z,2026-02-26T04:25:23.584Z
