value,description,region_id,currency_value,currency_description,site_type,integration_id,record_key_hash,batch_id,execution_id,create_timestamp,last_updated_timestamp
BCS INTERNATIONAL CORP_68537,BCS INTERNATIONAL CORP,USA,USD,USD,CUSTOMER,BCS INTERNATIONAL CORP_68537,60bd0d01e9ae7ba615c78f1eb296317efcb7186a602f859cb4195fbd64cdca32,a049f100-5f53-41ab-9358-07e799e2a966,bf634628-0844-4409-9dde-c80c55cb13ac,2026-02-25T06:19:40.170Z,2026-02-25T06:19:40.182Z
DAMM GLOBAL BAR_68380,DAMM GLOBAL BAR,ESPAÑA,USD,USD,CUSTOMER,DAMM GLOBAL BAR_68380,923c2e9b998659a66944ae594e4041edc08d17079b34a7c611d844e4e442769f,a049f100-5f53-41ab-9358-07e799e2a966,bf634628-0844-4409-9dde-c80c55cb13ac,2026-02-25T06:19:40.170Z,2026-02-25T06:19:40.182Z
EL_CONDOR_66321,EL_CONDOR,PUERTO RICO,USD,USD,CUSTOMER,EL_CONDOR_66321,a0777c10d1490622b51cd016fbc72cce5b0f30e7e9eb7c9e44351fd2b7dea03a,a049f100-5f53-41ab-9358-07e799e2a966,bf634628-0844-4409-9dde-c80c55cb13ac,2026-02-25T06:19:40.170Z,2026-02-25T06:19:40.182Z
TROPICAL FRESH_68111,TROPICAL FRESH,ESPAÑA,USD,USD,CUSTOMER,TROPICAL FRESH_68111,fadf80753c61754462b2ae34655b7cb48c5d115c30a68e8fde47e2f8f78d485c,a049f100-5f53-41ab-9358-07e799e2a966,bf634628-0844-4409-9dde-c80c55cb13ac,2026-02-25T06:19:40.170Z,2026-02-25T06:19:40.182Z
PERU_RP04,PERU,Peru,USD,USD,PRODUCTIONPLANT,PERU_RP04,4f7faf02da2a5178662bbb5535201610bb4413ca2fe98e4cb08d5f3209ead452,a049f100-5f53-41ab-9358-07e799e2a966,bf634628-0844-4409-9dde-c80c55cb13ac,2026-02-25T06:19:40.170Z,2026-02-25T06:19:40.182Z
DIST. LATTE_67413,DIST. LATTE,HONDURAS,USD,USD,CUSTOMER,DIST. LATTE_67413,bdb379343f25318959c39a8bfa38e0a53183ffe443eaf3324f589a023cd87dec,a049f100-5f53-41ab-9358-07e799e2a966,bf634628-0844-4409-9dde-c80c55cb13ac,2026-02-25T06:19:40.170Z,2026-02-25T06:19:40.182Z
SAMPLES LATAM_67866,SAMPLES LATAM,GUATEMALA,USD,USD,CUSTOMER,SAMPLES LATAM_67866,a5cf3b652fdce1f9ddacc6199761487a1739b015844c02eff26bb70210ac61c5,a049f100-5f53-41ab-9358-07e799e2a966,bf634628-0844-4409-9dde-c80c55cb13ac,2026-02-25T06:19:40.170Z,2026-02-25T06:19:40.182Z
SHAH_TRADING_66315,SHAH_TRADING,PUERTO RICO,USD,USD,CUSTOMER,SHAH_TRADING_66315,169e9831d1e70e34a1002021bbe883ba5ef9537789946cfb70904f38c2e1c6e7,a049f100-5f53-41ab-9358-07e799e2a966,bf634628-0844-4409-9dde-c80c55cb13ac,2026-02-25T06:19:40.170Z,2026-02-25T06:19:40.182Z
IMEXH_68946,IMEXH,HONDURAS,USD,USD,CUSTOMER,IMEXH_68946,e34bd72c39f63fba6f7e2ddf3afa49aee37b06112e312d7319df81cab8d55b42,a049f100-5f53-41ab-9358-07e799e2a966,bf634628-0844-4409-9dde-c80c55cb13ac,2026-02-25T06:19:40.170Z,2026-02-25T06:19:40.182Z
MAJO TRADE_67751,MAJO TRADE,PUERTO RICO,USD,USD,CUSTOMER,MAJO TRADE_67751,6bba0bbf927d78e8110062786c39465882c13a582d15d0edbe39af34dbef1db4,a049f100-5f53-41ab-9358-07e799e2a966,bf634628-0844-4409-9dde-c80c55cb13ac,2026-02-25T06:19:40.170Z,2026-02-25T06:19:40.182Z
GRAYCO_SALES_100011095,GRAYCO_SALES,CANADA,USD,USD,PRODUCTIONPLANT,GRAYCO_SALES_100011095,f45b7c5ab4d0f2ecbdc0929b1aca31a12878ac1af9df9098dc7a1746ae3abb76,a049f100-5f53-41ab-9358-07e799e2a966,bf634628-0844-4409-9dde-c80c55cb13ac,2026-02-25T06:19:40.170Z,2026-02-25T06:19:40.182Z
VIMTO_67877,VIMTO,GUATEMALA,USD,USD,CUSTOMER,VIMTO_67877,31e7d77882935a2c7dfea2b9088dab1d24a3ffc74cbf49cc02ec541fcadb0142,a049f100-5f53-41ab-9358-07e799e2a966,bf634628-0844-4409-9dde-c80c55cb13ac,2026-02-25T06:19:40.170Z,2026-02-25T06:19:40.182Z
C.IMBERTON_68261,C.IMBERTON,EL SALVADOR,USD,USD,CUSTOMER,C.IMBERTON_68261,ae394e16db8dd2e666c9c4d49deaf7d12bbb0bca7973ea45fbd1f0313b505f36,a049f100-5f53-41ab-9358-07e799e2a966,bf634628-0844-4409-9dde-c80c55cb13ac,2026-02-25T06:19:40.170Z,2026-02-25T06:19:40.182Z
SUNBURST_TRADING_66318,SUNBURST_TRADING,PUERTO RICO,USD,USD,CUSTOMER,SUNBURST_TRADING_66318,680c4b3c6038790cd98dd12758e19309a444e737c84eb2c2689038744822b13c,a049f100-5f53-41ab-9358-07e799e2a966,bf634628-0844-4409-9dde-c80c55cb13ac,2026-02-25T06:19:40.170Z,2026-02-25T06:19:40.182Z
IBERIA_FOODS_NE_66310,IBERIA_FOODS_NE,PUERTO RICO,USD,USD,CUSTOMER,IBERIA_FOODS_NE_66310,cbeb3b7103a25d0ff714452ebca91433f9d90133257a9946d8bae6a33a0ecba5,a049f100-5f53-41ab-9358-07e799e2a966,bf634628-0844-4409-9dde-c80c55cb13ac,2026-02-25T06:19:40.170Z,2026-02-25T06:19:40.182Z
EMPACADORA SAN MARCOS_67470,EMPACADORA SAN MARCOS,MÉXICO,USD,USD,CUSTOMER,EMPACADORA SAN MARCOS_67470,de6b8056832a0abd9abd3579463d5adf2c1998ff18d09b00c338a0672fff4fb5,a049f100-5f53-41ab-9358-07e799e2a966,bf634628-0844-4409-9dde-c80c55cb13ac,2026-02-25T06:19:40.170Z,2026-02-25T06:19:40.182Z
EMBOTELLADORA_LA_NACIONAL_2060890,EMBOTELLADORA_LA_NACIONAL,NICARAGUA,USD,USD,CUSTOMER,EMBOTELLADORA_LA_NACIONAL_2060890,37dcc18c220645021d85307cf610395e6a905a63a2f74e2c16611734435246b3,a049f100-5f53-41ab-9358-07e799e2a966,bf634628-0844-4409-9dde-c80c55cb13ac,2026-02-25T06:19:40.170Z,2026-02-25T06:19:40.182Z
GRAYCO_SALES_66303,GRAYCO_SALES,PUERTO RICO,USD,USD,CUSTOMER,GRAYCO_SALES_66303,3586c5a1b0f7239520eeecee375816a4bdf86654887adc5f4a4c3e3717f58032,a049f100-5f53-41ab-9358-07e799e2a966,bf634628-0844-4409-9dde-c80c55cb13ac,2026-02-25T06:19:40.170Z,2026-02-25T06:19:40.182Z
BREWERIES_66309,BREWERIES,PUERTO RICO,USD,USD,CUSTOMER,BREWERIES_66309,818f561ffbab7115ee97a9a8bb3ae2c0bb3ae37f964e75b9c112117634b7a510,a049f100-5f53-41ab-9358-07e799e2a966,bf634628-0844-4409-9dde-c80c55cb13ac,2026-02-25T06:19:40.170Z,2026-02-25T06:19:40.182Z
REVIVE TRADING_68371,REVIVE TRADING,GAMBIA,USD,USD,CUSTOMER,REVIVE TRADING_68371,b0b8341846f57a5b635b7fe42c11baa7c18a9b47ec9ac750919b1cc87ceea417,a049f100-5f53-41ab-9358-07e799e2a966,bf634628-0844-4409-9dde-c80c55cb13ac,2026-02-25T06:19:40.170Z,2026-02-25T06:19:40.182Z
B&L GOOD BROTHERS LLC DELAWARE_67371,B&L GOOD BROTHERS LLC DELAWARE,USA,USD,USD,CUSTOMER,B&L GOOD BROTHERS LLC DELAWARE_67371,81a0c41549eeccd4f4bef7aad6d7dcd71d73565877259ea38bdb30763eaf798e,a049f100-5f53-41ab-9358-07e799e2a966,bf634628-0844-4409-9dde-c80c55cb13ac,2026-02-25T06:19:40.170Z,2026-02-25T06:19:40.182Z
HANSCHELL_66570,HANSCHELL,PUERTO RICO,USD,USD,CUSTOMER,HANSCHELL_66570,be2a1dc1a3022c6c4dbdcd51ad15e3a7a3db1414247b7085011b5b929ae66587,a049f100-5f53-41ab-9358-07e799e2a966,bf634628-0844-4409-9dde-c80c55cb13ac,2026-02-25T06:19:40.170Z,2026-02-25T06:19:40.182Z
TINDALE Y STANTON_68377,TINDALE Y STANTON,ESPAÑA,USD,USD,CUSTOMER,TINDALE Y STANTON_68377,8ca1a5dd51d526f45812aa15ac145a45105354c95aadf663bcce5591e18956f8,a049f100-5f53-41ab-9358-07e799e2a966,bf634628-0844-4409-9dde-c80c55cb13ac,2026-02-25T06:19:40.170Z,2026-02-25T06:19:40.182Z
DUPPY SHARE_100011113,DUPPY SHARE,CARIBE,USD,USD,PRODUCTIONPLANT,DUPPY SHARE_100011113,fbff32ac22ed98c0601e3cf134da3337a92a235664e341e186ac34186eb86125,a049f100-5f53-41ab-9358-07e799e2a966,bf634628-0844-4409-9dde-c80c55cb13ac,2026-02-25T06:19:40.170Z,2026-02-25T06:19:40.182Z
CARIB_BREWERY_66322,CARIB_BREWERY,PUERTO RICO,USD,USD,CUSTOMER,CARIB_BREWERY_66322,c54dd916f38f5dc64dcadf8ec1ba20d05ca6f30109f80e7807256231e6cc9319,a049f100-5f53-41ab-9358-07e799e2a966,bf634628-0844-4409-9dde-c80c55cb13ac,2026-02-25T06:19:40.170Z,2026-02-25T06:19:40.182Z
CBC_PERUANA_66339,CBC_PERUANA,PERÚ,USD,USD,CUSTOMER,CBC_PERUANA_66339,ae873d70d7f54737ed4f9696e26ef53ae5bd8edb9e76f556f8ffeabe6af5df38,a049f100-5f53-41ab-9358-07e799e2a966,bf634628-0844-4409-9dde-c80c55cb13ac,2026-02-25T06:19:40.170Z,2026-02-25T06:19:40.182Z
GRENADA_BREWERY_66323,GRENADA_BREWERY,PUERTO RICO,USD,USD,CUSTOMER,GRENADA_BREWERY_66323,55eb3804df4096c4931e5debe4f84bf9d29806fe19a69a4262e56e29a82bfa5c,a049f100-5f53-41ab-9358-07e799e2a966,bf634628-0844-4409-9dde-c80c55cb13ac,2026-02-25T06:19:40.170Z,2026-02-25T06:19:40.182Z
HEALTHWELL BRANDS_68505,HEALTHWELL BRANDS,SUDÁFRICA,USD,USD,CUSTOMER,HEALTHWELL BRANDS_68505,7a6b75ae3a591502564268f9512d2293e743a2d37c8d9d21d98b0981d9816bcd,a049f100-5f53-41ab-9358-07e799e2a966,bf634628-0844-4409-9dde-c80c55cb13ac,2026-02-25T06:19:40.170Z,2026-02-25T06:19:40.182Z
B&L GOOD BROTHERS_66840,B&L GOOD BROTHERS,USA,USD,USD,CUSTOMER,B&L GOOD BROTHERS_66840,87ed9fdb2f3d04f5fe1712b11a722dd1b4bbf482aaaaa07b536a58b9d727cf82,a049f100-5f53-41ab-9358-07e799e2a966,bf634628-0844-4409-9dde-c80c55cb13ac,2026-02-25T06:19:40.170Z,2026-02-25T06:19:40.182Z
WANIS_LTD_66440,WANIS_LTD,JAMAICA,USD,USD,CUSTOMER,WANIS_LTD_66440,e2dc2230abe4b5719bd0c239b1ad8bb092f06dddd29b6cf9ab374e9351dcf4e5,a049f100-5f53-41ab-9358-07e799e2a966,bf634628-0844-4409-9dde-c80c55cb13ac,2026-02-25T06:19:40.170Z,2026-02-25T06:19:40.182Z
IBERIA_FOODS_NY_66317,IBERIA_FOODS_NY,USA,USD,USD,CUSTOMER,IBERIA_FOODS_NY_66317,b72d6c1c5bb8a4118e00d4a1b47029bd0fded8b2b1b0e5f50f943e188e8c0e86,a049f100-5f53-41ab-9358-07e799e2a966,bf634628-0844-4409-9dde-c80c55cb13ac,2026-02-25T06:19:40.170Z,2026-02-25T06:19:40.182Z
B&L GOOD BROTHERS MASSACHUSETTS_67372,B&L GOOD BROTHERS MASSACHUSETTS,USA,USD,USD,CUSTOMER,B&L GOOD BROTHERS MASSACHUSETTS_67372,2b4d43e729825b47c51efc7671f5c2a7dc35ef121571139aaa7dfcbc99c470e8,a049f100-5f53-41ab-9358-07e799e2a966,bf634628-0844-4409-9dde-c80c55cb13ac,2026-02-25T06:19:40.170Z,2026-02-25T06:19:40.182Z
MAPRIVA_67137,MAPRIVA,GUATEMALA,USD,USD,CUSTOMER,MAPRIVA_67137,bffcb97b648a7c24ea99e750c32aa4daa581d0c9a19b267ef854d2b8d92f5a59,a049f100-5f53-41ab-9358-07e799e2a966,bf634628-0844-4409-9dde-c80c55cb13ac,2026-02-25T06:19:40.170Z,2026-02-25T06:19:40.182Z
A L WALLANCE_68200,A L WALLANCE,AUSTRALIA,USD,USD,CUSTOMER,A L WALLANCE_68200,87f92e50b22e4adad544dee8eceac9f4466b5cc60861e5baae0df14fe805c07e,a049f100-5f53-41ab-9358-07e799e2a966,bf634628-0844-4409-9dde-c80c55cb13ac,2026-02-25T06:19:40.170Z,2026-02-25T06:19:40.182Z
SKANDRA S.A._67075,SKANDRA S.A.,HAITÍ,USD,USD,CUSTOMER,SKANDRA S.A._67075,0823ce765652f422bb33ea1e827f15dfa21c3df318b53e7aa168e36d55cf4c91,a049f100-5f53-41ab-9358-07e799e2a966,bf634628-0844-4409-9dde-c80c55cb13ac,2026-02-25T06:19:40.170Z,2026-02-25T06:19:40.182Z
B&L GOOD BROTHERS ATLANTA_66856,B&L GOOD BROTHERS ATLANTA,ESTADOS UNIDOS,USD,USD,CUSTOMER,B&L GOOD BROTHERS ATLANTA_66856,a57d422cc86b9aad83de646e55090883ead492368f39830d0a6a8913a0b32191,a049f100-5f53-41ab-9358-07e799e2a966,bf634628-0844-4409-9dde-c80c55cb13ac,2026-02-25T06:19:40.170Z,2026-02-25T06:19:40.182Z
PEPSICOLA_JAMAICA_30002,PEPSICOLA_JAMAICA,JAMAICA,USD,USD,CUSTOMER,PEPSICOLA_JAMAICA_30002,011707e8bbec2a3689166c37e8f9677efcfc8f74845e96765b8251610eff14a7,a049f100-5f53-41ab-9358-07e799e2a966,bf634628-0844-4409-9dde-c80c55cb13ac,2026-02-25T06:19:40.170Z,2026-02-25T06:19:40.182Z
VEMCO_67110,VEMCO,PUERTO RICO,USD,USD,CUSTOMER,VEMCO_67110,fe8c30d82f7b85df8c84c803f9c91380147ce2c6b4398c9e9fb65b2dc98fef91,a049f100-5f53-41ab-9358-07e799e2a966,bf634628-0844-4409-9dde-c80c55cb13ac,2026-02-25T06:19:40.170Z,2026-02-25T06:19:40.182Z
LETMANG_66282,LETMANG,PUERTO RICO,USD,USD,CUSTOMER,LETMANG_66282,df5daafe853edee006dcf3f67cbcfb21938198e53a79eaea5c00a934e155e5e5,a049f100-5f53-41ab-9358-07e799e2a966,bf634628-0844-4409-9dde-c80c55cb13ac,2026-02-25T06:19:40.170Z,2026-02-25T06:19:40.182Z
UNIDEX_68195,UNIDEX,PAÍSES BAJOS,USD,USD,CUSTOMER,UNIDEX_68195,e256bddd05236fda92acd0bd021a46e0116135a6e8c3b9e864b52680530ef2a8,a049f100-5f53-41ab-9358-07e799e2a966,bf634628-0844-4409-9dde-c80c55cb13ac,2026-02-25T06:19:40.170Z,2026-02-25T06:19:40.182Z
PHOENICIAN_TRADERS_66308,PHOENICIAN_TRADERS,PUERTO RICO,USD,USD,CUSTOMER,PHOENICIAN_TRADERS_66308,ac8cab9253391b98568add029be7bfe944002e4f1b367b70b332f765f4f52de0,a049f100-5f53-41ab-9358-07e799e2a966,bf634628-0844-4409-9dde-c80c55cb13ac,2026-02-25T06:19:40.170Z,2026-02-25T06:19:40.182Z
BRAMIC_66314,BRAMIC,PUERTO RICO,USD,USD,CUSTOMER,BRAMIC_66314,f9ed196079e347438f70dc542c00ae26dfe33944aed61cc917ecf21d51fd7428,a049f100-5f53-41ab-9358-07e799e2a966,bf634628-0844-4409-9dde-c80c55cb13ac,2026-02-25T06:19:40.170Z,2026-02-25T06:19:40.182Z
B&L GOOD BROTHERS OHIO_67373,B&L GOOD BROTHERS OHIO,ESTADOS UNIDOS,USD,USD,CUSTOMER,B&L GOOD BROTHERS OHIO_67373,c6bf1f124f04ab82075d58d12097bacebe5c0a5334a98e6b7301d9ab47567ec3,a049f100-5f53-41ab-9358-07e799e2a966,bf634628-0844-4409-9dde-c80c55cb13ac,2026-02-25T06:19:40.170Z,2026-02-25T06:19:40.182Z
B&L GOOD BROTHERS NORTH SHORE_66855,B&L GOOD BROTHERS NORTH SHORE,PERÚ,USD,USD,CUSTOMER,B&L GOOD BROTHERS NORTH SHORE_66855,cbc510fbc278176d749159cfee994fddc891995ac7d5e478de38557a3fe9f59a,a049f100-5f53-41ab-9358-07e799e2a966,bf634628-0844-4409-9dde-c80c55cb13ac,2026-02-25T06:19:40.170Z,2026-02-25T06:19:40.182Z
FAMILIY FOODS DISTRIBUTOR_67548,FAMILIY FOODS DISTRIBUTOR,USA,USD,USD,CUSTOMER,FAMILIY FOODS DISTRIBUTOR_67548,05204e53906fdb91045baee9e0e13e0d5bdb88e12095af5757e56002f08f1359,a049f100-5f53-41ab-9358-07e799e2a966,bf634628-0844-4409-9dde-c80c55cb13ac,2026-02-25T06:19:40.170Z,2026-02-25T06:19:40.182Z
RECINOS_66624,RECINOS,BELICE,USD,USD,CUSTOMER,RECINOS_66624,e38a78801f75eabadc46a1fb6c7298d8f9d23673d5c4f81e0c62b254be455c9f,a049f100-5f53-41ab-9358-07e799e2a966,bf634628-0844-4409-9dde-c80c55cb13ac,2026-02-25T06:19:40.170Z,2026-02-25T06:19:40.182Z
IKKI LOGISTICS S.A. DE C._68108,IKKI LOGISTICS S.A. DE C.,MÉXICO,USD,USD,CUSTOMER,IKKI LOGISTICS S.A. DE C._68108,12d6fec7677b55ba770f016c05464af1833fb9b9ddc890344f3a3db8102b52b3,a049f100-5f53-41ab-9358-07e799e2a966,bf634628-0844-4409-9dde-c80c55cb13ac,2026-02-25T06:19:40.170Z,2026-02-25T06:19:40.182Z
KASIM_66377,KASIM,USA,USD,USD,CUSTOMER,KASIM_66377,d0aa35ca4705ec2726fcc7dd6c2ce481d0cc870e995c3234978793ee77db22e2,a049f100-5f53-41ab-9358-07e799e2a966,bf634628-0844-4409-9dde-c80c55cb13ac,2026-02-25T06:19:40.170Z,2026-02-25T06:19:40.182Z
ASIA EXPRESS FOOD BV_68341,ASIA EXPRESS FOOD BV,PAÍSES BAJOS,USD,USD,CUSTOMER,ASIA EXPRESS FOOD BV_68341,d921189ee1d55e1155b2871426604a8672a59e29ea7944bd5ef686745ed4fc9d,a049f100-5f53-41ab-9358-07e799e2a966,bf634628-0844-4409-9dde-c80c55cb13ac,2026-02-25T06:19:40.170Z,2026-02-25T06:19:40.182Z
IBERIA_CHICAGO_66803,IBERIA_CHICAGO,USA,USD,USD,CUSTOMER,IBERIA_CHICAGO_66803,d7a7a1bcf867861f2fcc62fcb5ac956f93498ab3c5f6627f6b706f14fc069725,a049f100-5f53-41ab-9358-07e799e2a966,bf634628-0844-4409-9dde-c80c55cb13ac,2026-02-25T06:19:40.170Z,2026-02-25T06:19:40.182Z
DIST SALVADOREÑA_67370,DIST SALVADOREÑA,USA,USD,USD,CUSTOMER,DIST SALVADOREÑA_67370,2b9b9190225a192222ff8ed4d3929dea0b8ead8a62e753202a96fea3e611a152,a049f100-5f53-41ab-9358-07e799e2a966,bf634628-0844-4409-9dde-c80c55cb13ac,2026-02-25T06:19:40.170Z,2026-02-25T06:19:40.182Z
BREMAR_66621,BREMAR,CARIBE,USD,USD,CUSTOMER,BREMAR_66621,6d77771be798836bf171d94530af82b3f2aa8f73c347eb1a8cc9fc006e8af418,a049f100-5f53-41ab-9358-07e799e2a966,bf634628-0844-4409-9dde-c80c55cb13ac,2026-02-25T06:19:40.170Z,2026-02-25T06:19:40.182Z
FEDURO_66367,FEDURO,COSTA RICA,USD,USD,CUSTOMER,FEDURO_66367,d62173338a1af4ea16b64a740ba248dc7305084046c622b9d805125d841248b9,a049f100-5f53-41ab-9358-07e799e2a966,bf634628-0844-4409-9dde-c80c55cb13ac,2026-02-25T06:19:40.170Z,2026-02-25T06:19:40.182Z
MITCHELL A. MICHAEL LIMIT_66821,MITCHELL A. MICHAEL LIMIT,ANTIGUA/BARBUDA,USD,USD,CUSTOMER,MITCHELL A. MICHAEL LIMIT_66821,ca6b8ae989c2f630ce1655d11ea3282c6cdcace0d11537d464b325903140a20b,a049f100-5f53-41ab-9358-07e799e2a966,bf634628-0844-4409-9dde-c80c55cb13ac,2026-02-25T06:19:40.170Z,2026-02-25T06:19:40.182Z
INTERNATIONAL WORLD FOODS_66888,INTERNATIONAL WORLD FOODS,PUERTO RICO,USD,USD,CUSTOMER,INTERNATIONAL WORLD FOODS_66888,d3af0bdd021aed79bf76a573d994cc5d0a50bcdc3570035f66b75701f9d6198a,a049f100-5f53-41ab-9358-07e799e2a966,bf634628-0844-4409-9dde-c80c55cb13ac,2026-02-25T06:19:40.170Z,2026-02-25T06:19:40.182Z
ALIMENTOS IDEAL SA_68332,ALIMENTOS IDEAL SA,GUATEMALA,USD,USD,CUSTOMER,ALIMENTOS IDEAL SA_68332,a97114674aaa2499bc0257696a508b0f7f14b82b6c1efe5d7a235c8a25cfcc9e,a049f100-5f53-41ab-9358-07e799e2a966,bf634628-0844-4409-9dde-c80c55cb13ac,2026-02-25T06:19:40.170Z,2026-02-25T06:19:40.182Z
CORRIPIO_66274,CORRIPIO,DOMINICA,USD,USD,CUSTOMER,CORRIPIO_66274,0c07a4310e633d036f58c7c365ccae4b9fcd5536e07aab32387300764d7a08dd,a049f100-5f53-41ab-9358-07e799e2a966,bf634628-0844-4409-9dde-c80c55cb13ac,2026-02-25T06:19:40.170Z,2026-02-25T06:19:40.182Z
WORLDWIDE_67202,WORLDWIDE,USA,USD,USD,CUSTOMER,WORLDWIDE_67202,44db57bce086ff90adb23a623ce32366c0619b33d55cab0327f47050c83e03bb,a049f100-5f53-41ab-9358-07e799e2a966,bf634628-0844-4409-9dde-c80c55cb13ac,2026-02-25T06:19:40.170Z,2026-02-25T06:19:40.182Z
TICO_66320,TICO,PUERTO RICO,USD,USD,CUSTOMER,TICO_66320,9f7f88a445599984e8821f30139526a9485c273b4734e79d6d137e7ed1a696b0,a049f100-5f53-41ab-9358-07e799e2a966,bf634628-0844-4409-9dde-c80c55cb13ac,2026-02-25T06:19:40.170Z,2026-02-25T06:19:40.182Z
ATTARD Y CO FOOD LTD_68700,ATTARD Y CO FOOD LTD,MARRUECOS,USD,USD,CUSTOMER,ATTARD Y CO FOOD LTD_68700,a6429929e8e16792b007cc1bb36c285645e159eb5bdb99346b8b485441f166d5,a049f100-5f53-41ab-9358-07e799e2a966,bf634628-0844-4409-9dde-c80c55cb13ac,2026-02-25T06:19:40.170Z,2026-02-25T06:19:40.182Z
THOMPSON_66401,THOMPSON,PUERTO RICO,USD,USD,CUSTOMER,THOMPSON_66401,02fd12093f146681ab7454dae243b0b6bb736f772db453f9b0bd592aeb22de0d,a049f100-5f53-41ab-9358-07e799e2a966,bf634628-0844-4409-9dde-c80c55cb13ac,2026-02-25T06:19:40.170Z,2026-02-25T06:19:40.182Z
GLOBAL_FLAVORS_66516,GLOBAL_FLAVORS,USA,USD,USD,CUSTOMER,GLOBAL_FLAVORS_66516,936614653e343be9bca5fff70d0a8d3dcfb654de64a8e10c61a8453ba3a7de4e,a049f100-5f53-41ab-9358-07e799e2a966,bf634628-0844-4409-9dde-c80c55cb13ac,2026-02-25T06:19:40.170Z,2026-02-25T06:19:40.182Z
COLOMBINA_66299,COLOMBINA,PUERTO RICO,USD,USD,CUSTOMER,COLOMBINA_66299,0fcb6f751516b10cb79fd59ed9d9edda78f426657f49059a9e902567ea5eb025,a049f100-5f53-41ab-9358-07e799e2a966,bf634628-0844-4409-9dde-c80c55cb13ac,2026-02-25T06:19:40.170Z,2026-02-25T06:19:40.182Z
TROPICAL_DISTRIBUTORS_66404,TROPICAL_DISTRIBUTORS,PUERTO RICO,USD,USD,CUSTOMER,TROPICAL_DISTRIBUTORS_66404,37582f6684bf3719b12d0ed0b7cd60420337f77eae56e6a3ef6e869000de5513,a049f100-5f53-41ab-9358-07e799e2a966,bf634628-0844-4409-9dde-c80c55cb13ac,2026-02-25T06:19:40.170Z,2026-02-25T06:19:40.182Z
LOGIFOOD LTD_68410,LOGIFOOD LTD,INDIA,USD,USD,CUSTOMER,LOGIFOOD LTD_68410,0e62df30e8453852b918964a89a2ab5a711f09df51250ed7ff44fc8f6106ccb4,a049f100-5f53-41ab-9358-07e799e2a966,bf634628-0844-4409-9dde-c80c55cb13ac,2026-02-25T06:19:40.170Z,2026-02-25T06:19:40.182Z
SAN_RAFAEL_2064553,SAN_RAFAEL,HONDURAS,USD,USD,CUSTOMER,SAN_RAFAEL_2064553,e341b6397eeabc2c77b7ad913391986b4ea00754d68123629ba71d32fd911fa5,a049f100-5f53-41ab-9358-07e799e2a966,bf634628-0844-4409-9dde-c80c55cb13ac,2026-02-25T06:19:40.170Z,2026-02-25T06:19:40.182Z
IMPADOEL_2108340,IMPADOEL,PANAMÁ,USD,USD,CUSTOMER,IMPADOEL_2108340,5692d0325ca740c6d572cf88b9e20ca7c6d7d851a9d1cadeba5ff2b37aad69c1,a049f100-5f53-41ab-9358-07e799e2a966,bf634628-0844-4409-9dde-c80c55cb13ac,2026-02-25T06:19:40.170Z,2026-02-25T06:19:40.182Z
GROCERY OUTLET INC_67721,GROCERY OUTLET INC,JAMAICA,USD,USD,CUSTOMER,GROCERY OUTLET INC_67721,ac81c6aa0edbb46e115e7468599826e4f86c9fdc12b7b413e3122a4c345fc06f,a049f100-5f53-41ab-9358-07e799e2a966,bf634628-0844-4409-9dde-c80c55cb13ac,2026-02-25T06:19:40.170Z,2026-02-25T06:19:40.182Z
RIO_GRANDE_66378,RIO_GRANDE,USA,USD,USD,CUSTOMER,RIO_GRANDE_66378,cb41db471a71394467c2200422e4ae3692f5a0f1dafa38e721c70974aebe343f,a049f100-5f53-41ab-9358-07e799e2a966,bf634628-0844-4409-9dde-c80c55cb13ac,2026-02-25T06:19:40.170Z,2026-02-25T06:19:40.182Z
EMPACADORA SAN MARCOS USA LLC_67494,EMPACADORA SAN MARCOS USA LLC,PUERTO RICO,USD,USD,CUSTOMER,EMPACADORA SAN MARCOS USA LLC_67494,f3d7a77eeec4d0164738a11c7748b9c99e13483275c83f7853a3986603b40bc8,a049f100-5f53-41ab-9358-07e799e2a966,bf634628-0844-4409-9dde-c80c55cb13ac,2026-02-25T06:19:40.170Z,2026-02-25T06:19:40.182Z
DUPPY SHARE_68265,DUPPY SHARE,FEDERACIÓN RUSA,USD,USD,CUSTOMER,DUPPY SHARE_68265,cdff301f4382e3d7acc5ac40bba0405446588c6e6606efa581e5591308678156,a049f100-5f53-41ab-9358-07e799e2a966,bf634628-0844-4409-9dde-c80c55cb13ac,2026-02-25T06:19:40.170Z,2026-02-25T06:19:40.182Z
C.E.L._DISTRIBUTORS_66402,C.E.L._DISTRIBUTORS,PUERTO RICO,USD,USD,CUSTOMER,C.E.L._DISTRIBUTORS_66402,68edfd379307e7bafe37cb372de6f6eb15782c60c0710bfb25410b47a6c1934c,a049f100-5f53-41ab-9358-07e799e2a966,bf634628-0844-4409-9dde-c80c55cb13ac,2026-02-25T06:19:40.170Z,2026-02-25T06:19:40.182Z
BROOKLYN_66384,BROOKLYN,PUERTO RICO,USD,USD,CUSTOMER,BROOKLYN_66384,0268f126bc63afaf8f2788bca11cfaa185c22e05221f2d349b4db10678f37ad0,a049f100-5f53-41ab-9358-07e799e2a966,bf634628-0844-4409-9dde-c80c55cb13ac,2026-02-25T06:19:40.170Z,2026-02-25T06:19:40.182Z
DISTRIBUIDORA_EUROPEA_66382,DISTRIBUIDORA_EUROPEA,PUERTO RICO,USD,USD,CUSTOMER,DISTRIBUIDORA_EUROPEA_66382,0df3f14cef10014c5236a2ae095b8bfd3633a0a721d7c25aadd736f83441577f,a049f100-5f53-41ab-9358-07e799e2a966,bf634628-0844-4409-9dde-c80c55cb13ac,2026-02-25T06:19:40.170Z,2026-02-25T06:19:40.182Z
MÉXICO_2060892,MÉXICO,MÉXICO,USD,USD,CUSTOMER,MÉXICO_2060892,594234ad47f1c9e16d84e73ec89d20dd9896a40beb072edb55b01e7d70b46146,a049f100-5f53-41ab-9358-07e799e2a966,bf634628-0844-4409-9dde-c80c55cb13ac,2026-02-25T06:19:40.170Z,2026-02-25T06:19:40.182Z
IBERIA_FOODS_FL_66301,IBERIA_FOODS_FL,PUERTO RICO,USD,USD,CUSTOMER,IBERIA_FOODS_FL_66301,f425120e8b7b3d59476f7e9de63640e76742bbdeb6ec2ff7ab746ac7f1464101,a049f100-5f53-41ab-9358-07e799e2a966,bf634628-0844-4409-9dde-c80c55cb13ac,2026-02-25T06:19:40.170Z,2026-02-25T06:19:40.182Z
DESS_CARRIBEAN_66316,DESS_CARRIBEAN,PUERTO RICO,USD,USD,CUSTOMER,DESS_CARRIBEAN_66316,77747e25d851000cb4e331172c3875ae46d629da970d0e94659baac97a7cec24,a049f100-5f53-41ab-9358-07e799e2a966,bf634628-0844-4409-9dde-c80c55cb13ac,2026-02-25T06:19:40.170Z,2026-02-25T06:19:40.182Z
THE_TESALIA_30001,THE_TESALIA,ECUADOR,USD,USD,CUSTOMER,THE_TESALIA_30001,a491c2c5d60ddf9f385019f6dc0d0998643512006708ff84cc07792dc1ff0f62,a049f100-5f53-41ab-9358-07e799e2a966,bf634628-0844-4409-9dde-c80c55cb13ac,2026-02-25T06:19:40.170Z,2026-02-25T06:19:40.182Z
REFRESCO_66385,REFRESCO,PUERTO RICO,USD,USD,CUSTOMER,REFRESCO_66385,eeef76b71ee9dc96068cb93e536342f9da66010c9faef885e1bce6aced4fb074,a049f100-5f53-41ab-9358-07e799e2a966,bf634628-0844-4409-9dde-c80c55cb13ac,2026-02-25T06:19:40.170Z,2026-02-25T06:19:40.182Z
MARES_2060885,MARES,EL SALVADOR,USD,USD,CUSTOMER,MARES_2060885,e177222dd5e6159f1f5df38deabc67ffc4780537bb2a8c71e37f9f45e37e9bee,a049f100-5f53-41ab-9358-07e799e2a966,bf634628-0844-4409-9dde-c80c55cb13ac,2026-02-25T06:19:40.170Z,2026-02-25T06:19:40.182Z
BIG EASY BUCHA_67625,BIG EASY BUCHA,USA,USD,USD,CUSTOMER,BIG EASY BUCHA_67625,34770d42128e41c256496f880f74140a24547e4f9681ee269fb9bc7d88662adf,a049f100-5f53-41ab-9358-07e799e2a966,bf634628-0844-4409-9dde-c80c55cb13ac,2026-02-25T06:19:40.170Z,2026-02-25T06:19:40.182Z
CAFÉ VOLIO_67752,CAFÉ VOLIO,COSTA RICA,USD,USD,CUSTOMER,CAFÉ VOLIO_67752,9f6dd5d1f4ffe51c62cbab52eafff4b4ecddca50094726799bbe190348f0b88f,a049f100-5f53-41ab-9358-07e799e2a966,bf634628-0844-4409-9dde-c80c55cb13ac,2026-02-25T06:19:40.170Z,2026-02-25T06:19:40.182Z
BEVOLUTION PTE. LTD_68319,BEVOLUTION PTE. LTD,SENEGAL,USD,USD,CUSTOMER,BEVOLUTION PTE. LTD_68319,9f9e113f2e8fc2627d12e6952cceb2613f2c444b19086c690634fe0a42d6dfcc,a049f100-5f53-41ab-9358-07e799e2a966,bf634628-0844-4409-9dde-c80c55cb13ac,2026-02-25T06:19:40.170Z,2026-02-25T06:19:40.182Z
ALL_UNITED_66410,ALL_UNITED,PUERTO RICO,USD,USD,CUSTOMER,ALL_UNITED_66410,ac7685ae136b09c4ed2bed69b4ba331e0f9aa0bcdcc3eb1cf60a78583bafee1b,a049f100-5f53-41ab-9358-07e799e2a966,bf634628-0844-4409-9dde-c80c55cb13ac,2026-02-25T06:19:40.170Z,2026-02-25T06:19:40.182Z
PEPSICOLA_PUERTO_RICO_66336,PEPSICOLA_PUERTO_RICO,PUERTO RICO,USD,USD,CUSTOMER,PEPSICOLA_PUERTO_RICO_66336,a84249d0e12df54ddaf962f47691b4e3a00ad00996286db706f82a344af5f256,a049f100-5f53-41ab-9358-07e799e2a966,bf634628-0844-4409-9dde-c80c55cb13ac,2026-02-25T06:19:40.170Z,2026-02-25T06:19:40.182Z
ISLEÑA_66366,ISLEÑA,COSTA RICA,USD,USD,CUSTOMER,ISLEÑA_66366,36adc6184d9f827dcfffba1451af0085f209242b1370b23b450b975610966af4,a049f100-5f53-41ab-9358-07e799e2a966,bf634628-0844-4409-9dde-c80c55cb13ac,2026-02-25T06:19:40.170Z,2026-02-25T06:19:40.182Z
BELLOWS_INTERNATIONAL_66313,BELLOWS_INTERNATIONAL,PUERTO RICO,USD,USD,CUSTOMER,BELLOWS_INTERNATIONAL_66313,05303c1dc19b2316c79107c9a2a17c09d9f50106f327fa01ee84d0996c900dee,a049f100-5f53-41ab-9358-07e799e2a966,bf634628-0844-4409-9dde-c80c55cb13ac,2026-02-25T06:19:40.170Z,2026-02-25T06:19:40.182Z
WASIL LUQMAN_68926,WASIL LUQMAN,REPÚBLICA CHECA,USD,USD,CUSTOMER,WASIL LUQMAN_68926,3185acacce471880d87faf078e24f90eb8d82fa1a2f22f921f0e1b97a03aaea9,a049f100-5f53-41ab-9358-07e799e2a966,bf634628-0844-4409-9dde-c80c55cb13ac,2026-02-25T06:19:40.170Z,2026-02-25T06:19:40.182Z
ND PACKAGING AND DISTRIBU_67153,ND PACKAGING AND DISTRIBU,USA,USD,USD,CUSTOMER,ND PACKAGING AND DISTRIBU_67153,f68b57e8018ff92fcc9fe3acc0ef0f76062cc7e06952610e9068fa1fea827c94,a049f100-5f53-41ab-9358-07e799e2a966,bf634628-0844-4409-9dde-c80c55cb13ac,2026-02-25T06:19:40.170Z,2026-02-25T06:19:40.182Z
B&L GOOD BROTHES TEXAS_66908,B&L GOOD BROTHES TEXAS,USA,USD,USD,CUSTOMER,B&L GOOD BROTHES TEXAS_66908,863aaccd191fe37885692c1cd730f0dcd190a7adaf38ec897a2fa0d4e8ec63b3,a049f100-5f53-41ab-9358-07e799e2a966,bf634628-0844-4409-9dde-c80c55cb13ac,2026-02-25T06:19:40.170Z,2026-02-25T06:19:40.182Z
ALMACENES SANTANA_68947,ALMACENES SANTANA,REP.DOMINICANA,USD,USD,CUSTOMER,ALMACENES SANTANA_68947,9815ed9446fbfaf32d9f03e3d01fab1af90d96bb051ab82166c59b4e69358a69,a049f100-5f53-41ab-9358-07e799e2a966,bf634628-0844-4409-9dde-c80c55cb13ac,2026-02-25T06:19:40.170Z,2026-02-25T06:19:40.182Z
EMBOTELLADORA_LA_REYNA_66332,EMBOTELLADORA_LA_REYNA,HONDURAS,USD,USD,CUSTOMER,EMBOTELLADORA_LA_REYNA_66332,53955dcfb2dd19bfebab10ecc382b11c354e1924378302f1886b0cc4f1859177,a049f100-5f53-41ab-9358-07e799e2a966,bf634628-0844-4409-9dde-c80c55cb13ac,2026-02-25T06:19:40.170Z,2026-02-25T06:19:40.182Z
INDUSTRIAS_SULA_66825,INDUSTRIAS_SULA,PUERTO RICO,USD,USD,CUSTOMER,INDUSTRIAS_SULA_66825,a664fdee2c0a3b597473ff3ea8a8b0b70b8a7eb5dec9ed43dfc384e1074570bc,a049f100-5f53-41ab-9358-07e799e2a966,bf634628-0844-4409-9dde-c80c55cb13ac,2026-02-25T06:19:40.170Z,2026-02-25T06:19:40.182Z
LA PERLA_68112,LA PERLA,ESPAÑA,USD,USD,CUSTOMER,LA PERLA_68112,2dffc15fd6996cea85874761e8fe3715ce4084bee1d72d5ed795b10cf911d4f3,a049f100-5f53-41ab-9358-07e799e2a966,bf634628-0844-4409-9dde-c80c55cb13ac,2026-02-25T06:19:40.170Z,2026-02-25T06:19:40.182Z
GRUPO MERICA_68110,GRUPO MERICA,ESPAÑA,USD,USD,CUSTOMER,GRUPO MERICA_68110,c9b0cdd14dbb49371e0510c1038487e05e15d17421c03b2c3389537c8eb8232d,a049f100-5f53-41ab-9358-07e799e2a966,bf634628-0844-4409-9dde-c80c55cb13ac,2026-02-25T06:19:40.170Z,2026-02-25T06:19:40.182Z
PENTRADE DUTY FREE B V_68472,PENTRADE DUTY FREE B V,PAÍSES BAJOS,USD,USD,CUSTOMER,PENTRADE DUTY FREE B V_68472,bb1847d0d19daaad417e09f5997d0610b418501609021df5b0db5cea4cb82795,a049f100-5f53-41ab-9358-07e799e2a966,bf634628-0844-4409-9dde-c80c55cb13ac,2026-02-25T06:19:40.170Z,2026-02-25T06:19:40.182Z
SAVANNAH DISTRIBUTOR_68044,SAVANNAH DISTRIBUTOR,USA,USD,USD,CUSTOMER,SAVANNAH DISTRIBUTOR_68044,05291f333b6b28e959cea5f7c6e4fda0bafb92a1c78f7ca284ead3f4c9e15e04,a049f100-5f53-41ab-9358-07e799e2a966,bf634628-0844-4409-9dde-c80c55cb13ac,2026-02-25T06:19:40.170Z,2026-02-25T06:19:40.182Z
EMBOTELLADORA_LA_MARIPOSA_66328,EMBOTELLADORA_LA_MARIPOSA,GUATEMALA,USD,USD,CUSTOMER,EMBOTELLADORA_LA_MARIPOSA_66328,eda5441b95127e1d3762baa67786699375523dca7fca08c9a4552a2a131c4f77,a049f100-5f53-41ab-9358-07e799e2a966,bf634628-0844-4409-9dde-c80c55cb13ac,2026-02-25T06:19:40.170Z,2026-02-25T06:19:40.182Z
TRANSMUNDI_2067820,TRANSMUNDI,PANAMÁ,USD,USD,CUSTOMER,TRANSMUNDI_2067820,4376bcdd539e7f1aeae33251cf62ca2e1fb0b354a327943f66a2bb145bb0c7f8,a049f100-5f53-41ab-9358-07e799e2a966,bf634628-0844-4409-9dde-c80c55cb13ac,2026-02-25T06:19:40.170Z,2026-02-25T06:19:40.182Z
TESALIA_400000105,TESALIA,ECUADOR,USD,USD,PRODUCTIONPLANT,TESALIA_400000105,41e64a95b57f160a70875c6915e5a55df64d5c803691072e1c0045c2fe0cfb21,a049f100-5f53-41ab-9358-07e799e2a966,bf634628-0844-4409-9dde-c80c55cb13ac,2026-02-25T06:19:40.170Z,2026-02-25T06:19:40.182Z
