partname,partsite,suppliersite,supplier_id,integration_id,execution_id,workflow_execution_id,create_timestamp,last_updated_timestamp,record_key_hash
BA003459,BROOKLYN BM_100011087,BROOKLYN BM_100011087,100011087,null,69cb8cbb-e3e8-4478-94f1-d1762220c90c,e7b1412f-9857-4ba0-83c0-672ee6ecca96,2026-02-25T07:12:17.739Z,2026-02-25T07:12:17.751Z,9145b87ed0d4a8f45a9059d997f1c047082ffcb4c8e15aba077db908b40399ea
AA251190,LIVSMART_SP00,LIVSMART_SP00,SP00,null,69cb8cbb-e3e8-4478-94f1-d1762220c90c,e7b1412f-9857-4ba0-83c0-672ee6ecca96,2026-02-25T07:12:17.739Z,2026-02-25T07:12:17.751Z,bf26224da487a8dfa0881e785d93e39f35847f9f4b5e9c14b0aeb74808efda74
F2250001,MARIPOSA_GP00,MARIPOSA_GP00,GP00,null,69cb8cbb-e3e8-4478-94f1-d1762220c90c,e7b1412f-9857-4ba0-83c0-672ee6ecca96,2026-02-25T07:12:17.739Z,2026-02-25T07:12:17.751Z,128fce6282fd03fd7c48ea48449e10eb09a6030872dd232bdfd16f014a22347a
BA023164,MARIPOSA_GP00,MARIPOSA_GP00,GP00,null,69cb8cbb-e3e8-4478-94f1-d1762220c90c,e7b1412f-9857-4ba0-83c0-672ee6ecca96,2026-02-25T07:12:17.739Z,2026-02-25T07:12:17.751Z,b8e9f874a2e72a915ecebe4e34adeb3abbcedcdb34e77218042398c918c08a5b
BA011319,LIVSMART_SP00,LIVSMART_SP00,SP00,null,69cb8cbb-e3e8-4478-94f1-d1762220c90c,e7b1412f-9857-4ba0-83c0-672ee6ecca96,2026-02-25T07:12:17.739Z,2026-02-25T07:12:17.751Z,6d31364809be47ac40b838f00497d79b6a95a84b77b4becdc19cb61f52ecbdc0
437101,FIRMENICH INCORPORATED_148098,FIRMENICH INCORPORATED_148098,148098,null,69cb8cbb-e3e8-4478-94f1-d1762220c90c,e7b1412f-9857-4ba0-83c0-672ee6ecca96,2026-02-25T07:12:17.739Z,2026-02-25T07:12:17.751Z,c4b935939ff233355cd47f01b8c3ee07e1c569c8db849d2071c296ddb0f97e1c
BA011198,LIVSMART_SP00,LIVSMART_SP00,SP00,null,69cb8cbb-e3e8-4478-94f1-d1762220c90c,e7b1412f-9857-4ba0-83c0-672ee6ecca96,2026-02-25T07:12:17.739Z,2026-02-25T07:12:17.751Z,9774e4a0fcf02bc06723c86bf1b49f7b5a574299444c92d1d3f445b2e2955af1
BA010926,LIVSMART_SP00,LIVSMART_SP00,SP00,null,69cb8cbb-e3e8-4478-94f1-d1762220c90c,e7b1412f-9857-4ba0-83c0-672ee6ecca96,2026-02-25T07:12:17.739Z,2026-02-25T07:12:17.751Z,7f89a842785bdd603592161170422e193cb9bd91a5ec9c762403135e3c640ef9
AA281190,LIVSMART_SP00,LIVSMART_SP00,SP00,null,69cb8cbb-e3e8-4478-94f1-d1762220c90c,e7b1412f-9857-4ba0-83c0-672ee6ecca96,2026-02-25T07:12:17.739Z,2026-02-25T07:12:17.751Z,a635233d6eedc62e5103691d5a7a8b47c6039104165747b92b8a75f0ca5f828c
BA004904,LIVSMART_SP00,LIVSMART_SP00,SP00,null,69cb8cbb-e3e8-4478-94f1-d1762220c90c,e7b1412f-9857-4ba0-83c0-672ee6ecca96,2026-02-25T07:12:17.739Z,2026-02-25T07:12:17.751Z,4d2151a5f9112952e42fdc435a3d8d11e3264b5ac434441e5e3d19cfdbd98a6b
600472,IFF_100010034,IFF_100010034,100010034,null,69cb8cbb-e3e8-4478-94f1-d1762220c90c,e7b1412f-9857-4ba0-83c0-672ee6ecca96,2026-02-25T07:12:17.739Z,2026-02-25T07:12:17.751Z,6472a223132de5489c4e9db496448e767bc54533a5042ca0ed8cfc28dc6176f7
425220,IFF_100010034,IFF_100010034,100010034,null,69cb8cbb-e3e8-4478-94f1-d1762220c90c,e7b1412f-9857-4ba0-83c0-672ee6ecca96,2026-02-25T07:12:17.739Z,2026-02-25T07:12:17.751Z,53003b7b61cc62b12821523830b3e2c2a0eefdc7e1a6b8869576fe5d1282d5c9
BA007458,LIVSMART_SP00,LIVSMART_SP00,SP00,null,69cb8cbb-e3e8-4478-94f1-d1762220c90c,e7b1412f-9857-4ba0-83c0-672ee6ecca96,2026-02-25T07:12:17.739Z,2026-02-25T07:12:17.751Z,4c65988e241cb376da38cdf40da896b6777cb510595fc69afaa88d5ba1623d4d
AA783389,CANADÁ_NATIONALDRY_100010426,CANADÁ_NATIONALDRY_100010426,100010426,null,69cb8cbb-e3e8-4478-94f1-d1762220c90c,e7b1412f-9857-4ba0-83c0-672ee6ecca96,2026-02-25T07:12:17.739Z,2026-02-25T07:12:17.751Z,c6fa0595edf157e11e1d83a47c5fdc18629b0939bcc5db8893ad3e554a723225
44004726,GREAT VIEW_209134,GREAT VIEW_209134,209134,null,69cb8cbb-e3e8-4478-94f1-d1762220c90c,e7b1412f-9857-4ba0-83c0-672ee6ecca96,2026-02-25T07:12:17.739Z,2026-02-25T07:12:17.751Z,e1dd64bbbad6c5879af99697dfc5918716fd0a9465dd3769dc3ddf5465ff7cbb
BA013215,LIVSMART_SP00,LIVSMART_SP00,SP00,null,69cb8cbb-e3e8-4478-94f1-d1762220c90c,e7b1412f-9857-4ba0-83c0-672ee6ecca96,2026-02-25T07:12:17.739Z,2026-02-25T07:12:17.751Z,3d9c34cd0c70314b90d0332f461b61d02932d57c9bd515754d0546b4d10520d1
BA100164,BROOKLYN BM_100011087,BROOKLYN BM_100011087,100011087,null,69cb8cbb-e3e8-4478-94f1-d1762220c90c,e7b1412f-9857-4ba0-83c0-672ee6ecca96,2026-02-25T07:12:17.739Z,2026-02-25T07:12:17.751Z,e85de7c9bf8e942d6ad4ee3557fa7dd238687f5f23efad860c3e8b03d20a8a7f
BA018684,TESALIA_400000105,TESALIA_400000105,400000105,null,69cb8cbb-e3e8-4478-94f1-d1762220c90c,e7b1412f-9857-4ba0-83c0-672ee6ecca96,2026-02-25T07:12:17.739Z,2026-02-25T07:12:17.751Z,3e1dbf7c9894816432b0e231ae3e06d57877d18daaf91c8e1fd233013bf55192
421576,CFF_100009382,CFF_100009382,100009382,null,69cb8cbb-e3e8-4478-94f1-d1762220c90c,e7b1412f-9857-4ba0-83c0-672ee6ecca96,2026-02-25T07:12:17.739Z,2026-02-25T07:12:17.751Z,0d59f359118a4b2f464ce8bce7c9b7462dd8e2816d98470e539d80579fd31dbe
BA000877,TESALIA_400000105,TESALIA_400000105,400000105,null,69cb8cbb-e3e8-4478-94f1-d1762220c90c,e7b1412f-9857-4ba0-83c0-672ee6ecca96,2026-02-25T07:12:17.739Z,2026-02-25T07:12:17.751Z,5b027864c4b4ed9a9c3602c72800fc13f4b225109192cec6e02c8d89d6231431
BA013133,TESALIA_400000105,TESALIA_400000105,400000105,null,69cb8cbb-e3e8-4478-94f1-d1762220c90c,e7b1412f-9857-4ba0-83c0-672ee6ecca96,2026-02-25T07:12:17.739Z,2026-02-25T07:12:17.751Z,6aa9263bb6bba1f87402733e052775a7a0badc44043de0cb1edbd82667e35275
BA007456,LIVSMART_SP00,LIVSMART_SP00,SP00,null,69cb8cbb-e3e8-4478-94f1-d1762220c90c,e7b1412f-9857-4ba0-83c0-672ee6ecca96,2026-02-25T07:12:17.739Z,2026-02-25T07:12:17.751Z,7193c260f74b8c28ab9174ad00c39a02aa0eddac255a0043d8a851a37b114626
BA010951,LIVSMART_SP00,LIVSMART_SP00,SP00,null,69cb8cbb-e3e8-4478-94f1-d1762220c90c,e7b1412f-9857-4ba0-83c0-672ee6ecca96,2026-02-25T07:12:17.739Z,2026-02-25T07:12:17.751Z,a0b55c4008fc252ddd801ad85d6c1277f30fdcd060ff27a83b49222fba3afabb
BA011726,MARIPOSA_GP00,MARIPOSA_GP00,GP00,null,69cb8cbb-e3e8-4478-94f1-d1762220c90c,e7b1412f-9857-4ba0-83c0-672ee6ecca96,2026-02-25T07:12:17.739Z,2026-02-25T07:12:17.751Z,3b82957fe6f0631a3870967666b0c6fb626d94d58b416441fd9be62cff3ad388
AA066077,LIVSMART_SP00,LIVSMART_SP00,SP00,null,69cb8cbb-e3e8-4478-94f1-d1762220c90c,e7b1412f-9857-4ba0-83c0-672ee6ecca96,2026-02-25T07:12:17.739Z,2026-02-25T07:12:17.751Z,150ed9b20723b35eb60fe71ef3a4569b8e7a15d82199b811f72bf3764f817cf1
BA001446,LIVSMART_SP00,LIVSMART_SP00,SP00,null,69cb8cbb-e3e8-4478-94f1-d1762220c90c,e7b1412f-9857-4ba0-83c0-672ee6ecca96,2026-02-25T07:12:17.739Z,2026-02-25T07:12:17.751Z,86362e89c64ff09e1db97f070e31bd8b558210ba8d189db51f5c007375b2ff4e
BA006673,LIVSMART_SP00,LIVSMART_SP00,SP00,null,69cb8cbb-e3e8-4478-94f1-d1762220c90c,e7b1412f-9857-4ba0-83c0-672ee6ecca96,2026-02-25T07:12:17.739Z,2026-02-25T07:12:17.751Z,3f295b4dd81beab05843440ffbbcef2bd8676a5329c7bacf12b2181f0459a2e8
AA251191,LIVSMART_SP00,LIVSMART_SP00,SP00,null,69cb8cbb-e3e8-4478-94f1-d1762220c90c,e7b1412f-9857-4ba0-83c0-672ee6ecca96,2026-02-25T07:12:17.739Z,2026-02-25T07:12:17.751Z,f664f76f1048f8f1e76019c91b6970fa72bacc9adb4f0168450915a0901cb266
AA761392,JAMAICA EXPORTS (PCJ)_J001,JAMAICA EXPORTS (PCJ)_J001,J001,null,69cb8cbb-e3e8-4478-94f1-d1762220c90c,e7b1412f-9857-4ba0-83c0-672ee6ecca96,2026-02-25T07:12:17.739Z,2026-02-25T07:12:17.751Z,db8566420fcf86900e3d1e5cd4e993665bef0269789b330a4c888ebd876a4a98
BA019929,TESALIA_400000105,TESALIA_400000105,400000105,null,69cb8cbb-e3e8-4478-94f1-d1762220c90c,e7b1412f-9857-4ba0-83c0-672ee6ecca96,2026-02-25T07:12:17.739Z,2026-02-25T07:12:17.751Z,053cbe3cbaa4767376ede4c1f452eed16bb77831b821c636c6865b4379323f9b
AOP26005,MARIPOSA_GP00,MARIPOSA_GP00,GP00,null,69cb8cbb-e3e8-4478-94f1-d1762220c90c,e7b1412f-9857-4ba0-83c0-672ee6ecca96,2026-02-25T07:12:17.739Z,2026-02-25T07:12:17.751Z,ca5dd3eba94d3122c0545a214c77973dde6fa27c32644490b88e57b6fcb11416
BA011264,MARIPOSA_GP00,MARIPOSA_GP00,GP00,null,69cb8cbb-e3e8-4478-94f1-d1762220c90c,e7b1412f-9857-4ba0-83c0-672ee6ecca96,2026-02-25T07:12:17.739Z,2026-02-25T07:12:17.751Z,de7676401cfbcdb4e5be65917037da36d08439c53aa650bbf737473fa6b37300
426213,FISA_100009700,FISA_100009700,100009700,null,69cb8cbb-e3e8-4478-94f1-d1762220c90c,e7b1412f-9857-4ba0-83c0-672ee6ecca96,2026-02-25T07:12:17.739Z,2026-02-25T07:12:17.751Z,44e1d737b0623c28b84592857c4022f0143743f9520afb67de5b7bf2a72c9504
BA005132,LIVSMART_SP00,LIVSMART_SP00,SP00,null,69cb8cbb-e3e8-4478-94f1-d1762220c90c,e7b1412f-9857-4ba0-83c0-672ee6ecca96,2026-02-25T07:12:17.739Z,2026-02-25T07:12:17.751Z,5228caf891f4f307f4fea465d9be52ee5a1715fb8c0a569d530cfb464595149c
437120,GIVAUDAN_100015087,GIVAUDAN_100015087,100015087,null,69cb8cbb-e3e8-4478-94f1-d1762220c90c,e7b1412f-9857-4ba0-83c0-672ee6ecca96,2026-02-25T07:12:17.739Z,2026-02-25T07:12:17.751Z,c47c5b4fffc7b2bea34f1da65739fd6384b6563fa32209407652fb953a5df106
BA017369,LIVSMART_SP00,LIVSMART_SP00,SP00,null,69cb8cbb-e3e8-4478-94f1-d1762220c90c,e7b1412f-9857-4ba0-83c0-672ee6ecca96,2026-02-25T07:12:17.739Z,2026-02-25T07:12:17.751Z,0c4194eb4144925858f66053be1cea7a275cda4efeefa24f4ec9dc90e4d98bd3
BA018945,LIVSMART_SP00,LIVSMART_SP00,SP00,null,69cb8cbb-e3e8-4478-94f1-d1762220c90c,e7b1412f-9857-4ba0-83c0-672ee6ecca96,2026-02-25T07:12:17.739Z,2026-02-25T07:12:17.751Z,d2dc261443f567a388a64573bcadfc6a5d19f577f986dc6fbbb7fec0a434dff0
BA020449,TESALIA_400000105,TESALIA_400000105,400000105,null,69cb8cbb-e3e8-4478-94f1-d1762220c90c,e7b1412f-9857-4ba0-83c0-672ee6ecca96,2026-02-25T07:12:17.739Z,2026-02-25T07:12:17.751Z,7830ca54d6e2c342eb09bd0cbfde6a7fa31176fd96d5fc1add93c8aa508425d2
BA019968,LIVSMART_SP00,LIVSMART_SP00,SP00,null,69cb8cbb-e3e8-4478-94f1-d1762220c90c,e7b1412f-9857-4ba0-83c0-672ee6ecca96,2026-02-25T07:12:17.739Z,2026-02-25T07:12:17.751Z,3b38329516b7502a581e0273fd6d6865864d1b110e2668aa2b5d7e48649c85ec
BA017301,LIVSMART_SP00,LIVSMART_SP00,SP00,null,69cb8cbb-e3e8-4478-94f1-d1762220c90c,e7b1412f-9857-4ba0-83c0-672ee6ecca96,2026-02-25T07:12:17.739Z,2026-02-25T07:12:17.751Z,15104bf4427b47d5951020cb206aaedc4c65b9122f383111d7615704e60c6880
BA011085,LIVSMART_SP00,LIVSMART_SP00,SP00,null,69cb8cbb-e3e8-4478-94f1-d1762220c90c,e7b1412f-9857-4ba0-83c0-672ee6ecca96,2026-02-25T07:12:17.739Z,2026-02-25T07:12:17.751Z,8a157af3259f509a32731d24db4ba9cc00a0a973861c9fca3dac527021fd5957
BA005455,LIVSMART_SP00,LIVSMART_SP00,SP00,null,69cb8cbb-e3e8-4478-94f1-d1762220c90c,e7b1412f-9857-4ba0-83c0-672ee6ecca96,2026-02-25T07:12:17.739Z,2026-02-25T07:12:17.751Z,620a32ba7fe687904371348a0dcaab2d1d938fc19f77be5e9e18b8d6270b03ea
BA016503,LIVSMART_SP00,LIVSMART_SP00,SP00,null,69cb8cbb-e3e8-4478-94f1-d1762220c90c,e7b1412f-9857-4ba0-83c0-672ee6ecca96,2026-02-25T07:12:17.739Z,2026-02-25T07:12:17.751Z,e401233659458ebf68d755662ad8480523861b2f0d22b91c51b42b7c781c16ca
BA006404,LIVSMART_SP00,LIVSMART_SP00,SP00,null,69cb8cbb-e3e8-4478-94f1-d1762220c90c,e7b1412f-9857-4ba0-83c0-672ee6ecca96,2026-02-25T07:12:17.739Z,2026-02-25T07:12:17.751Z,ff2b61db65574b678c6fe6143446b049531d3a76762f2f7790d86e7151764c43
AA783390,CANADÁ_NATIONALDRY_100010426,CANADÁ_NATIONALDRY_100010426,100010426,null,69cb8cbb-e3e8-4478-94f1-d1762220c90c,e7b1412f-9857-4ba0-83c0-672ee6ecca96,2026-02-25T07:12:17.739Z,2026-02-25T07:12:17.751Z,54711dfb4d296b9e1e40a1b43bbe887f23acde6dd4dda4192f5367474044904e
BA022906,LIVSMART_SP00,LIVSMART_SP00,SP00,null,69cb8cbb-e3e8-4478-94f1-d1762220c90c,e7b1412f-9857-4ba0-83c0-672ee6ecca96,2026-02-25T07:12:17.739Z,2026-02-25T07:12:17.751Z,111e715e0ffadb5cc57b9609acbfb7c8c2ae7451d47be5622bf0703c849398ff
BA011684,TESALIA_400000105,TESALIA_400000105,400000105,null,69cb8cbb-e3e8-4478-94f1-d1762220c90c,e7b1412f-9857-4ba0-83c0-672ee6ecca96,2026-02-25T07:12:17.739Z,2026-02-25T07:12:17.751Z,6423c85c3cfbbc0afd9b57e52864ba3aa1101d75805f2dd5aed0b97508cf40bb
420011,GRAPETTE_100010909,GRAPETTE_100010909,100010909,null,69cb8cbb-e3e8-4478-94f1-d1762220c90c,e7b1412f-9857-4ba0-83c0-672ee6ecca96,2026-02-25T07:12:17.739Z,2026-02-25T07:12:17.751Z,a62f3ebf048ed97c7cbf2205ae7b34e3f051b5a3fa24e58586c277623be952db
BA007811,LIVSMART_SP00,LIVSMART_SP00,SP00,null,69cb8cbb-e3e8-4478-94f1-d1762220c90c,e7b1412f-9857-4ba0-83c0-672ee6ecca96,2026-02-25T07:12:17.739Z,2026-02-25T07:12:17.751Z,2b8706fddcb38088c25011af81f567daa008691ec70d212ea41ad142a90e441d
435020,FISA_100009700,FISA_100009700,100009700,null,69cb8cbb-e3e8-4478-94f1-d1762220c90c,e7b1412f-9857-4ba0-83c0-672ee6ecca96,2026-02-25T07:12:17.739Z,2026-02-25T07:12:17.751Z,0028d8a7ed5ccbcf8e3a4e6aec257f9ce9f780495d6ba87402ec64f5f2602f2c
435022,FISA_100009700,FISA_100009700,100009700,null,69cb8cbb-e3e8-4478-94f1-d1762220c90c,e7b1412f-9857-4ba0-83c0-672ee6ecca96,2026-02-25T07:12:17.739Z,2026-02-25T07:12:17.751Z,60445798237ea2b63c177620d4a4f9d102b727eb63838cd44a36e49404b0d87e
AA018006,MARIPOSA_GP00,MARIPOSA_GP00,GP00,null,69cb8cbb-e3e8-4478-94f1-d1762220c90c,e7b1412f-9857-4ba0-83c0-672ee6ecca96,2026-02-25T07:12:17.739Z,2026-02-25T07:12:17.751Z,a76a9575064cc49393565852b7aca33f776a8ba48ce5e7eb20c48d751f04f2f6
BA000784,TESALIA_400000105,TESALIA_400000105,400000105,null,69cb8cbb-e3e8-4478-94f1-d1762220c90c,e7b1412f-9857-4ba0-83c0-672ee6ecca96,2026-02-25T07:12:17.739Z,2026-02-25T07:12:17.751Z,2fa462cb90d794aef81e0ce44853861f07e5a39b0b2be415875c7baa3706bea9
BA005453,LIVSMART_SP00,LIVSMART_SP00,SP00,null,69cb8cbb-e3e8-4478-94f1-d1762220c90c,e7b1412f-9857-4ba0-83c0-672ee6ecca96,2026-02-25T07:12:17.739Z,2026-02-25T07:12:17.751Z,9363eaf8140c21cae5a65800daa0f7f0d279f77312dc7d13e787c26462c0367e
AA881079,LIVSMART_SP00,LIVSMART_SP00,SP00,null,69cb8cbb-e3e8-4478-94f1-d1762220c90c,e7b1412f-9857-4ba0-83c0-672ee6ecca96,2026-02-25T07:12:17.739Z,2026-02-25T07:12:17.751Z,adb7a5cc10102a748a70bdd7f085f4ef2d7f8b964ac6f89bae74ab586d692e45
437124,GIVAUDAN_100015087,GIVAUDAN_100015087,100015087,null,69cb8cbb-e3e8-4478-94f1-d1762220c90c,e7b1412f-9857-4ba0-83c0-672ee6ecca96,2026-02-25T07:12:17.739Z,2026-02-25T07:12:17.751Z,2f4b9e26fd44f9591b202b19a6cfa8d7efbf178360b4cba22a2162107248acc3
BA010947,LIVSMART_SP00,LIVSMART_SP00,SP00,null,69cb8cbb-e3e8-4478-94f1-d1762220c90c,e7b1412f-9857-4ba0-83c0-672ee6ecca96,2026-02-25T07:12:17.739Z,2026-02-25T07:12:17.751Z,2614eb44166fc36ae51ad4651a19ac87e160feaa29c3b0c9fc1c15c3095ece24
BA020407,LIVSMART_SP00,LIVSMART_SP00,SP00,null,69cb8cbb-e3e8-4478-94f1-d1762220c90c,e7b1412f-9857-4ba0-83c0-672ee6ecca96,2026-02-25T07:12:17.739Z,2026-02-25T07:12:17.751Z,766205b74d9f448b1af6678ff6effb7796066d6e26d1653feea9cf039fa6cdec
AA281209,LIVSMART_SP00,LIVSMART_SP00,SP00,null,69cb8cbb-e3e8-4478-94f1-d1762220c90c,e7b1412f-9857-4ba0-83c0-672ee6ecca96,2026-02-25T07:12:17.739Z,2026-02-25T07:12:17.751Z,c85afbdb3d1b5581bcba0f015a1ed4ab58bda2cf8e1ff556bf4cba99766ffb1e
BA000322,TESALIA_400000105,TESALIA_400000105,400000105,null,69cb8cbb-e3e8-4478-94f1-d1762220c90c,e7b1412f-9857-4ba0-83c0-672ee6ecca96,2026-02-25T07:12:17.739Z,2026-02-25T07:12:17.751Z,612aeb44fcae90f655b36d37ef39f0c9a415de94ce8ab36b6e149996286463b7
426243,IFF_100010034,IFF_100010034,100010034,null,69cb8cbb-e3e8-4478-94f1-d1762220c90c,e7b1412f-9857-4ba0-83c0-672ee6ecca96,2026-02-25T07:12:17.739Z,2026-02-25T07:12:17.751Z,f4bd8b982f9ce8c6adea81c235a000ac71f841cff63dd281732da52704736207
BA001216,LIVSMART_SP00,LIVSMART_SP00,SP00,null,69cb8cbb-e3e8-4478-94f1-d1762220c90c,e7b1412f-9857-4ba0-83c0-672ee6ecca96,2026-02-25T07:12:17.739Z,2026-02-25T07:12:17.751Z,1628aa6a7c2f718795c08aaa39b6f2f06400750e7d4bec9dd0b617a5cb1b2366
436579,GIVAUDAN_100015087,GIVAUDAN_100015087,100015087,null,69cb8cbb-e3e8-4478-94f1-d1762220c90c,e7b1412f-9857-4ba0-83c0-672ee6ecca96,2026-02-25T07:12:17.739Z,2026-02-25T07:12:17.751Z,d53bf90e3f6910569bd228c429e2cd92cb596bf0198b50efd2279ab83b20f8b6
AA647134,LIVSMART_SP00,LIVSMART_SP00,SP00,null,69cb8cbb-e3e8-4478-94f1-d1762220c90c,e7b1412f-9857-4ba0-83c0-672ee6ecca96,2026-02-25T07:12:17.739Z,2026-02-25T07:12:17.751Z,b64480d77c45970db8846bf861c09d1b02067bf7860a243c808957dbe1ef8ec1
BA011152,LIVSMART_SP00,LIVSMART_SP00,SP00,null,69cb8cbb-e3e8-4478-94f1-d1762220c90c,e7b1412f-9857-4ba0-83c0-672ee6ecca96,2026-02-25T07:12:17.739Z,2026-02-25T07:12:17.751Z,75eb81831012d788349aaf8b04ba374c6f783a0ccfed5b25d7d883ee18b58a19
437102,FIRMENICH INCORPORATED_148098,FIRMENICH INCORPORATED_148098,148098,null,69cb8cbb-e3e8-4478-94f1-d1762220c90c,e7b1412f-9857-4ba0-83c0-672ee6ecca96,2026-02-25T07:12:17.739Z,2026-02-25T07:12:17.751Z,27f5e09e588b68f5d371c4d417bd4964e7c8798cdf9485142557c7bca71eb899
AA286202,LIVSMART_SP00,LIVSMART_SP00,SP00,null,69cb8cbb-e3e8-4478-94f1-d1762220c90c,e7b1412f-9857-4ba0-83c0-672ee6ecca96,2026-02-25T07:12:17.739Z,2026-02-25T07:12:17.751Z,a17780db41c1d51b7e7689780651ed3f6d963cde4c81563c1b99a16682249cf2
437099,GIVAUDAN_100015087,GIVAUDAN_100015087,100015087,null,69cb8cbb-e3e8-4478-94f1-d1762220c90c,e7b1412f-9857-4ba0-83c0-672ee6ecca96,2026-02-25T07:12:17.739Z,2026-02-25T07:12:17.751Z,afa2aeb9854eb3366d1083bb6217bfc3fe70c4405c848d5d2382268421a9f68a
BA005330,LIVSMART_SP00,LIVSMART_SP00,SP00,null,69cb8cbb-e3e8-4478-94f1-d1762220c90c,e7b1412f-9857-4ba0-83c0-672ee6ecca96,2026-02-25T07:12:17.739Z,2026-02-25T07:12:17.751Z,b2571de789b19174b4c907aae0b97022e01070ed8894f98c0c28660173d65726
BA018371,BROOKLYN BM_100011087,BROOKLYN BM_100011087,100011087,null,69cb8cbb-e3e8-4478-94f1-d1762220c90c,e7b1412f-9857-4ba0-83c0-672ee6ecca96,2026-02-25T07:12:17.739Z,2026-02-25T07:12:17.751Z,da520a386cb61cb5702a951675838f647d8a289da6218fdc4825cdb23d27c38f
AA285202,LIVSMART_SP00,LIVSMART_SP00,SP00,null,69cb8cbb-e3e8-4478-94f1-d1762220c90c,e7b1412f-9857-4ba0-83c0-672ee6ecca96,2026-02-25T07:12:17.739Z,2026-02-25T07:12:17.751Z,d6353d5bae4470bc73e949e005669e437c2c4e07f10808981bac745031de1c24
BA017078,BROOKLYN BM_100011087,BROOKLYN BM_100011087,100011087,null,69cb8cbb-e3e8-4478-94f1-d1762220c90c,e7b1412f-9857-4ba0-83c0-672ee6ecca96,2026-02-25T07:12:17.739Z,2026-02-25T07:12:17.751Z,c4ef97cde5f9c56207cd9edc6d7e2c7ae060f7bf1d48f4902a1fa9445d2bf024
BA005742,LIVSMART_SP00,LIVSMART_SP00,SP00,null,69cb8cbb-e3e8-4478-94f1-d1762220c90c,e7b1412f-9857-4ba0-83c0-672ee6ecca96,2026-02-25T07:12:17.739Z,2026-02-25T07:12:17.751Z,b93a86baa378bcc401807a01c4afe2d263c51ce3f3253d2c11f649adf2797b9e
BA004888,LIVSMART_SP00,LIVSMART_SP00,SP00,null,69cb8cbb-e3e8-4478-94f1-d1762220c90c,e7b1412f-9857-4ba0-83c0-672ee6ecca96,2026-02-25T07:12:17.739Z,2026-02-25T07:12:17.751Z,1b71f31a00f16a6ef273619f789b12b24d738e9537dee48a9579a411337f6d31
BA013055,REFRESCO_100011123,REFRESCO_100011123,100011123,null,69cb8cbb-e3e8-4478-94f1-d1762220c90c,e7b1412f-9857-4ba0-83c0-672ee6ecca96,2026-02-25T07:12:17.739Z,2026-02-25T07:12:17.751Z,6a0a7af6a4acb49fdabcca91cb665cbb619e151f83504ddc62590d4faf427219
BA019115,LIVSMART_SP00,LIVSMART_SP00,SP00,null,69cb8cbb-e3e8-4478-94f1-d1762220c90c,e7b1412f-9857-4ba0-83c0-672ee6ecca96,2026-02-25T07:12:17.739Z,2026-02-25T07:12:17.751Z,37136c52d33255e7b714d0a3d9fe64a07bedd9aa78c4c1ba2258ed5c7b449527
421575,CFF_100009382,CFF_100009382,100009382,null,69cb8cbb-e3e8-4478-94f1-d1762220c90c,e7b1412f-9857-4ba0-83c0-672ee6ecca96,2026-02-25T07:12:17.739Z,2026-02-25T07:12:17.751Z,6f478b7098c7bb7359e0a3b14f88556c04d0e817515963d091277ea67e10abed
430801,FISA_100009700,FISA_100009700,100009700,null,69cb8cbb-e3e8-4478-94f1-d1762220c90c,e7b1412f-9857-4ba0-83c0-672ee6ecca96,2026-02-25T07:12:17.739Z,2026-02-25T07:12:17.751Z,e4ef1b63bb507c5dba63d2e85ac247dc82f61f0d149452ee8df1c5e4816e8fbb
AA761602,BROOKLYN BM_100011087,BROOKLYN BM_100011087,100011087,null,69cb8cbb-e3e8-4478-94f1-d1762220c90c,e7b1412f-9857-4ba0-83c0-672ee6ecca96,2026-02-25T07:12:17.739Z,2026-02-25T07:12:17.751Z,7c03ef18e479109f27343c2b885a5dab9796ab19bc7758593f9e369b2c77224f
BA010942,LIVSMART_SP00,LIVSMART_SP00,SP00,null,69cb8cbb-e3e8-4478-94f1-d1762220c90c,e7b1412f-9857-4ba0-83c0-672ee6ecca96,2026-02-25T07:12:17.739Z,2026-02-25T07:12:17.751Z,0439abdfc758565f4c33ed15f204a2733d80aa801f7560952e5dcd4481bdec5e
BA001214,LIVSMART_SP00,LIVSMART_SP00,SP00,null,69cb8cbb-e3e8-4478-94f1-d1762220c90c,e7b1412f-9857-4ba0-83c0-672ee6ecca96,2026-02-25T07:12:17.739Z,2026-02-25T07:12:17.751Z,c063f531f89b73825f3bc0c69f2b27d28dbddf599c18c9943ae9cbac767be5f7
AA648078,LIVSMART_SP00,LIVSMART_SP00,SP00,null,69cb8cbb-e3e8-4478-94f1-d1762220c90c,e7b1412f-9857-4ba0-83c0-672ee6ecca96,2026-02-25T07:12:17.739Z,2026-02-25T07:12:17.751Z,f2b3eb8d30552834634a1a4d40e677dabddc047d2a0947a0a7b7337fd0984333
BA019772,REFRESCO_100011123,REFRESCO_100011123,100011123,null,69cb8cbb-e3e8-4478-94f1-d1762220c90c,e7b1412f-9857-4ba0-83c0-672ee6ecca96,2026-02-25T07:12:17.739Z,2026-02-25T07:12:17.751Z,f276f346f723fdd98efa25c8ed1a315d6c2c125b831e73edb5333893d1995ff2
AA648079,LIVSMART_SP00,LIVSMART_SP00,SP00,null,69cb8cbb-e3e8-4478-94f1-d1762220c90c,e7b1412f-9857-4ba0-83c0-672ee6ecca96,2026-02-25T07:12:17.739Z,2026-02-25T07:12:17.751Z,2dc3e1ff3499483f42ce934dd32125f5ce59ac9a47ff0410ab5e56ef4cc9c62d
BA000781,REFRESCO_100011123,REFRESCO_100011123,100011123,null,69cb8cbb-e3e8-4478-94f1-d1762220c90c,e7b1412f-9857-4ba0-83c0-672ee6ecca96,2026-02-25T07:12:17.739Z,2026-02-25T07:12:17.751Z,a335c82bf0d14fe4085493806c0ce8159236dd40d40455745c9fc486bcb39c3d
435453,IFF_100010034,IFF_100010034,100010034,null,69cb8cbb-e3e8-4478-94f1-d1762220c90c,e7b1412f-9857-4ba0-83c0-672ee6ecca96,2026-02-25T07:12:17.739Z,2026-02-25T07:12:17.751Z,e18e2a0af25459b4ce7c29285b748dd7714da4bf368fdde6035ff0bb32633cf4
BA005471,LIVSMART_SP00,LIVSMART_SP00,SP00,null,69cb8cbb-e3e8-4478-94f1-d1762220c90c,e7b1412f-9857-4ba0-83c0-672ee6ecca96,2026-02-25T07:12:17.739Z,2026-02-25T07:12:17.751Z,cae709d9de20d90694be782288ca7976cd86a2cfe171532b0e5b90a9a3201504
BA018688,TESALIA_400000105,TESALIA_400000105,400000105,null,69cb8cbb-e3e8-4478-94f1-d1762220c90c,e7b1412f-9857-4ba0-83c0-672ee6ecca96,2026-02-25T07:12:17.739Z,2026-02-25T07:12:17.751Z,e5592bff24eee9cec8ee149808a3fb6bab04c325e1534d78c0a92f04bd763c45
44004728,GREAT VIEW_209134,GREAT VIEW_209134,209134,null,69cb8cbb-e3e8-4478-94f1-d1762220c90c,e7b1412f-9857-4ba0-83c0-672ee6ecca96,2026-02-25T07:12:17.739Z,2026-02-25T07:12:17.751Z,a67e22797e12e7cd2a4d7932128cc184de54b7f533beb03efa0dd95a05ff3df4
BA019658,LIVSMART_SP00,LIVSMART_SP00,SP00,null,69cb8cbb-e3e8-4478-94f1-d1762220c90c,e7b1412f-9857-4ba0-83c0-672ee6ecca96,2026-02-25T07:12:17.739Z,2026-02-25T07:12:17.751Z,44ede954c7d5a39c6405bdd8cd8e06c09da0e2171d6d326b7fd6714887c70bd0
AA648077,LIVSMART_SP00,LIVSMART_SP00,SP00,null,69cb8cbb-e3e8-4478-94f1-d1762220c90c,e7b1412f-9857-4ba0-83c0-672ee6ecca96,2026-02-25T07:12:17.739Z,2026-02-25T07:12:17.751Z,91fc84fc6bf6a20f57740878c6b52e1b1026e62956ec51d54152b8401e837eac
BA003864,LIVSMART_SP00,LIVSMART_SP00,SP00,null,69cb8cbb-e3e8-4478-94f1-d1762220c90c,e7b1412f-9857-4ba0-83c0-672ee6ecca96,2026-02-25T07:12:17.739Z,2026-02-25T07:12:17.751Z,ce2151e14993dc222198937b3a88b178ae375471d27ed2c1faed68b290be4167
BA021508,TESALIA_400000105,TESALIA_400000105,400000105,null,69cb8cbb-e3e8-4478-94f1-d1762220c90c,e7b1412f-9857-4ba0-83c0-672ee6ecca96,2026-02-25T07:12:17.739Z,2026-02-25T07:12:17.751Z,9c0437730b28d3e9190c82924a3b04cb1d279507d6ea22bb1523aa00d4c11a2c
BA000879,TESALIA_400000105,TESALIA_400000105,400000105,null,69cb8cbb-e3e8-4478-94f1-d1762220c90c,e7b1412f-9857-4ba0-83c0-672ee6ecca96,2026-02-25T07:12:17.739Z,2026-02-25T07:12:17.751Z,dde58660248806556251da231b94e448b2b8fb0862961883321cac134c65acd9
BA022910,LIVSMART_SP00,LIVSMART_SP00,SP00,null,69cb8cbb-e3e8-4478-94f1-d1762220c90c,e7b1412f-9857-4ba0-83c0-672ee6ecca96,2026-02-25T07:12:17.739Z,2026-02-25T07:12:17.751Z,7f190af6196dd862239663bc6522b481c0b944575f7a8f57e9651f36f127aa42
BA004905,LIVSMART_SP00,LIVSMART_SP00,SP00,null,69cb8cbb-e3e8-4478-94f1-d1762220c90c,e7b1412f-9857-4ba0-83c0-672ee6ecca96,2026-02-25T07:12:17.739Z,2026-02-25T07:12:17.751Z,24b1592094b67ccbe6702625fd5f92f97b6fd9302c32ef4f7d93eac3e8f4f3cb
435461,IFF_100010034,IFF_100010034,100010034,null,69cb8cbb-e3e8-4478-94f1-d1762220c90c,e7b1412f-9857-4ba0-83c0-672ee6ecca96,2026-02-25T07:12:17.739Z,2026-02-25T07:12:17.751Z,6b2cca14920bd102acd8f3c742066a4f20ef224550e2b656ae1ac976ec2ba26c
BA016866,LIVSMART_SP00,LIVSMART_SP00,SP00,null,69cb8cbb-e3e8-4478-94f1-d1762220c90c,e7b1412f-9857-4ba0-83c0-672ee6ecca96,2026-02-25T07:12:17.739Z,2026-02-25T07:12:17.751Z,1d911ae52287622b7bf19acd789d79bd23894880c6061bc2134f1c4879286674
AA348078,LIVSMART_SP00,LIVSMART_SP00,SP00,null,69cb8cbb-e3e8-4478-94f1-d1762220c90c,e7b1412f-9857-4ba0-83c0-672ee6ecca96,2026-02-25T07:12:17.739Z,2026-02-25T07:12:17.751Z,b9fe6ddd875661872e4b8a5fb8be3e34054ca0d74171b47039ccaeba83cdd4fd
430802,FISA_100009700,FISA_100009700,100009700,null,69cb8cbb-e3e8-4478-94f1-d1762220c90c,e7b1412f-9857-4ba0-83c0-672ee6ecca96,2026-02-25T07:12:17.739Z,2026-02-25T07:12:17.751Z,def0572045cbfe12710c870d4b702b467faeab78d3d72442917c2a2a85f8b70f
