material,id_producing_plant,cod_cliente,tipo_costo,mes,year,valor,integration_id,record_key_hash,execution_id,create_timestamp,last_updated_timestamp
AA780634,100010426,66301,FREIGHT,8,2026,1,AA780634~100010426~66301~FREIGHT~2026~8,9df9569ba00ba53544d5f75a4de89d6ff427f0e5adedd3c1cabc6393869b7e56,c51d6be6-a137-435f-be48-71f7a9500549,2026-02-20T14:16:34.884Z,2026-02-25T12:17:45.205Z
BA006841,SP00,66332,PRODUCTION FEE,6,2026,0,BA006841~SP00~66332~PRODUCTION FEE~2026~6,e0d9250dfb897370d4ac655798f6dbb9b50c5e0129bc713c472b0b4aac7c0a96,c51d6be6-a137-435f-be48-71f7a9500549,2026-02-20T14:16:34.884Z,2026-02-25T12:17:45.205Z
BA022674,GP00,66328,RAW MATERIALS,6,2026,0,BA022674~GP00~66328~RAW MATERIALS~2026~6,df5e92c8f258a3d7a5031edc9d8fe56e73705710db50e7be4f9a84367b2ce36e,c51d6be6-a137-435f-be48-71f7a9500549,2026-02-20T14:16:34.884Z,2026-02-25T12:17:45.205Z
BA018813,SP00,66332,PRODUCTION FEE,12,2026,0,BA018813~SP00~66332~PRODUCTION FEE~2026~12,5bb5c4bc72886064acd3f49d4109bf217020ee0fcbfe24faf385382e78d5e354,c51d6be6-a137-435f-be48-71f7a9500549,2026-02-20T14:16:34.884Z,2026-02-25T12:17:45.205Z
BA023305,GP00,66328,ESCENARIOS,1,2026,0,BA023305~GP00~66328~ESCENARIOS~2026~1,215a8df2325ca30fa87718a670fc933af68d33f2ec7f50e30cf9b84ef57beac4,c51d6be6-a137-435f-be48-71f7a9500549,2026-02-20T14:16:34.884Z,2026-02-25T12:17:45.205Z
BA021018,SP00,2060885,FREIGHT,2,2026,0,BA021018~SP00~2060885~FREIGHT~2026~2,2fb6e2a4a8f16d7636fc30de9481d46fba8ab2eea63ad29fb82735e034c361d2,c51d6be6-a137-435f-be48-71f7a9500549,2026-02-20T14:16:34.884Z,2026-02-25T12:17:45.205Z
BA017708,GP00,66274,PRODUCTION FEE,12,2026,1,BA017708~GP00~66274~PRODUCTION FEE~2026~12,7be19610883ae449d056838fefe907595ce7c9da1ead06a8791716689e39e1a8,c51d6be6-a137-435f-be48-71f7a9500549,2026-02-20T14:16:34.884Z,2026-02-25T12:17:45.205Z
BA020761,SP00,66274,FREIGHT,8,2026,1.0724041800438426,BA020761~SP00~66274~FREIGHT~2026~8,3292095a617577c612f80ce0afc500340722469de7d6f57c8ed56e07bffc92d7,c51d6be6-a137-435f-be48-71f7a9500549,2026-02-20T14:16:34.884Z,2026-02-25T12:17:45.205Z
BA007455,SP00,66624,ESCENARIOS,11,2026,0,BA007455~SP00~66624~ESCENARIOS~2026~11,b9c47c9dc87bd69f380886f289c8ebb347d185eba8a3b83193898f7b2df52c3e,c51d6be6-a137-435f-be48-71f7a9500549,2026-02-20T14:16:34.884Z,2026-02-25T12:17:45.205Z
BA019935,400000105,30001,RAW MATERIALS,10,2026,0,BA019935~400000105~30001~RAW MATERIALS~2026~10,ce948bce0dd191120afd86ed04fcd7e074a04c70b8f9dc857d94c249a2416c03,c51d6be6-a137-435f-be48-71f7a9500549,2026-02-20T14:16:34.884Z,2026-02-25T12:17:45.205Z
BA016508,SP00,2060885,STRATEGIC MATERIALS,10,2026,0,BA016508~SP00~2060885~STRATEGIC MATERIALS~2026~10,f166f5e1db943f2f4f26ab19196758a6e51da70eb5974016b876218b747372a5,c51d6be6-a137-435f-be48-71f7a9500549,2026-02-20T14:16:34.884Z,2026-02-25T12:17:45.205Z
AA780392,100010426,66317,RAW MATERIALS,12,2026,12.82,AA780392~100010426~66317~RAW MATERIALS~2026~12,a43a9842a86a9d8ec1eaabb0da060e2198dfab8cb196f7c0b8cbbbac4e8b328a,c51d6be6-a137-435f-be48-71f7a9500549,2026-02-20T14:16:34.884Z,2026-02-25T12:17:45.205Z
BA022099,100008711,68319,ESCENARIOS,9,2026,0,BA022099~100008711~68319~ESCENARIOS~2026~9,6916aaea72e0632f6d212ad0399109e5c17433ece1e92f425c1266479f107943,c51d6be6-a137-435f-be48-71f7a9500549,2026-02-20T14:16:34.884Z,2026-02-25T12:17:45.205Z
BA011263,GP00,2108340,PRODUCTION FEE,4,2026,1,BA011263~GP00~2108340~PRODUCTION FEE~2026~4,e399ab1e1d896ec47d649344846f55cd18450d958a63303abf8cda21bf4abccf,c51d6be6-a137-435f-be48-71f7a9500549,2026-02-20T14:16:34.884Z,2026-02-25T12:17:45.205Z
BA019170,SP00,66624,STRATEGIC MATERIALS,4,2026,0.8350779713202164,BA019170~SP00~66624~STRATEGIC MATERIALS~2026~4,78e383dd6278383312ea9172957975a03f7013ad4b1b430cca5c0c33b8b2aad4,c51d6be6-a137-435f-be48-71f7a9500549,2026-02-20T14:16:34.884Z,2026-02-25T12:17:45.205Z
AA778389,J001,66402,PRODUCTION FEE,7,2026,0,AA778389~J001~66402~PRODUCTION FEE~2026~7,a23eb62723f094ea51e1c4938d8f0d333a4fc240bcfe15ba92584eacac795ea1,c51d6be6-a137-435f-be48-71f7a9500549,2026-02-20T14:16:34.884Z,2026-02-25T12:17:45.205Z
BA019068,SP00,2060885,STRATEGIC MATERIALS,2,2026,0,BA019068~SP00~2060885~STRATEGIC MATERIALS~2026~2,0e839854f7c093a53f0e1a4ae51dc02ad949458fad4a7b43784684fb175c8f48,c51d6be6-a137-435f-be48-71f7a9500549,2026-02-20T14:16:34.884Z,2026-02-25T12:17:45.205Z
AA583077,SP00,66328,FREIGHT,5,2026,0,AA583077~SP00~66328~FREIGHT~2026~5,0d53bf69478b88fc312218da9c2c48deb23ce39112b051183e5e9c7b3341cbf4,c51d6be6-a137-435f-be48-71f7a9500549,2026-02-20T14:16:34.884Z,2026-02-25T12:17:45.205Z
BA024189,400000190,66336,ESCENARIOS,4,2026,0,BA024189~400000190~66336~ESCENARIOS~2026~4,0730d807a635366a3633bf8eea209b3f2bf3e4eae1990d056215faf42769952b,c51d6be6-a137-435f-be48-71f7a9500549,2026-02-20T14:16:34.884Z,2026-02-25T12:17:45.205Z
AA778389,J001,66402,RAW MATERIALS,1,2026,2.3248312078019504,AA778389~J001~66402~RAW MATERIALS~2026~1,2fb3ff2a935e274b232f96699bd5c06d7096b7aede0f53de30dcb18ff719be01,c51d6be6-a137-435f-be48-71f7a9500549,2026-02-20T14:16:34.884Z,2026-02-25T12:17:45.205Z
BA007458,SP00,68537,FREIGHT,5,2026,3.3173333333333335,BA007458~SP00~68537~FREIGHT~2026~5,049d782f0e27d539a7e8dee5ca7c431529407e53f4baa60e6f3bb78782c175db,c51d6be6-a137-435f-be48-71f7a9500549,2026-02-20T14:16:34.884Z,2026-02-25T12:17:45.205Z
AA760392,J001,66318,RAW MATERIALS,11,2026,6.456688733423498,AA760392~J001~66318~RAW MATERIALS~2026~11,975ea12ae96848ce1dd54e6d4400c5eb6b22ab69f4ebe713a33ac6d53a76261a,c51d6be6-a137-435f-be48-71f7a9500549,2026-02-20T14:16:34.884Z,2026-02-25T12:17:45.205Z
AA583077,SP00,66377,PRODUCTION FEE,3,2026,1.43,AA583077~SP00~66377~PRODUCTION FEE~2026~3,5dfbedc3e72132053ecd5cceb3988d9c50bc568f59fb246f2285eeb2393b5ab2,c51d6be6-a137-435f-be48-71f7a9500549,2026-02-20T14:16:34.884Z,2026-02-25T12:17:45.205Z
AA778389,J001,66402,STRATEGIC MATERIALS,2,2026,0,AA778389~J001~66402~STRATEGIC MATERIALS~2026~2,0d65a07c120e565315cc7ca71b9737a4898fdab896be560ec53da9e76aa0cb27,c51d6be6-a137-435f-be48-71f7a9500549,2026-02-20T14:16:34.884Z,2026-02-25T12:17:45.205Z
AA760601,J001,66318,ESCENARIOS,12,2026,0,AA760601~J001~66318~ESCENARIOS~2026~12,0a7c710f04732a70bf2e25ceb528120affaf7b452b0c0fb2019b5076a2a43fdf,c51d6be6-a137-435f-be48-71f7a9500549,2026-02-20T14:16:34.884Z,2026-02-25T12:17:45.205Z
BA006326,NP00,2060890,STRATEGIC MATERIALS,4,2026,0,BA006326~NP00~2060890~STRATEGIC MATERIALS~2026~4,56b8edd74f28c5ca00ea6a06d8007a38483056091e7535552925def1c675dbd9,c51d6be6-a137-435f-be48-71f7a9500549,2026-02-20T14:16:34.884Z,2026-02-25T12:17:45.205Z
BA011264,GP00,66274,STRATEGIC MATERIALS,3,2026,0,BA011264~GP00~66274~STRATEGIC MATERIALS~2026~3,9a65383f52dc4604fcddcb76b4e5081da365c5337265696c9b545c29e4fdaf26,c51d6be6-a137-435f-be48-71f7a9500549,2026-02-20T14:16:34.884Z,2026-02-25T12:17:45.205Z
BA022758,100008711,68195,STRATEGIC MATERIALS,1,2026,0,BA022758~100008711~68195~STRATEGIC MATERIALS~2026~1,029de149027aef04e6feb43aad77dc31d470410787fbc3c0d5fe8f6c3a3b4f3a,c51d6be6-a137-435f-be48-71f7a9500549,2026-02-20T14:16:34.884Z,2026-02-25T12:17:45.205Z
BA019934,400000105,30001,RAW MATERIALS,2,2026,0,BA019934~400000105~30001~RAW MATERIALS~2026~2,2277c988edd1928c693610c716d1116a13342c95c6c4be64b754009068d9ea60,c51d6be6-a137-435f-be48-71f7a9500549,2026-02-20T14:16:34.884Z,2026-02-25T12:17:45.205Z
BA005454,SP00,66303,FREIGHT,12,2026,3.0673333333333335,BA005454~SP00~66303~FREIGHT~2026~12,c434a3dd77a05d7b02d6a9a8f093253d81cc8c339485ab1dae7bb7a4364c43eb,c51d6be6-a137-435f-be48-71f7a9500549,2026-02-20T14:16:34.884Z,2026-02-25T12:17:45.205Z
AA004155,SP00,66332,RAW MATERIALS,4,2026,0,AA004155~SP00~66332~RAW MATERIALS~2026~4,c9a0e263f8c8ec59f0c97c403c01d25ab9a15e4bd27f3b12784e9968e5a91ad2,c51d6be6-a137-435f-be48-71f7a9500549,2026-02-20T14:16:34.884Z,2026-02-25T12:17:45.205Z
AA583077,SP00,66377,RAW MATERIALS,2,2026,4.824229415923432,AA583077~SP00~66377~RAW MATERIALS~2026~2,8f28d4ece28f02e16db4930ded09b6bcae8f4dfd72171351b6fb05ea2e20f7e7,c51d6be6-a137-435f-be48-71f7a9500549,2026-02-20T14:16:34.884Z,2026-02-25T12:17:45.205Z
BA021018,SP00,2060885,STRATEGIC MATERIALS,4,2026,0,BA021018~SP00~2060885~STRATEGIC MATERIALS~2026~4,22f9afa478c2c1da961cacbe26b09e759869949ac0b255fe1ec5add06575a71f,c51d6be6-a137-435f-be48-71f7a9500549,2026-02-20T14:16:34.884Z,2026-02-25T12:17:45.205Z
AA583079,SP00,66377,FREIGHT,7,2026,1.277342283914479,AA583079~SP00~66377~FREIGHT~2026~7,208b8acafb537b25e13b96288f492ef729f5440f98c9f35471b4a8477db41cfd,c51d6be6-a137-435f-be48-71f7a9500549,2026-02-20T14:16:34.884Z,2026-02-25T12:17:45.205Z
AA760389,J001,66318,PRODUCTION FEE,3,2026,0,AA760389~J001~66318~PRODUCTION FEE~2026~3,2198da713a2ca341f02f45c0893b0c867f187d24b1050535aba72bb752c83461,c51d6be6-a137-435f-be48-71f7a9500549,2026-02-20T14:16:34.884Z,2026-02-25T12:17:45.205Z
AA649622,SP00,66336,PRODUCTION FEE,7,2026,0,AA649622~SP00~66336~PRODUCTION FEE~2026~7,e0e5054955056fca4473a31806c21a9217bee135480e74a686d213cc113259cc,c51d6be6-a137-435f-be48-71f7a9500549,2026-02-20T14:16:34.884Z,2026-02-25T12:17:45.205Z
BA018813,SP00,2060890,RAW MATERIALS,10,2026,0,BA018813~SP00~2060890~RAW MATERIALS~2026~10,1c579da265ac1f487de1d1d171b7f25938bfe7001dfe32d4e9a8efde4a65e57c,c51d6be6-a137-435f-be48-71f7a9500549,2026-02-20T14:16:34.884Z,2026-02-25T12:17:45.205Z
BA005102,400000105,30001,RAW MATERIALS,4,2026,0,BA005102~400000105~30001~RAW MATERIALS~2026~4,38966ae16e36c5e83179e23fabe022e1410e66792a217857bc197bcdf09d26db,c51d6be6-a137-435f-be48-71f7a9500549,2026-02-20T14:16:34.884Z,2026-02-25T12:17:45.205Z
BA005211,400000105,30001,STRATEGIC MATERIALS,11,2026,0,BA005211~400000105~30001~STRATEGIC MATERIALS~2026~11,c6d37a7b21ab1fdd1ce821388c99422295a6ef31577f5d1e318a0f053972b69c,c51d6be6-a137-435f-be48-71f7a9500549,2026-02-20T14:16:34.884Z,2026-02-25T12:17:45.205Z
BA018488,152094,66336,ESCENARIOS,10,2026,0,BA018488~152094~66336~ESCENARIOS~2026~10,09c219e00d2a00992bb74dcc2c12cd3400ecad770ff1fcaa40302fca66cf1c0e,c51d6be6-a137-435f-be48-71f7a9500549,2026-02-20T14:16:34.884Z,2026-02-25T12:17:45.205Z
AA760392,J001,66301,RAW MATERIALS,4,2026,6.46,AA760392~J001~66301~RAW MATERIALS~2026~4,d9dea64bcfbf05b48744667ed345e4c4583e4fad608d0e57fe5a78473cbfe085,c51d6be6-a137-435f-be48-71f7a9500549,2026-02-20T14:16:34.884Z,2026-02-25T12:17:45.205Z
BA018278,SP00,66336,STRATEGIC MATERIALS,9,2026,0,BA018278~SP00~66336~STRATEGIC MATERIALS~2026~9,50cbca97aa0966c928dfe4db322d9fa5c3b92b1a6b5e3b3be188c8ee970445af,c51d6be6-a137-435f-be48-71f7a9500549,2026-02-20T14:16:34.884Z,2026-02-25T12:17:45.205Z
BA005455,SP00,66624,FREIGHT,12,2026,0.022,BA005455~SP00~66624~FREIGHT~2026~12,fe77aff22c9a2734abc8b622ac401863500a1154c82fc8251e09969f95e1777a,c51d6be6-a137-435f-be48-71f7a9500549,2026-02-20T14:16:34.884Z,2026-02-25T12:17:45.205Z
AA760600,100011087,66384,RAW MATERIALS,7,2026,0,AA760600~100011087~66384~RAW MATERIALS~2026~7,35815004ad7d754927447cbe80f104e26a1bacd3bd00d5cc6eee8e0d9af82357,c51d6be6-a137-435f-be48-71f7a9500549,2026-02-20T14:16:34.884Z,2026-02-25T12:17:45.205Z
AA034050,GP00,66332,STRATEGIC MATERIALS,7,2026,0,AA034050~GP00~66332~STRATEGIC MATERIALS~2026~7,50eb456ebc6d8fe74dabb2d22c2ffd27a3c912e5828eafa5caaa405bdc446529,c51d6be6-a137-435f-be48-71f7a9500549,2026-02-20T14:16:34.884Z,2026-02-25T12:17:45.205Z
BA000772,400000105,30001,ESCENARIOS,3,2026,0,BA000772~400000105~30001~ESCENARIOS~2026~3,3b96410d70ff10d0682af922f5ca3ae85c7a5996eb4e46008ae2dcd7272281ab,c51d6be6-a137-435f-be48-71f7a9500549,2026-02-20T14:16:34.884Z,2026-02-25T12:17:45.205Z
BA012769,400000105,30001,ESCENARIOS,9,2026,0,BA012769~400000105~30001~ESCENARIOS~2026~9,2ae2feb24858c8f18fe4a5d66d1984d13af1d97c9634eee53a9b3f57b1201760,c51d6be6-a137-435f-be48-71f7a9500549,2026-02-20T14:16:34.884Z,2026-02-25T12:17:45.205Z
BA011190,SP00,2108340,RAW MATERIALS,6,2026,2.650837455565958,BA011190~SP00~2108340~RAW MATERIALS~2026~6,e00dbddae7beea894d19f364a11ec4760185767f235e37c4d30bb3e49a08c555,c51d6be6-a137-435f-be48-71f7a9500549,2026-02-20T14:16:34.884Z,2026-02-25T12:17:45.205Z
BA021653,400000105,30001,STRATEGIC MATERIALS,6,2026,0,BA021653~400000105~30001~STRATEGIC MATERIALS~2026~6,cc1f7c096f7990500b044f6c02048c632422d6510539001634b82e312e4b9549,c51d6be6-a137-435f-be48-71f7a9500549,2026-02-20T14:16:34.884Z,2026-02-25T12:17:45.205Z
AA760601,J001,66402,RAW MATERIALS,10,2026,7.016979197443176,AA760601~J001~66402~RAW MATERIALS~2026~10,cf567d2cc5e9c335eb16a44de23333f3d1dfd86a3cec25b5a43b685026758e9b,c51d6be6-a137-435f-be48-71f7a9500549,2026-02-20T14:16:34.884Z,2026-02-25T12:17:45.205Z
AA004155,SP00,2060885,ESCENARIOS,7,2026,0,AA004155~SP00~2060885~ESCENARIOS~2026~7,9d3770a0c9e068ac0af0cb91d9b6b3207adb8841178f8f7471c62ea4f7094b23,c51d6be6-a137-435f-be48-71f7a9500549,2026-02-20T14:16:34.884Z,2026-02-25T12:17:45.205Z
BA007451,SP00,66378,FREIGHT,12,2026,2.474285714285714,BA007451~SP00~66378~FREIGHT~2026~12,0f31b0e9b3b55ce21f2ded4985763663260afd7ece765ea7f14da0b6e0eeb069,c51d6be6-a137-435f-be48-71f7a9500549,2026-02-20T14:16:34.884Z,2026-02-25T12:17:45.205Z
AA819392,J001,66402,RAW MATERIALS,12,2026,6.75,AA819392~J001~66402~RAW MATERIALS~2026~12,d82dfeca14ead341f449e62cbd73366e93e7aadd9b295b41a94e262cf87ad766,c51d6be6-a137-435f-be48-71f7a9500549,2026-02-20T14:16:34.884Z,2026-02-25T12:17:45.205Z
BA003863,SP00,2060885,FREIGHT,9,2026,0,BA003863~SP00~2060885~FREIGHT~2026~9,fea3462d7f2b5de33dfaaa7210640ec669e9ada0f519da775ce31196e46b8f1c,c51d6be6-a137-435f-be48-71f7a9500549,2026-02-20T14:16:34.884Z,2026-02-25T12:17:45.205Z
BA006326,NP00,2060890,RAW MATERIALS,8,2026,0,BA006326~NP00~2060890~RAW MATERIALS~2026~8,28bb07a624fd8e7d65baf662d004e03936cf4d3bbd96dc68f131a98245b3b78c,c51d6be6-a137-435f-be48-71f7a9500549,2026-02-20T14:16:34.884Z,2026-02-25T12:17:45.205Z
BA005993,400000105,30001,PRODUCTION FEE,6,2026,0,BA005993~400000105~30001~PRODUCTION FEE~2026~6,34ceb66da7cf66ea643ae2337e7c376db155afd8f1d915841ffd2fa83adc6d94,c51d6be6-a137-435f-be48-71f7a9500549,2026-02-20T14:16:34.884Z,2026-02-25T12:17:45.205Z
BA003863,SP00,66328,PRODUCTION FEE,6,2026,0,BA003863~SP00~66328~PRODUCTION FEE~2026~6,7573e961fd5c13127289cfc72f72657ac17623a7581267a18e9a1cf87d2b3008,c51d6be6-a137-435f-be48-71f7a9500549,2026-02-20T14:16:34.884Z,2026-02-25T12:17:45.205Z
AA130228,NP00,2060890,RAW MATERIALS,2,2026,0,AA130228~NP00~2060890~RAW MATERIALS~2026~2,09cbd817a240397448f448f532cf2430c144f8ca2879ef7a6ae6d1ec9eeeca9c,c51d6be6-a137-435f-be48-71f7a9500549,2026-02-20T14:16:34.884Z,2026-02-25T12:17:45.205Z
BA001842,NP00,2060890,STRATEGIC MATERIALS,6,2026,0,BA001842~NP00~2060890~STRATEGIC MATERIALS~2026~6,e5b61c87d5cca44a39177d651293c61799598a3a7f618e29699c370344c2b6df,c51d6be6-a137-435f-be48-71f7a9500549,2026-02-20T14:16:34.884Z,2026-02-25T12:17:45.205Z
BA005993,400000105,30001,PRODUCTION FEE,3,2026,0,BA005993~400000105~30001~PRODUCTION FEE~2026~3,841969359951ce7116fa341066309dfb01fb847e1f105b91501d488bb586ecd0,c51d6be6-a137-435f-be48-71f7a9500549,2026-02-20T14:16:34.884Z,2026-02-25T12:17:45.205Z
AA279081,SP00,66317,STRATEGIC MATERIALS,12,2026,0.47531060681947807,AA279081~SP00~66317~STRATEGIC MATERIALS~2026~12,4dac11950147793f4b5c3104821c6011ff51c791e8e96e4ef6816c2aeaea3532,c51d6be6-a137-435f-be48-71f7a9500549,2026-02-20T14:16:34.884Z,2026-02-25T12:17:45.205Z
BA003053,GP00,66328,ESCENARIOS,2,2026,0,BA003053~GP00~66328~ESCENARIOS~2026~2,f2aa988f19516aaaab09a716545009e7ff30efe5a654dcd066c9c42cafb8b2ba,c51d6be6-a137-435f-be48-71f7a9500549,2026-02-20T14:16:34.884Z,2026-02-25T12:17:45.205Z
BA019170,SP00,66274,STRATEGIC MATERIALS,5,2026,0.8350779713202164,BA019170~SP00~66274~STRATEGIC MATERIALS~2026~5,990dbe9d821bca553565c10895b579396b8ffd9b48db5e42b988f4f0864200db,c51d6be6-a137-435f-be48-71f7a9500549,2026-02-20T14:16:34.884Z,2026-02-25T12:17:45.205Z
AA648081,SP00,66336,ESCENARIOS,9,2026,0,AA648081~SP00~66336~ESCENARIOS~2026~9,c0b7a31cf11ca1746d18e0386d03c3a28068ca77d1f8953617e1209df14655f4,c51d6be6-a137-435f-be48-71f7a9500549,2026-02-20T14:16:34.884Z,2026-02-25T12:17:45.205Z
BA018685,400000105,30001,STRATEGIC MATERIALS,1,2026,0,BA018685~400000105~30001~STRATEGIC MATERIALS~2026~1,395886c39f98629e148a09b96385987bb57d9c4f9a28641dfcd8fd527e0fe1f3,c51d6be6-a137-435f-be48-71f7a9500549,2026-02-20T14:16:34.884Z,2026-02-25T12:17:45.205Z
BA004908,SP00,66624,ESCENARIOS,6,2026,0,BA004908~SP00~66624~ESCENARIOS~2026~6,9b3c81ddd12c39ee30416a3b7fad816a2f8519a34d4f6ed178837390f25a52c7,c51d6be6-a137-435f-be48-71f7a9500549,2026-02-20T14:16:34.884Z,2026-02-25T12:17:45.205Z
BA014321,400000105,30001,STRATEGIC MATERIALS,7,2026,0,BA014321~400000105~30001~STRATEGIC MATERIALS~2026~7,cdbce8739c904c1ad5c0889011d982a1905b8469e55070c36ed7e2ee425ea40a,c51d6be6-a137-435f-be48-71f7a9500549,2026-02-20T14:16:34.884Z,2026-02-25T12:17:45.205Z
BA012739,SP00,2060890,RAW MATERIALS,4,2026,0,BA012739~SP00~2060890~RAW MATERIALS~2026~4,e7b5b9781a6496182534c004eff0f3ffbae84fcd9e2e7203836b2c6d96b0d9e0,c51d6be6-a137-435f-be48-71f7a9500549,2026-02-20T14:16:34.884Z,2026-02-25T12:17:45.205Z
BA005471,SP00,66328,STRATEGIC MATERIALS,5,2026,0,BA005471~SP00~66328~STRATEGIC MATERIALS~2026~5,7520a33d9e9f3c995c3347dce90642adfc9a4a2df1a4152244ec0a6b7d0a017f,c51d6be6-a137-435f-be48-71f7a9500549,2026-02-20T14:16:34.884Z,2026-02-25T12:17:45.205Z
AA685006,GP00,2060885,RAW MATERIALS,3,2026,0,AA685006~GP00~2060885~RAW MATERIALS~2026~3,53e6d11fa046d909b8f780495a93d964ffd58e65c8802429cab4b3ee9013d828,c51d6be6-a137-435f-be48-71f7a9500549,2026-02-20T14:16:34.884Z,2026-02-25T12:17:45.205Z
BA007153,400000105,30001,RAW MATERIALS,7,2026,0,BA007153~400000105~30001~RAW MATERIALS~2026~7,17f62e1fae296fb07c43d69b3669771ef98860a29fdbad99aded8ed35ee389e0,c51d6be6-a137-435f-be48-71f7a9500549,2026-02-20T14:16:34.884Z,2026-02-25T12:17:45.205Z
BA007455,SP00,68537,ESCENARIOS,3,2026,0,BA007455~SP00~68537~ESCENARIOS~2026~3,2d51caf0ae4739aa59d9b9b1a2b300b5d3c20c062a5a6f6771e7841cbfa9455f,c51d6be6-a137-435f-be48-71f7a9500549,2026-02-20T14:16:34.884Z,2026-02-25T12:17:45.205Z
BA0266382,100011123,66385,PRODUCTION FEE,1,2026,0,BA0266382~100011123~66385~PRODUCTION FEE~2026~1,2a5a91c82d67a25f43e4f25651eecc34c9bec063e2fbe9d4ed60124de1d218f8,c51d6be6-a137-435f-be48-71f7a9500549,2026-02-20T14:16:34.884Z,2026-02-25T12:17:45.205Z
AA123108,SP00,66332,FREIGHT,4,2026,0,AA123108~SP00~66332~FREIGHT~2026~4,e92eba92bafec98edd8d20c4f7c5db804000bec45ed25dbe8ae520dcf3f6bf53,c51d6be6-a137-435f-be48-71f7a9500549,2026-02-20T14:16:34.884Z,2026-02-25T12:17:45.205Z
BA000221,400000105,30001,ESCENARIOS,3,2026,0,BA000221~400000105~30001~ESCENARIOS~2026~3,216c6496e7a9468c4d3b61d39f91a486d47103ca8c2eb0f8d10e8af4fd225ae1,c51d6be6-a137-435f-be48-71f7a9500549,2026-02-20T14:16:34.884Z,2026-02-25T12:17:45.205Z
AA065070,SP00,66378,PRODUCTION FEE,11,2026,1.13,AA065070~SP00~66378~PRODUCTION FEE~2026~11,267687a3e6977a753d8fc2b50b3dde380022276a04151311fe19a5daaace8f53,c51d6be6-a137-435f-be48-71f7a9500549,2026-02-20T14:16:34.884Z,2026-02-25T12:17:45.205Z
AA583391,J001,66402,RAW MATERIALS,2,2026,7.27,AA583391~J001~66402~RAW MATERIALS~2026~2,c59ad6c2efd2482bd6d245a908f496abb284405d8ef906e3da3fef28c24ce083,c51d6be6-a137-435f-be48-71f7a9500549,2026-02-20T14:16:34.884Z,2026-02-25T12:17:45.205Z
AA291209,SP00,66367,FREIGHT,11,2026,0.6295454545454545,AA291209~SP00~66367~FREIGHT~2026~11,ac1afe0492f207ddf58be4ea984cf659858fa28d12e8e8319f655aa06b4ba0a9,c51d6be6-a137-435f-be48-71f7a9500549,2026-02-20T14:16:34.884Z,2026-02-25T12:17:45.205Z
BA006401,SP00,66367,RAW MATERIALS,8,2026,3.4382074400860057,BA006401~SP00~66367~RAW MATERIALS~2026~8,abfc2fed04a856b0c2f8cfeb20a0e0fa66bd74f2c33d68aaf2e79c7d26bb5f11,c51d6be6-a137-435f-be48-71f7a9500549,2026-02-20T14:16:34.884Z,2026-02-25T12:17:45.205Z
BA013905,400000105,30001,STRATEGIC MATERIALS,6,2026,0,BA013905~400000105~30001~STRATEGIC MATERIALS~2026~6,d1f2dcd53cba4e948e45751d008904d310a984d530f8bf5d436801c808752eeb,c51d6be6-a137-435f-be48-71f7a9500549,2026-02-20T14:16:34.884Z,2026-02-25T12:17:45.205Z
BA019928,400000105,30001,ESCENARIOS,3,2026,0,BA019928~400000105~30001~ESCENARIOS~2026~3,169bb10cd044c88cb57a8d7482d1aae81120691405d0926ac416d4baa8bba54b,c51d6be6-a137-435f-be48-71f7a9500549,2026-02-20T14:16:34.884Z,2026-02-25T12:17:45.205Z
BA017961,SP00,66336,PRODUCTION FEE,12,2026,0,BA017961~SP00~66336~PRODUCTION FEE~2026~12,acfc0500fadf9a23ba091682447c0cf2f57dbdd79a91b8112fb20406f290bb7c,c51d6be6-a137-435f-be48-71f7a9500549,2026-02-20T14:16:34.884Z,2026-02-25T12:17:45.205Z
BA007317,SP00,2060885,RAW MATERIALS,11,2026,0,BA007317~SP00~2060885~RAW MATERIALS~2026~11,75f4cad3319538a598ed6cda166a2d3274627ab316d170c6fdb08596e44abb4c,c51d6be6-a137-435f-be48-71f7a9500549,2026-02-20T14:16:34.884Z,2026-02-25T12:17:45.205Z
BA018371,400000105,30001,PRODUCTION FEE,10,2026,0,BA018371~400000105~30001~PRODUCTION FEE~2026~10,b6a34136899548631b7ba485ea7eae57a1ecb034c12ede56ed9dee8a0e2e5ce3,c51d6be6-a137-435f-be48-71f7a9500549,2026-02-20T14:16:34.884Z,2026-02-25T12:17:45.205Z
BA005702,400000105,30001,RAW MATERIALS,1,2026,0,BA005702~400000105~30001~RAW MATERIALS~2026~1,00b2e68be3ab16be615a65540011d1089ae1051c644d2e56d88e7990280ba963,c51d6be6-a137-435f-be48-71f7a9500549,2026-02-20T14:16:34.884Z,2026-02-25T12:17:45.205Z
BA017078,400000105,30001,STRATEGIC MATERIALS,10,2026,0,BA017078~400000105~30001~STRATEGIC MATERIALS~2026~10,5c65861d6b0fe2ce0142c39bdf9808ec0530d7cbb3edf0961c89bd073ef78229,c51d6be6-a137-435f-be48-71f7a9500549,2026-02-20T14:16:34.884Z,2026-02-25T12:17:45.205Z
AA251190,SP00,2067820,ESCENARIOS,9,2026,0,AA251190~SP00~2067820~ESCENARIOS~2026~9,b1b2405e98d79baa82f715f6c6b2656fd041da57ff39ff983e0b5ec957fa4661,c51d6be6-a137-435f-be48-71f7a9500549,2026-02-20T14:16:34.884Z,2026-02-25T12:17:45.205Z
BA005455,SP00,66624,RAW MATERIALS,4,2026,5.05411565941502,BA005455~SP00~66624~RAW MATERIALS~2026~4,f2757e574a39082664c7df2e39a684cf52d919c96d239315633c98bba28f3b13,c51d6be6-a137-435f-be48-71f7a9500549,2026-02-20T14:16:34.884Z,2026-02-25T12:17:45.205Z
BA017882,NP00,2060890,FREIGHT,3,2026,0,BA017882~NP00~2060890~FREIGHT~2026~3,73c182b0cbd7189e06bd75c0c6668ed2f80883499cff666dea3eb94a2874f5b8,c51d6be6-a137-435f-be48-71f7a9500549,2026-02-20T14:16:34.884Z,2026-02-25T12:17:45.205Z
BA000087,400000105,30001,ESCENARIOS,6,2026,0,BA000087~400000105~30001~ESCENARIOS~2026~6,bf5fdbc8eaef43988afe4536244a76a00812a4534e8be0b4ff28f14645724b6e,c51d6be6-a137-435f-be48-71f7a9500549,2026-02-20T14:16:34.884Z,2026-02-25T12:17:45.205Z
BA000255,400000105,30001,PRODUCTION FEE,9,2026,0,BA000255~400000105~30001~PRODUCTION FEE~2026~9,16fc091f764372ee3c1c5e2b14a973fbad1ad46dc233e5d053332a2e29b5aa3a,c51d6be6-a137-435f-be48-71f7a9500549,2026-02-20T14:16:34.884Z,2026-02-25T12:17:45.205Z
BA004887,SP00,66274,RAW MATERIALS,12,2026,3.2594701574245084,BA004887~SP00~66274~RAW MATERIALS~2026~12,d25fd024cf16652c2fef37ad68a36d29a81600752d5e1e15f6bf2be95099e8fc,c51d6be6-a137-435f-be48-71f7a9500549,2026-02-20T14:16:34.884Z,2026-02-25T12:17:45.205Z
BA005330,SP00,66825,RAW MATERIALS,9,2026,5.292933163686097,BA005330~SP00~66825~RAW MATERIALS~2026~9,2b4de2fc67bf1d18064dd6dd37ba4b614d19bb56c8009dbdce17b6e5af272dd7,c51d6be6-a137-435f-be48-71f7a9500549,2026-02-20T14:16:34.884Z,2026-02-25T12:17:45.205Z
AA066081,SP00,66328,STRATEGIC MATERIALS,2,2026,0,AA066081~SP00~66328~STRATEGIC MATERIALS~2026~2,d9ee48a11cd21b902b28c6895a22c4b23d56f23ba0c43c068d11fd8837b1cf06,c51d6be6-a137-435f-be48-71f7a9500549,2026-02-20T14:16:34.884Z,2026-02-25T12:17:45.205Z
BA021505,400000105,30001,PRODUCTION FEE,1,2026,0,BA021505~400000105~30001~PRODUCTION FEE~2026~1,7cb1685e7775818c48c66df7412895d022ea86241139b16832f1189ffc55ccc7,c51d6be6-a137-435f-be48-71f7a9500549,2026-02-20T14:16:34.884Z,2026-02-25T12:17:45.205Z
BA021506,400000105,30001,RAW MATERIALS,1,2026,0,BA021506~400000105~30001~RAW MATERIALS~2026~1,30175e1b9afa0a631836f0c3896dc4231f9659c8b6d10c4a58d66599b6bcb6c7,c51d6be6-a137-435f-be48-71f7a9500549,2026-02-20T14:16:34.884Z,2026-02-25T12:17:45.205Z
AA279145,SP00,66317,ESCENARIOS,6,2026,0,AA279145~SP00~66317~ESCENARIOS~2026~6,83c1a78871bb2d8e20bd3a6008ab3228a732113bc340ec84d7c8cb9316ebae04,c51d6be6-a137-435f-be48-71f7a9500549,2026-02-20T14:16:34.884Z,2026-02-25T12:17:45.205Z
AA648079,SP00,66336,RAW MATERIALS,2,2026,0,AA648079~SP00~66336~RAW MATERIALS~2026~2,1d635e7ead2713b372c16d32f0b5e3484e22581ba1c65167df6845a67271b0e1,c51d6be6-a137-435f-be48-71f7a9500549,2026-02-20T14:16:34.884Z,2026-02-25T12:17:45.205Z
AA583078,SP00,66328,PRODUCTION FEE,8,2026,0,AA583078~SP00~66328~PRODUCTION FEE~2026~8,f4e663a7f7d472394cc8168103b6489f2b0613da40d3adbf29e36312ff1eb99d,c51d6be6-a137-435f-be48-71f7a9500549,2026-02-20T14:16:34.884Z,2026-02-25T12:17:45.205Z
BA017304,SP00,66367,PRODUCTION FEE,10,2026,1.37,BA017304~SP00~66367~PRODUCTION FEE~2026~10,53518d1251039b5cb4f4a01621c8b2f92fea5a216888804633a6fcbe520ad143,c51d6be6-a137-435f-be48-71f7a9500549,2026-02-20T14:16:34.884Z,2026-02-25T12:17:45.205Z
